start_year,rule,mechanism,calculated,v11_2,status
2020,R00,maintain,1.4931396895893965,1.4931396895893965,OK
2020,R00,renew,2.041233070120862,2.041233070120862,OK
2020,R03,maintain,1.363945228589245,1.363945228589245,OK
2020,R03,renew,2.651978290975356,2.651978290975356,OK
2020,R16,maintain,1.2685307465118707,1.2685307465118707,OK
2020,R16,renew,2.4818940532445746,2.4818940532445746,OK
2021,R00,maintain,1.8253562955886342,1.8253562955886342,OK
2021,R00,renew,1.9315525909324935,1.9315525909324935,OK
2021,R03,maintain,2.609826440937715,2.609826440937715,OK
2021,R03,renew,1.804015439848257,1.804015439848257,OK
2021,R16,maintain,2.609826440937715,2.609826440937715,OK
2021,R16,renew,1.4302496929305861,1.4302496929305861,OK
2022,R00,maintain,1.1888759558322421,1.1888759558322421,OK
2022,R00,renew,1.44893687510167,1.44893687510167,OK
2022,R03,maintain,1.5584834401756544,1.5584834401756544,OK
2022,R03,renew,1.5656880412029528,1.5656880412029528,OK
2022,R16,maintain,1.040184411122572,1.040184411122572,OK
2022,R16,renew,1.2243051133912193,1.2243051133912193,OK
2023,R00,maintain,1.1790744554718868,1.1790744554718868,OK
2023,R00,renew,1.0040599642831936,1.0040599642831936,OK
2023,R03,maintain,0.8452489690471328,0.8452489690471328,OK
2023,R03,renew,0.8929030028775284,0.8929030028775284,OK
2023,R16,maintain,0.6366480535228716,0.6366480535228716,OK
2023,R16,renew,0.7536464294778935,0.7536464294778935,OK
2024,R00,maintain,0.7147006859386438,0.7147006859386438,OK
2024,R00,renew,0.7376276018168053,0.7376276018168053,OK
2024,R03,maintain,0.5630508376883108,0.5630508376883108,OK
2024,R03,renew,0.7132815068847813,0.7132815068847813,OK
2024,R16,maintain,0.5050673928722058,0.5050673928722058,OK
2024,R16,renew,0.607421497753772,0.607421497753772,OK
2025,R00,maintain,0.18266397510187482,0.18266397510187482,OK
2025,R00,renew,0.18266397510187482,0.18266397510187482,OK
2025,R03,maintain,0.30616075689403943,0.30616075689403943,OK
2025,R03,renew,0.30616075689403943,0.30616075689403943,OK
2025,R16,maintain,0.25777016117281937,0.25777016117281937,OK
2025,R16,renew,0.25777016117281937,0.25777016117281937,OK
