start_year,rule,period_year,end,nav,cash,period_return,cumulative_return
2020,R00,2020,2021-06-30,10374.321264244816,0.0,0.03743212642448168,0.03743212642448168
2020,R00,2021,2022-06-30,11564.701583744396,0.0,0.11474295900226594,0.15647015837443967
2020,R00,2022,2023-06-30,13476.860893951718,0.0,0.1653444575599854,0.34768608939517187
2020,R00,2023,2024-06-28,16422.247850083866,2836.8042939732,0.21855141039958403,0.6422247850083866
2020,R00,2024,2025-06-30,19849.856600339655,2836.8042939732,0.2087173924998511,0.9849856600339655
2020,R00,2025,2026-06-30,24904.668970972256,2836.8042939732,0.25465233691139644,1.4904668970972255
2020,R03,2020,2021-06-30,13024.536498636313,0.0,0.3024536498636312,0.3024536498636312
2020,R03,2021,2022-06-30,12238.75717354258,0.0,-0.060330693931104906,0.22387571735425804
2020,R03,2022,2023-06-30,15577.999483906862,0.0,0.27284161806747553,0.5577999483906861
2020,R03,2023,2024-06-28,16971.06582467282,1891.2028626488004,0.0894252398843054,0.697106582467282
2020,R03,2024,2025-06-30,19757.49101125629,1891.2028626488004,0.16418681156327364,0.975749101125629
2020,R03,2025,2026-06-30,23623.941574861383,1891.2028626488006,0.19569542313861055,1.3623941574861385
2020,R16,2020,2021-06-30,14322.637763774641,0.0,0.43226377637746416,0.43226377637746416
2020,R16,2021,2022-06-30,12768.297536612337,0.0,-0.10852332180693702,0.27682975366123364
2020,R16,2022,2023-06-30,16156.19136874831,0.0,0.26533637882586825,0.6156191368748309
2020,R16,2023,2024-06-28,17448.559458188527,1215.7732688456572,0.0799921256157008,0.7448559458188526
2020,R16,2024,2025-06-30,19218.045580624912,1215.7732688456572,0.10141158796957161,0.9218045580624912
2020,R16,2025,2026-06-30,22662.873037337416,1215.7732688456572,0.17924962464369854,1.2662873037337414
2021,R00,2021,2022-06-30,11970.115521926638,0.0,0.19701155219266386,0.19701155219266386
2021,R00,2022,2023-06-30,15400.095902587946,0.0,0.28654530312412874,0.5400095902587945
2021,R00,2023,2024-06-28,16947.244627192453,5307.77725231174,0.10046357726541899,0.6947244627192453
2021,R00,2024,2025-06-30,23374.914689939866,5307.77725231174,0.3792752275749882,1.3374914689939867
2021,R00,2025,2026-06-30,28253.562955886344,5307.77725231174,0.20871298700594432,1.8253562955886342
2021,R03,2021,2022-06-30,10926.716024353174,0.0,0.09267160243531736,0.09267160243531736
2021,R03,2022,2023-06-30,15470.384653238209,0.0,0.4158311260911536,0.5470384653238209
2021,R03,2023,2024-06-28,17323.20170331134,3980.832939233806,0.11976541576717081,0.7323201703311342
2021,R03,2024,2025-06-30,24158.173626935328,3980.8329392338055,0.3945559279793802,1.4158173626935326
2021,R03,2025,2026-06-30,36098.26440937715,3980.832939233806,0.49424641807893677,2.609826440937715
2021,R16,2021,2022-06-30,10926.716024353174,0.0,0.09267160243531736,0.09267160243531736
2021,R16,2022,2023-06-30,15470.384653238209,0.0,0.4158311260911536,0.5470384653238209
2021,R16,2023,2024-06-28,17323.20170331134,3980.832939233806,0.11976541576717081,0.7323201703311342
2021,R16,2024,2025-06-30,24158.173626935328,3980.8329392338055,0.3945559279793802,1.4158173626935326
2021,R16,2025,2026-06-30,36098.26440937715,3980.832939233806,0.49424641807893677,2.609826440937715
2022,R00,2022,2023-06-30,12218.881555072661,0.0,0.22188815550726604,0.22188815550726604
2022,R00,2023,2024-06-28,14482.659236343869,1379.5343025711616,0.1852688129488742,0.4482659236343869
2022,R00,2024,2025-06-30,20118.663756987076,1379.5343025711622,0.38915536357437697,1.0118663756987076
2022,R00,2025,2026-06-30,21888.75955832242,1379.5343025711622,0.08798277175444125,1.1888759558322421
2022,R03,2022,2023-06-30,13556.232706259689,0.0,0.35562327062596877,0.35562327062596877
2022,R03,2023,2024-06-28,15516.832778039596,886.8434802243182,0.14462720685479136,0.5516832778039595
2022,R03,2024,2025-06-30,20888.40008517483,886.8434802243185,0.34617678645976113,1.088840008517483
2022,R03,2025,2026-06-30,25573.617187865904,886.8434802243183,0.22429755671025853,1.5573617187865905
2022,R16,2022,2023-06-30,12686.950206441838,0.0,0.2686950206441838,0.2686950206441838
2022,R16,2023,2024-06-28,13938.476223165746,689.7671512855807,0.09864671937377367,0.39384762231657455
2022,R16,2024,2025-06-30,17367.460286857,689.7671512855804,0.24600853126199573,0.7367460286856999
2022,R16,2025,2026-06-30,20379.40968344443,689.7671512855804,0.1734248615997558,1.0379409683444432
2023,R00,2023,2024-06-28,11533.945082171223,0.0,0.15339450821712242,0.15339450821712242
2023,R00,2024,2025-06-30,18245.309485800273,0.0,0.5818793444753996,0.8245309485800274
2023,R00,2025,2026-06-30,21790.74455471887,0.0,0.19432035788035784,1.1790744554718868
2023,R03,2023,2024-06-28,11044.802922696252,0.0,0.10448029226962507,0.10448029226962507
2023,R03,2024,2025-06-30,14075.843718357537,0.0,0.27443140605367633,0.4075843718357537
2023,R03,2025,2026-06-30,18441.272476580685,0.0,0.31013620537217323,0.8441272476580686
2023,R16,2023,2024-06-28,10899.833955194475,0.0,0.08998339551944756,0.08998339551944756
2023,R16,2024,2025-06-30,12897.541296224252,0.0,0.1832786948169738,0.2897541296224251
2023,R16,2025,2026-06-30,16344.04610744743,0.0,0.26722184733241683,0.634404610744743
2024,R00,2024,2025-06-30,14686.415005308205,0.0,0.46864150053082043,0.46864150053082043
2024,R00,2025,2026-06-30,17138.4198651056,0.0,0.16695734520038763,0.7138419865105599
2024,R03,2024,2025-06-30,13113.89043005225,0.0,0.3113890430052251,0.3113890430052251
2024,R03,2025,2026-06-30,15626.214879742689,0.0,0.1915773555598046,0.5626214879742688
2024,R16,2024,2025-06-30,12776.893893372471,0.0,0.2776893893372472,0.2776893893372472
2024,R16,2025,2026-06-30,15046.38043158164,0.0,0.17762427685075943,0.5046380431581641
2025,R00,2025,2026-06-30,11826.639751018747,0.0,0.18266397510187482,0.18266397510187482
2025,R03,2025,2026-06-30,13061.607568940393,0.0,0.30616075689403943,0.30616075689403943
2025,R16,2025,2026-06-30,12577.701611728193,0.0,0.25777016117281937,0.25777016117281937
