year,strategy,scenario,mechanism,experiment,central_return,low_return,high_return,delta_vs_v9_pp
2020,B00,central,annual,v9,0.07619679840685714,0.07619679840685714,0.07619679840685714,0.0
2020,B00,central,annual,v12_partial,0.07619674196632956,0.07619674196632956,0.07619674196632956,-5.644052758491114e-06
2020,B00,central,annual,isolated_PSSA3,0.07619687079030638,0.07619687079030638,0.07619687079030638,7.2383449234436625e-06
2020,B00,central,annual,isolated_TIM,0.07619669339492445,0.07619669339492445,0.07619669339492445,-1.0501193269119025e-05
2020,B00,central,annual,isolated_VIVT,0.07619681369234525,0.07619681369234525,0.07619681369234525,1.5285488111360657e-06
2020,B00,central,annual,isolated_SAPR4,0.07619664955271656,0.07619664955271656,0.07619664955271656,-1.4885414058307678e-05
2020,B00,central,annual,v13_four,0.0761966322097212,0.0761966322097212,0.0761966322097212,-1.6619713594234753e-05
2020,B00,central,annual,v12_plus_v13,0.07619657576919361,0.07619657576919361,0.07619657576919361,-2.2263766352725867e-05
2020,B00,central,maintain,v9,1.1348112093869411,1.1024281237425786,1.1676281695985622,0.0
2020,B00,central,maintain,v12_partial,1.131349109954343,1.103295438695087,1.1597881277746318,-0.3462099432598231
2020,B00,central,maintain,isolated_PSSA3,1.1383054801917558,1.1075046957756154,1.1695252329585903,0.3494270804814681
2020,B00,central,maintain,isolated_TIM,1.1354005395034779,1.104732116651778,1.1664807080712787,0.058933011653672374
2020,B00,central,maintain,isolated_VIVT,1.1370060018196466,1.106079274798237,1.1683492327332166,0.21947924327054835
2020,B00,central,maintain,isolated_SAPR4,1.1387464950327557,1.107296060157362,1.1706213752097965,0.3935285645814579
2020,B00,central,maintain,v13_four,1.1450248883868124,1.118327776155257,1.1720920401771953,1.0213678999871245
2020,B00,central,maintain,v12_plus_v13,1.1415627889542141,1.1191950911077655,1.1642519983532649,0.6751579567273014
2020,B00,conservative,annual,v9,0.07442502472011765,0.07442502472011765,0.07442502472011765,0.0
2020,B00,conservative,annual,v12_partial,0.07442495499946508,0.07442495499946508,0.07442495499946508,-6.9720652570715025e-06
2020,B00,conservative,annual,isolated_PSSA3,0.0744251141349667,0.0744251141349667,0.0744251141349667,8.941484905267139e-06
2020,B00,conservative,annual,isolated_TIM,0.07442489499949491,0.07442489499949491,0.07442489499949491,-1.2972062274352325e-05
2020,B00,conservative,annual,isolated_VIVT,0.0744250436021912,0.0744250436021912,0.0744250436021912,1.8882073543613487e-06
2020,B00,conservative,annual,isolated_SAPR4,0.0744248408414734,0.0744248408414734,0.0744248408414734,-1.8387864425539746e-05
2020,B00,conservative,annual,v13_four,0.07442481941777325,0.07442481941777325,0.07442481941777325,-2.0530234440263584e-05
2020,B00,conservative,annual,v12_plus_v13,0.07442474969712069,0.07442474969712069,0.07442474969712069,-2.7502299695947308e-05
2020,B00,conservative,maintain,v9,0.9807226564291657,0.9511034990423876,1.010730168093742,0.0
2020,B00,conservative,maintain,v12_partial,0.9858962505452629,0.9597707072745222,1.0123616538341607,0.5173594116097191
2020,B00,conservative,maintain,isolated_PSSA3,0.9850391085998191,0.9573745586126096,1.0130735993031883,0.4316452170653462
2020,B00,conservative,maintain,isolated_TIM,0.9814506524554756,0.9539496079302222,1.0093127156188624,0.07279960263099072
2020,B00,conservative,maintain,isolated_VIVT,0.9834338706107429,0.9556137444640833,1.0116208931424326,0.27112141815772706
2020,B00,conservative,maintain,isolated_SAPR4,0.9855838916387013,0.9571168322606495,1.0144276573782076,0.48612352095356304
2020,B00,conservative,maintain,v13_four,0.9933395540172419,0.9707442461404021,1.016244361161465,1.261689758807627
2020,B00,conservative,maintain,v12_plus_v13,0.9985131481333391,0.9794114543725368,1.0178758469018838,1.7790491704173461
2020,B00S,central,annual,v9,-0.01697689827124444,-0.01697689827124444,-0.01697689827124444,0.0
2020,B00S,central,annual,v12_partial,-0.01697701679634707,-0.01697701679634707,-0.01697701679634707,-1.1852510262838623e-05
2020,B00S,central,annual,isolated_PSSA3,-0.016976746266001052,-0.016976746266001052,-0.016976746266001052,1.5200524338884747e-05
2020,B00S,central,annual,isolated_TIM,-0.0169771187963031,-0.0169771187963031,-0.0169771187963031,-2.205250586584384e-05
2020,B00S,central,annual,isolated_VIVT,-0.01697686617171941,-0.01697686617171941,-0.01697686617171941,3.209952503108182e-06
2020,B00S,central,annual,isolated_SAPR4,-0.016977210864939675,-0.016977210864939675,-0.016977210864939675,-3.125936952341757e-05
2020,B00S,central,annual,v13_four,-0.016977247285229917,-0.016977247285229917,-0.016977247285229917,-3.4901398547615425e-05
2020,B00S,central,annual,v12_plus_v13,-0.01697736581033255,-0.01697736581033255,-0.01697736581033255,-4.675390881080099e-05
2020,B00S,central,maintain,v9,1.2299622026737436,1.1970458535651318,1.263296254034634,0.0
2020,B00S,central,maintain,v12_partial,1.222691793865287,1.197941127320545,1.2477615774221409,-0.727040880845653
2020,B00S,central,maintain,isolated_PSSA3,1.2373001713638543,1.2077066548345095,1.2672800870906928,0.7337968690110719
2020,B00S,central,maintain,isolated_TIM,1.2311997959184704,1.2018842386744508,1.2608865848273385,0.12375932447268312
2020,B00S,central,maintain,isolated_VIVT,1.234571266782425,1.204713270782015,1.264810486617408,0.4609064108681338
2020,B00S,central,maintain,isolated_SAPR4,1.238226302529954,1.2072685200361772,1.2695819858182256,0.8264099856210461
2020,B00S,central,maintain,v13_four,1.2514109285734731,1.2304351236317568,1.2726703822497631,2.144872589972957
2020,B00S,central,maintain,v12_plus_v13,1.2441405197650168,1.2313303973871697,1.2571357056372703,1.4178317091273263
2020,B00S,conservative,annual,v9,-0.022975502687366665,-0.022975502687366665,-0.022975502687366665,0.0
2020,B00S,conservative,annual,v12_partial,-0.022975621212471493,-0.022975621212471493,-0.022975621212471493,-1.185251048280156e-05
2020,B00S,conservative,annual,isolated_PSSA3,-0.022975350682123277,-0.022975350682123277,-0.022975350682123277,1.5200524338884747e-05
2020,B00S,conservative,annual,isolated_TIM,-0.022975723212425324,-0.022975723212425324,-0.022975723212425324,-2.205250586584384e-05
2020,B00S,conservative,annual,isolated_VIVT,-0.022975470587841634,-0.022975470587841634,-0.022975470587841634,3.209952503108182e-06
2020,B00S,conservative,annual,isolated_SAPR4,-0.022976127874757134,-0.022976127874757134,-0.022976127874757134,-6.251873904683514e-05
2020,B00S,conservative,annual,v13_four,-0.022976164295047376,-0.022976164295047376,-0.022976164295047376,-6.6160768071033e-05
2020,B00S,conservative,annual,v12_plus_v13,-0.022976282820152204,-0.022976282820152204,-0.022976282820152204,-7.801327855383455e-05
2020,B00S,conservative,maintain,v9,1.0081694330764317,0.9783006745761922,1.0384195408544938,0.0
2020,B00S,conservative,maintain,v12_partial,1.016964543073797,0.9922411391609457,1.0419897047998583,0.8795109997365325
2020,B00S,conservative,maintain,isolated_PSSA3,1.0155074017665424,0.9889614758455697,1.0424033739105527,0.7337968690110719
2020,B00S,conservative,maintain,isolated_TIM,1.0094070263211585,0.9831390596855112,1.0360098716471986,0.12375932447268312
2020,B00S,conservative,maintain,isolated_VIVT,1.012778497185113,0.9859680917930751,1.039933773437268,0.4609064108681338
2020,B00S,conservative,maintain,isolated_SAPR4,1.0246976327888528,0.9987460075182829,1.050991004421677,1.6528199712421143
2020,B00S,conservative,maintain,v13_four,1.0378822588323717,1.0219126111138623,1.0540794008532148,2.971282575594003
2020,B00S,conservative,maintain,v12_plus_v13,1.046677368829737,1.0358530756986157,1.057649564798579,3.8507935753305356
2020,B06,central,annual,v9,-0.011389067083142851,-0.011389067083142851,-0.011389067083142851,0.0
2020,B06,central,annual,v12_partial,-0.011389236404717942,-0.011389236404717942,-0.011389236404717942,-1.693215750907251e-05
2020,B06,central,annual,isolated_PSSA3,-0.011389067083142851,-0.011389067083142851,-0.011389067083142851,0.0
2020,B06,central,annual,isolated_TIM,-0.011389067083142851,-0.011389067083142851,-0.011389067083142851,0.0
2020,B06,central,annual,isolated_VIVT,-0.011389021226678524,-0.011389021226678524,-0.011389021226678524,4.585646432714308e-06
2020,B06,central,annual,isolated_SAPR4,-0.011389513645564614,-0.011389513645564614,-0.011389513645564614,-4.465624217631081e-05
2020,B06,central,annual,v13_four,-0.011389467789100287,-0.011389467789100287,-0.011389467789100287,-4.0070595743596504e-05
2020,B06,central,annual,v12_plus_v13,-0.011389637110675378,-0.011389637110675378,-0.011389637110675378,-5.7002753252669014e-05
2020,B06,central,maintain,v9,0.9267043232266114,0.8946359021280605,0.9592356444797284,0.0
2020,B06,central,maintain,v12_partial,0.9392687660799905,0.9139838590992257,0.964904905963572,1.2564442853379099
2020,B06,central,maintain,isolated_PSSA3,0.9267043232266114,0.8946359021280605,0.9592356444797284,0.0
2020,B06,central,maintain,isolated_TIM,0.9267043232266114,0.8946359021280605,0.9592356444797284,0.0
2020,B06,central,maintain,isolated_VIVT,0.9332887005247277,0.9055893552950361,0.9613988338836914,0.6584377298116229
2020,B06,central,maintain,isolated_SAPR4,0.9385101801640552,0.909239711372411,0.9682152613134307,1.1805856937443737
2020,B06,central,maintain,v13_four,0.9450945574621713,0.9201931645393866,0.9703784507173937,1.8390234235559855
2020,B06,central,maintain,v12_plus_v13,0.9576590003155504,0.9395411215105519,0.9760477122012373,3.0954677088938953
2020,B06,conservative,annual,v9,0.010368118920800008,0.010368118920800008,0.010368118920800008,0.0
2020,B06,conservative,annual,v12_partial,0.010368118920800008,0.010368118920800008,0.010368118920800008,0.0
2020,B06,conservative,annual,isolated_PSSA3,0.010368118920800008,0.010368118920800008,0.010368118920800008,0.0
2020,B06,conservative,annual,isolated_TIM,0.010368118920800008,0.010368118920800008,0.010368118920800008,0.0
2020,B06,conservative,annual,isolated_VIVT,0.010368183119850067,0.010368183119850067,0.010368183119850067,6.41990500586942e-06
2020,B06,conservative,annual,isolated_SAPR4,0.01036749373340954,0.01036749373340954,0.01036749373340954,-6.251873904683514e-05
2020,B06,conservative,annual,v13_four,0.010367557932459599,0.010367557932459599,0.010367557932459599,-5.609883404096572e-05
2020,B06,conservative,annual,v12_plus_v13,0.010367557932459599,0.010367557932459599,0.010367557932459599,-5.609883404096572e-05
2020,B06,conservative,maintain,v9,1.1025131437715086,1.067297741629815,1.1382201111724055,0.0
2020,B06,conservative,maintain,v12_partial,1.1025131437715086,1.067297741629815,1.1382201111724055,0.0
2020,B06,conservative,maintain,isolated_PSSA3,1.1025131437715086,1.067297741629815,1.1382201111724055,0.0
2020,B06,conservative,maintain,isolated_TIM,1.1025131437715086,1.067297741629815,1.1382201111724055,0.0
2020,B06,conservative,maintain,isolated_VIVT,1.1117312719888712,1.082632576063581,1.1412485763379536,0.9218128217362676
2020,B06,conservative,maintain,isolated_SAPR4,1.1190413434839297,1.0877430745719059,1.1507915747395887,1.6528199712421143
2020,B06,conservative,maintain,v13_four,1.1282594717012924,1.1030779090056717,1.1538200399051368,2.574632792978382
2020,B06,conservative,maintain,v12_plus_v13,1.1282594717012924,1.1030779090056717,1.1538200399051368,2.574632792978382
2020,B06S,central,annual,v9,-0.07157322339426667,-0.07157322339426667,-0.07157322339426667,0.0
2020,B06S,central,annual,v12_partial,-0.0715734604444718,-0.0715734604444718,-0.0715734604444718,-2.3705020513187236e-05
2020,B06S,central,annual,isolated_PSSA3,-0.07157322339426667,-0.07157322339426667,-0.07157322339426667,0.0
2020,B06S,central,annual,isolated_TIM,-0.07157322339426667,-0.07157322339426667,-0.07157322339426667,0.0
2020,B06S,central,annual,isolated_VIVT,-0.0715731591952166,-0.0715731591952166,-0.0715731591952166,6.419905006216364e-06
2020,B06S,central,annual,isolated_SAPR4,-0.07157384858165713,-0.07157384858165713,-0.07157384858165713,-6.251873904683514e-05
2020,B06S,central,annual,v13_four,-0.07157378438260707,-0.07157378438260707,-0.07157378438260707,-5.609883404061877e-05
2020,B06S,central,annual,v12_plus_v13,-0.0715740214328122,-0.0715740214328122,-0.0715740214328122,-7.980385455380601e-05
2020,B06S,central,maintain,v9,0.7764610094420499,0.7483529283678256,0.8049644803938506,0.0
2020,B06S,central,maintain,v12_partial,0.7940512294367805,0.775440068127457,0.8129014464712317,1.759021999473065
2020,B06S,central,maintain,isolated_PSSA3,0.7764610094420499,0.7483529283678256,0.8049644803938506,0.0
2020,B06S,central,maintain,isolated_TIM,0.7764610094420499,0.7483529283678256,0.8049644803938506,0.0
2020,B06S,central,maintain,isolated_VIVT,0.7856791376594126,0.7636877628015916,0.8079929455593988,0.9218128217362676
2020,B06S,central,maintain,isolated_SAPR4,0.792989209154471,0.7687982613099164,0.8175359439610339,1.6528199712421143
2020,B06S,central,maintain,v13_four,0.8022073373718337,0.7841330957436823,0.820564409126582,2.574632792978382
2020,B06S,central,maintain,v12_plus_v13,0.8197975573665643,0.8112202355033136,0.8285013752039632,4.333654792451447
2020,B06S,conservative,annual,v9,-0.0754340175951111,-0.0754340175951111,-0.0754340175951111,0.0
2020,B06S,conservative,annual,v12_partial,-0.0754340175951111,-0.0754340175951111,-0.0754340175951111,0.0
2020,B06S,conservative,annual,isolated_PSSA3,-0.0754340175951111,-0.0754340175951111,-0.0754340175951111,0.0
2020,B06S,conservative,annual,isolated_TIM,-0.0754340175951111,-0.0754340175951111,-0.0754340175951111,0.0
2020,B06S,conservative,annual,isolated_VIVT,-0.07543391059669434,-0.07543391059669434,-0.07543391059669434,1.0699841676564681e-05
2020,B06S,conservative,annual,isolated_SAPR4,-0.07543505957409521,-0.07543505957409521,-0.07543505957409521,-0.0001041978984109293
2020,B06S,conservative,annual,v13_four,-0.07543495257567845,-0.07543495257567845,-0.07543495257567845,-9.349805673436462e-05
2020,B06S,conservative,annual,v12_plus_v13,-0.07543495257567845,-0.07543495257567845,-0.07543495257567845,-9.349805673436462e-05
2020,B06S,conservative,maintain,v9,0.9693135011605037,0.9386006783639265,1.0004244821577268,0.0
2020,B06S,conservative,maintain,v12_partial,0.9693135011605037,0.9386006783639265,1.0004244821577268,0.0
2020,B06S,conservative,maintain,isolated_PSSA3,0.9693135011605037,0.9386006783639265,1.0004244821577268,0.0
2020,B06S,conservative,maintain,isolated_TIM,0.9693135011605037,0.9386006783639265,1.0004244821577268,0.0
2020,B06S,conservative,maintain,isolated_VIVT,0.9846770481894416,0.9641587357535364,1.0054719241003072,1.536354702893783
2020,B06S,conservative,maintain,isolated_SAPR4,0.9968605006812057,0.972676233267411,1.0213769214363657,2.7546999520701942
2020,B06S,conservative,maintain,v13_four,1.0122240477101434,0.9982342906570209,1.0264243633789458,4.2910546549639665
2020,B06S,conservative,maintain,v12_plus_v13,1.0122240477101434,0.9982342906570209,1.0264243633789458,4.2910546549639665
2021,B00,central,annual,v9,0.0412683414564406,0.025010472675202573,0.05501059411091917,0.0
2021,B00,central,annual,v12_partial,0.042101672919773056,0.029255487759622154,0.05494785807992395,0.08333314633324554
2021,B00,central,annual,isolated_PSSA3,0.04053569188315332,0.024738829273600344,0.05381693836594683,-0.07326495732872806
2021,B00,central,annual,isolated_TIM,0.0412683414564406,0.025010472675202573,0.05501059411091917,0.0
2021,B00,central,annual,isolated_VIVT,0.04176621897190181,0.026284421619235217,0.05473240019780895,0.04978775154612092
2021,B00,central,annual,isolated_SAPR4,0.04088519011084959,0.025258586246079337,0.05399617784886037,-0.03831513455910124
2021,B00,central,annual,v13_four,0.04065041805302352,0.026260891788509752,0.05252432819077781,-0.061792340341708385
2021,B00,central,annual,v12_plus_v13,0.04148374951635597,0.03050590687292933,0.05246159215978259,0.021540805991537154
2021,B00,central,maintain,v9,1.4179505439092346,1.3805301387596172,1.4558733676057332,0.0
2021,B00,central,maintain,v12_partial,1.4103420412073637,1.3836652446634312,1.4373896555592822,-0.7608502701870856
2021,B00,central,maintain,isolated_PSSA3,1.4212493643835176,1.385322835426988,1.4576642386866696,0.3298820474282982
2021,B00,central,maintain,isolated_TIM,1.4179505439092346,1.3805301387596172,1.4558733676057332,0.0
2021,B00,central,maintain,isolated_VIVT,1.4203947453577388,1.3845962200107682,1.4566763443274382,0.2444201448504213
2021,B00,central,maintain,isolated_SAPR4,1.4239241024523395,1.3879192873741693,1.4604170242092995,0.5973558543104884
2021,B00,central,maintain,v13_four,1.4296671243751267,1.3967780652926913,1.463010872011941,1.171658046589208
2021,B00,central,maintain,v12_plus_v13,1.422058621673256,1.3999131711965054,1.4445271599654903,0.4108077764021445
2021,B00,conservative,annual,v9,0.03806982378538174,0.021880073024795502,0.05146444551623526,0.0
2021,B00,conservative,annual,v12_partial,0.038995747633528914,0.02659675645192837,0.05139473881512946,0.09259238481471727
2021,B00,conservative,annual,isolated_PSSA3,0.037255768703951433,0.021578247023015248,0.05013816135515488,-0.0814055081430308
2021,B00,conservative,annual,isolated_TIM,0.03806982378538174,0.021880073024795502,0.05146444551623526,0.0
2021,B00,conservative,annual,isolated_VIVT,0.038623021024783086,0.023295571851498442,0.051155341168335006,0.05531972394013443
2021,B00,conservative,annual,isolated_SAPR4,0.03764410006805839,0.02215575477021413,0.050337316336169925,-0.04257237173233494
2021,B00,conservative,annual,v13_four,0.03738324222602942,0.02326942759513681,0.0487019278271893,-0.068658155935232
2021,B00,conservative,annual,v12_plus_v13,0.038309166074176594,0.027986111022269677,0.0486322211260835,0.023934228879485264
2021,B00,conservative,maintain,v9,1.4120700982485448,1.3752248738713442,1.4493983177394243,0.0
2021,B00,conservative,maintain,v12_partial,1.4036162063575774,1.378708324875582,1.4288608599100348,-0.8453891890967347
2021,B00,conservative,maintain,isolated_PSSA3,1.4157354543310816,1.3805500923906453,1.4513881744960204,0.3665356082536819
2021,B00,conservative,maintain,isolated_TIM,1.4120700982485448,1.3752248738713442,1.4493983177394243,0.0
2021,B00,conservative,maintain,isolated_VIVT,1.4147858776357716,1.3797427419281787,1.4502905140968745,0.271577938722678
2021,B00,conservative,maintain,isolated_SAPR4,1.4187073855186614,1.3834350389986243,1.4544468250767204,0.6637287270116587
2021,B00,conservative,maintain,v13_four,1.425088520988425,1.39327812557476,1.4573288781907665,1.3018422739880187
2021,B00,conservative,maintain,v12_plus_v13,1.4166346290974576,1.3967615765789978,1.436791420361377,0.456453084891284
2021,B00S,central,annual,v9,0.03334461487543086,0.019759697392741336,0.04642948142624072,0.0
2021,B00S,central,annual,v12_partial,0.03480876385522152,0.023968331002746007,0.04564919670769705,0.14641489797906568
2021,B00S,central,annual,isolated_PSSA3,0.0318793157288563,0.019216410589536877,0.04404216993629604,-0.14652991465745613
2021,B00S,central,annual,isolated_TIM,0.03334461487543086,0.019759697392741336,0.04642948142624072,0.0
2021,B00S,central,annual,isolated_VIVT,0.0353361249372757,0.024855493168871912,0.04531670577379982,0.19915100618448367
2021,B00S,central,annual,isolated_SAPR4,0.032833746414642845,0.020090515487243686,0.04507692641016232,-0.05108684607880165
2021,B00S,central,annual,v13_four,0.03335995732991312,0.024643024460169805,0.04157683926777674,0.0015342454482258905
2021,B00S,central,annual,v12_plus_v13,0.03482410630970378,0.028851658070174473,0.040796554549233074,0.14794914342729157
2021,B00S,central,maintain,v9,1.5965815367719833,1.557179835624814,1.6364916183680367,0.0
2021,B00S,central,maintain,v12_partial,1.5897337492866583,1.5659417032934402,1.613831184625988,-0.6847787485324996
2021,B00S,central,maintain,isolated_PSSA3,1.6031791777205497,1.566765228959556,1.6400733605299098,0.6597640948566408
2021,B00S,central,maintain,isolated_TIM,1.5965815367719833,1.557179835624814,1.6364916183680367,0.0
2021,B00S,central,maintain,isolated_VIVT,1.6063583425660002,1.5734441606294183,1.639703525254857,0.9776805794016852
2021,B00S,central,maintain,isolated_SAPR4,1.6045462814961233,1.5670320337775503,1.642549827172792,0.7964744724139994
2021,B00S,central,maintain,v13_four,1.6209207282387064,1.5928817521168965,1.6493434762214854,2.433919146672303
2021,B00S,central,maintain,v12_plus_v13,1.6140729407533814,1.6016436197855226,1.6266830424794367,1.7491403981398035
2021,B00S,conservative,annual,v9,0.03749029853846748,0.023547358157021053,0.050525458858920014,0.0
2021,B00S,conservative,annual,v12_partial,0.03895444751825814,0.028074558622755715,0.049834336413760574,0.14641489797906637
2021,B00S,conservative,annual,isolated_PSSA3,0.036024999391892916,0.023004071353816595,0.048138147368975336,-0.14652991465745613
2021,B00S,conservative,annual,isolated_TIM,0.03749029853846748,0.023547358157021053,0.050525458858920014,0.0
2021,B00S,conservative,annual,isolated_VIVT,0.039481808600312314,0.02864315393315163,0.04941268320647912,0.19915100618448367
2021,B00S,conservative,annual,isolated_SAPR4,0.03697943007767946,0.023878176251523404,0.04917290384284161,-0.05108684607880165
2021,B00S,conservative,annual,v13_four,0.037505640992949736,0.028430685224449522,0.04567281670045604,0.0015342454482258905
2021,B00S,conservative,annual,v12_plus_v13,0.03896978997274039,0.03295788569018419,0.044981694255296606,0.14794914342729157
2021,B00S,conservative,maintain,v9,1.5798057313441196,1.540879193547343,1.619229950830249,0.0
2021,B00S,conservative,maintain,v12_partial,1.5729579438587946,1.5497117856236753,1.5964985388624817,-0.6847787485324996
2021,B00S,conservative,maintain,isolated_PSSA3,1.5864033722926858,1.5504645868820848,1.6228116929921221,0.6597640948566186
2021,B00S,conservative,maintain,isolated_TIM,1.5798057313441196,1.540879193547343,1.619229950830249,0.0
2021,B00S,conservative,maintain,isolated_VIVT,1.5895825371381365,1.5571435185519473,1.6224418577170694,0.9776805794016852
2021,B00S,conservative,maintain,isolated_SAPR4,1.5877704760682594,1.5507313917000791,1.6252881596350042,0.7964744724139772
2021,B00S,conservative,maintain,v13_four,1.6041449228108426,1.5765811100394254,1.6320818086836977,2.433919146672303
2021,B00S,conservative,maintain,v12_plus_v13,1.5972971353255174,1.5854137021157577,1.6093503967159304,1.7491403981397813
2021,B06,central,annual,v9,0.08841319884195636,0.07341090733709951,0.10341549034681319,0.0
2021,B06,central,annual,v12_partial,0.09106100155706176,0.07925026849376335,0.10287173462036014,0.2647802715105396
2021,B06,central,annual,isolated_PSSA3,0.08841319884195636,0.07341090733709951,0.10341549034681319,0.0
2021,B06,central,annual,isolated_TIM,0.08841319884195636,0.07341090733709951,0.10341549034681319,0.0
2021,B06,central,annual,isolated_VIVT,0.09090258641926241,0.07978065205726273,0.10202452078126206,0.2489387577306046
2021,B06,central,annual,isolated_SAPR4,0.08841319884195636,0.07341090733709951,0.10341549034681319,0.0
2021,B06,central,annual,v13_four,0.09090258641926241,0.07978065205726273,0.10202452078126206,0.2489387577306046
2021,B06,central,annual,v12_plus_v13,0.0935503891343678,0.08562001321392657,0.10148076505480902,0.5137190292411442
2021,B06,central,maintain,v9,1.1592706452511239,1.1207032287662169,1.1984116510538516,0.0
2021,B06,central,maintain,v12_partial,1.1839972661298923,1.1587792086473485,1.2095691616027706,2.4726620878768424
2021,B06,central,maintain,isolated_PSSA3,1.1592706452511239,1.1207032287662169,1.1984116510538516,0.0
2021,B06,central,maintain,isolated_TIM,1.1592706452511239,1.1207032287662169,1.1984116510538516,0.0
2021,B06,central,maintain,isolated_VIVT,1.171491652493645,1.1410336350219723,1.202426534662377,1.2221007242521065
2021,B06,central,maintain,isolated_SAPR4,1.1592706452511239,1.1207032287662169,1.1984116510538516,0.0
2021,B06,central,maintain,v13_four,1.171491652493645,1.1410336350219723,1.202426534662377,1.2221007242521065
2021,B06,central,maintain,v12_plus_v13,1.1962182733724134,1.179109614903104,1.213584045211296,3.694762812128949
2021,B06,conservative,annual,v9,0.08841319884195636,0.07341090733709951,0.10341549034681319,0.0
2021,B06,conservative,annual,v12_partial,0.09106100155706176,0.07925026849376335,0.10287173462036014,0.2647802715105396
2021,B06,conservative,annual,isolated_PSSA3,0.08841319884195636,0.07341090733709951,0.10341549034681319,0.0
2021,B06,conservative,annual,isolated_TIM,0.08841319884195636,0.07341090733709951,0.10341549034681319,0.0
2021,B06,conservative,annual,isolated_VIVT,0.09090258641926241,0.07978065205726273,0.10202452078126206,0.2489387577306046
2021,B06,conservative,annual,isolated_SAPR4,0.08841319884195636,0.07341090733709951,0.10341549034681319,0.0
2021,B06,conservative,annual,v13_four,0.09090258641926241,0.07978065205726273,0.10202452078126206,0.2489387577306046
2021,B06,conservative,annual,v12_plus_v13,0.0935503891343678,0.08562001321392657,0.10148076505480902,0.5137190292411442
2021,B06,conservative,maintain,v9,1.1592706452511239,1.1207032287662169,1.1984116510538516,0.0
2021,B06,conservative,maintain,v12_partial,1.1839972661298923,1.1587792086473485,1.2095691616027706,2.4726620878768424
2021,B06,conservative,maintain,isolated_PSSA3,1.1592706452511239,1.1207032287662169,1.1984116510538516,0.0
2021,B06,conservative,maintain,isolated_TIM,1.1592706452511239,1.1207032287662169,1.1984116510538516,0.0
2021,B06,conservative,maintain,isolated_VIVT,1.171491652493645,1.1410336350219723,1.202426534662377,1.2221007242521065
2021,B06,conservative,maintain,isolated_SAPR4,1.1592706452511239,1.1207032287662169,1.1984116510538516,0.0
2021,B06,conservative,maintain,v13_four,1.171491652493645,1.1410336350219723,1.202426534662377,1.2221007242521065
2021,B06,conservative,maintain,v12_plus_v13,1.1962182733724134,1.179109614903104,1.213584045211296,3.694762812128949
2021,B06S,central,annual,v9,0.08841319884195636,0.07341090733709951,0.10341549034681319,0.0
2021,B06S,central,annual,v12_partial,0.09106100155706176,0.07925026849376335,0.10287173462036014,0.2647802715105396
2021,B06S,central,annual,isolated_PSSA3,0.08841319884195636,0.07341090733709951,0.10341549034681319,0.0
2021,B06S,central,annual,isolated_TIM,0.08841319884195636,0.07341090733709951,0.10341549034681319,0.0
2021,B06S,central,annual,isolated_VIVT,0.09090258641926241,0.07978065205726273,0.10202452078126206,0.2489387577306046
2021,B06S,central,annual,isolated_SAPR4,0.08841319884195636,0.07341090733709951,0.10341549034681319,0.0
2021,B06S,central,annual,v13_four,0.09090258641926241,0.07978065205726273,0.10202452078126206,0.2489387577306046
2021,B06S,central,annual,v12_plus_v13,0.0935503891343678,0.08562001321392657,0.10148076505480902,0.5137190292411442
2021,B06S,central,maintain,v9,1.1592706452511239,1.1207032287662169,1.1984116510538516,0.0
2021,B06S,central,maintain,v12_partial,1.1839972661298923,1.1587792086473485,1.2095691616027706,2.4726620878768424
2021,B06S,central,maintain,isolated_PSSA3,1.1592706452511239,1.1207032287662169,1.1984116510538516,0.0
2021,B06S,central,maintain,isolated_TIM,1.1592706452511239,1.1207032287662169,1.1984116510538516,0.0
2021,B06S,central,maintain,isolated_VIVT,1.171491652493645,1.1410336350219723,1.202426534662377,1.2221007242521065
2021,B06S,central,maintain,isolated_SAPR4,1.1592706452511239,1.1207032287662169,1.1984116510538516,0.0
2021,B06S,central,maintain,v13_four,1.171491652493645,1.1410336350219723,1.202426534662377,1.2221007242521065
2021,B06S,central,maintain,v12_plus_v13,1.1962182733724134,1.179109614903104,1.213584045211296,3.694762812128949
2021,B06S,conservative,annual,v9,0.08841319884195636,0.07341090733709951,0.10341549034681319,0.0
2021,B06S,conservative,annual,v12_partial,0.09106100155706176,0.07925026849376335,0.10287173462036014,0.2647802715105396
2021,B06S,conservative,annual,isolated_PSSA3,0.08841319884195636,0.07341090733709951,0.10341549034681319,0.0
2021,B06S,conservative,annual,isolated_TIM,0.08841319884195636,0.07341090733709951,0.10341549034681319,0.0
2021,B06S,conservative,annual,isolated_VIVT,0.09090258641926241,0.07978065205726273,0.10202452078126206,0.2489387577306046
2021,B06S,conservative,annual,isolated_SAPR4,0.08841319884195636,0.07341090733709951,0.10341549034681319,0.0
2021,B06S,conservative,annual,v13_four,0.09090258641926241,0.07978065205726273,0.10202452078126206,0.2489387577306046
2021,B06S,conservative,annual,v12_plus_v13,0.0935503891343678,0.08562001321392657,0.10148076505480902,0.5137190292411442
2021,B06S,conservative,maintain,v9,1.1592706452511239,1.1207032287662169,1.1984116510538516,0.0
2021,B06S,conservative,maintain,v12_partial,1.1839972661298923,1.1587792086473485,1.2095691616027706,2.4726620878768424
2021,B06S,conservative,maintain,isolated_PSSA3,1.1592706452511239,1.1207032287662169,1.1984116510538516,0.0
2021,B06S,conservative,maintain,isolated_TIM,1.1592706452511239,1.1207032287662169,1.1984116510538516,0.0
2021,B06S,conservative,maintain,isolated_VIVT,1.171491652493645,1.1410336350219723,1.202426534662377,1.2221007242521065
2021,B06S,conservative,maintain,isolated_SAPR4,1.1592706452511239,1.1207032287662169,1.1984116510538516,0.0
2021,B06S,conservative,maintain,v13_four,1.171491652493645,1.1410336350219723,1.202426534662377,1.2221007242521065
2021,B06S,conservative,maintain,v12_plus_v13,1.1962182733724134,1.179109614903104,1.213584045211296,3.694762812128949
2022,B00,central,annual,v9,0.3216516202846225,0.3032920704796498,0.3358703709281358,0.0
2022,B00,central,annual,v12_partial,0.3218254908155362,0.3091430392295733,0.33450794240149906,0.017387053091366678
2022,B00,central,annual,isolated_PSSA3,0.32239180838188386,0.3047557946129472,0.3358870229893612,0.07401880972613406
2022,B00,central,annual,isolated_TIM,0.3216516202846225,0.3032920704796498,0.3358703709281358,0.0
2022,B00,central,annual,isolated_VIVT,0.32185026849501425,0.3040340676063186,0.3355256702222505,0.019864821039172753
2022,B00,central,annual,isolated_SAPR4,0.3225380069591379,0.30499979048749853,0.3359354242693179,0.08863866745154048
2022,B00,central,annual,v13_four,0.32347684326679094,0.30720551174746474,0.3356073756246578,0.18252229821684174
2022,B00,central,annual,v12_plus_v13,0.3236507137977046,0.3130564804973882,0.33424494709802105,0.19990935130820842
2022,B00,central,maintain,v9,1.4013372954799885,1.3723820760873424,1.430577008352411,0.0
2022,B00,central,maintain,v12_partial,1.3927318159122197,1.3733558699542114,1.4122962947171922,-0.8605479567768803
2022,B00,central,maintain,isolated_PSSA3,1.4098231278244406,1.3823988709477346,1.437522034859394,0.8485832344452104
2022,B00,central,maintain,isolated_TIM,1.4013372954799885,1.3723820760873424,1.430577008352411,0.0
2022,B00,central,maintain,isolated_VIVT,1.4026050397278247,1.3747101125523593,1.4307752119346455,0.12677442478361556
2022,B00,central,maintain,isolated_SAPR4,1.4085557582749417,1.3807002147686958,1.436688128327371,0.7218462794953195
2022,B00,central,maintain,v13_four,1.4183093348672302,1.3930450460941048,1.4438313584165883,1.6972039387241677
2022,B00,central,maintain,v12_plus_v13,1.4097038552994614,1.394018839960974,1.4255506447813695,0.8366559819472874
2022,B00,conservative,annual,v9,0.31287160820139465,0.2942357620683205,0.32714871837503784,0.0
2022,B00,conservative,annual,v12_partial,0.3130546298128827,0.3003946765419242,0.3257145830838412,0.01830216114880323
2022,B00,conservative,annual,isolated_PSSA3,0.3136507535669329,0.2957765243138967,0.3271662468605382,0.07791453655382474
2022,B00,conservative,annual,isolated_TIM,0.31287160820139465,0.2942357620683205,0.32714871837503784,0.0
2022,B00,conservative,annual,isolated_VIVT,0.31308071158075435,0.29501681167534033,0.32678587552673743,0.020910337935969858
2022,B00,conservative,annual,isolated_SAPR4,0.31380464680614767,0.2960333620765823,0.3272171955762821,0.09330386047530226
2022,B00,conservative,annual,v13_four,0.3147928955510456,0.2983551739291783,0.32687188121348204,0.19212873496509686
2022,B00,conservative,annual,v12_plus_v13,0.3149759171625337,0.304514088402782,0.3254377459222854,0.21043089611390564
2022,B00,conservative,maintain,v9,1.3842786539053638,1.3550448800066095,1.4138039200470147,0.0
2022,B00,conservative,maintain,v12_partial,1.3752202543603438,1.3560699261822613,1.3945610635888896,-0.9058399545019968
2022,B00,conservative,maintain,isolated_PSSA3,1.393211109004787,1.3655888745964961,1.4211144742648916,0.8932455099423198
2022,B00,conservative,maintain,isolated_TIM,1.3842786539053638,1.3550448800066095,1.4138039200470147,0.0
2022,B00,conservative,maintain,isolated_VIVT,1.385613121534665,1.3574954447066272,1.4140125553967353,0.1334467629301228
2022,B00,conservative,maintain,isolated_SAPR4,1.3918770357947883,1.3638008154606656,1.4202366779153937,0.7598381889424521
2022,B00,conservative,maintain,v13_four,1.402143958523513,1.3767953747505701,1.4277558674829909,1.786530461814917
2022,B00,conservative,maintain,v12_plus_v13,1.393085558978493,1.377820420926222,1.4085130110248658,0.8806905073129201
2022,B00S,central,annual,v9,0.3098990310204088,0.2913802396274038,0.3225490974955179,0.0
2022,B00S,central,annual,v12_partial,0.3102467720822361,0.2993816364755217,0.3211119076889504,0.034774106182733355
2022,B00S,central,annual,isolated_PSSA3,0.31137940721493146,0.2943076878939986,0.32258240161796853,0.14803761945226812
2022,B00S,central,annual,isolated_TIM,0.3098990310204088,0.2913802396274038,0.3225490974955179,0.0
2022,B00S,central,annual,isolated_VIVT,0.31069362386197563,0.294348228134079,0.3211702946719764,0.07945928415668546
2022,B00S,central,annual,isolated_SAPR4,0.31108087991976263,0.29365719963786874,0.3226358352837606,0.11818488993538545
2022,B00S,central,annual,v13_four,0.31335584895585217,0.2995526364111387,0.32129033658266976,0.34568179354433903
2022,B00S,central,annual,v12_plus_v13,0.3137035900176795,0.3075540332592567,0.31985314677610227,0.3804558997270724
2022,B00S,central,maintain,v9,1.633494116034613,1.6015995916180747,1.6656972734927713,0.0
2022,B00S,central,maintain,v12_partial,1.624124049639505,1.6061105253671628,1.6423006515168341,-0.9370066395107957
2022,B00S,central,maintain,isolated_PSSA3,1.6504657807235172,1.6216331813388594,1.679587326506737,1.6971664688904209
2022,B00S,central,maintain,isolated_TIM,1.633494116034613,1.6015995916180747,1.6656972734927713,0.0
2022,B00S,central,maintain,isolated_VIVT,1.638565093025958,1.6109117374781425,1.6664900878217095,0.5070976991345066
2022,B00S,central,maintain,isolated_SAPR4,1.6431187330945507,1.6126904431932125,1.6738454334593844,0.9624617059937668
2022,B00S,central,maintain,v13_four,1.6651613747748,1.642036178774065,1.6885283008022882,3.1667258740186943
2022,B00S,central,maintain,v12_plus_v13,1.6557913083796922,1.646547112523153,1.665131678826351,2.229719234507921
2022,B00S,conservative,annual,v9,0.3045488248119053,0.28595628853097915,0.3172943648855159,0.0
2022,B00S,conservative,annual,v12_partial,0.30489656587373265,0.29399576733725846,0.31579736441020684,0.034774106182733355
2022,B00S,conservative,annual,isolated_PSSA3,0.30602920100642805,0.28888373679757395,0.3173276690079665,0.14803761945227367
2022,B00S,conservative,annual,isolated_TIM,0.3045488248119053,0.28595628853097915,0.3172943648855159,0.0
2022,B00S,conservative,annual,isolated_VIVT,0.30534341765347217,0.2889242770376544,0.31591556206197435,0.07945928415668546
2022,B00S,conservative,annual,isolated_SAPR4,0.30573067371125917,0.2882332485414441,0.3173811026737586,0.11818488993538545
2022,B00S,conservative,annual,v13_four,0.3080056427473487,0.29412868531471414,0.3160356039726677,0.34568179354433903
2022,B00S,conservative,annual,v12_plus_v13,0.30835338380917604,0.3021681641209934,0.31453860349735874,0.3804558997270724
2022,B00S,conservative,maintain,v9,1.6130494098698396,1.5812179376680213,1.6451909216769873,0.0
2022,B00S,conservative,maintain,v12_partial,1.6036793434747316,1.5857411649820776,1.6217820061360817,-0.9370066395107957
2022,B00S,conservative,maintain,isolated_PSSA3,1.6300210745587438,1.601251527388806,1.659080974690953,1.6971664688904209
2022,B00S,conservative,maintain,isolated_TIM,1.6130494098698396,1.5812179376680213,1.6451909216769873,0.0
2022,B00S,conservative,maintain,isolated_VIVT,1.6181203868611849,1.590530083528089,1.6459837360059255,0.5070976991345288
2022,B00S,conservative,maintain,isolated_SAPR4,1.6226740269297772,1.592308789243159,1.6533390816436004,0.9624617059937668
2022,B00S,conservative,maintain,v13_four,1.6447166686100267,1.6216545248240115,1.6680219489865042,3.1667258740187165
2022,B00S,conservative,maintain,v12_plus_v13,1.6353466022149188,1.6261777521380678,1.6446130334455988,2.229719234507921
2022,B06,central,annual,v9,0.24938781584563646,0.23388854186354158,0.2648870898277313,0.0
2022,B06,central,annual,v12_partial,0.24982249217292063,0.23692385378404612,0.26272113056179514,0.043467632728416694
2022,B06,central,annual,isolated_PSSA3,0.25123828608878984,0.2375478521967851,0.2649287199807946,0.18504702431533793
2022,B06,central,annual,isolated_TIM,0.24938781584563646,0.23388854186354158,0.2648870898277313,0.0
2022,B06,central,annual,isolated_VIVT,0.24988443637161575,0.2357435346802136,0.26402533806301787,0.04966205259792911
2022,B06,central,annual,isolated_SAPR4,0.25160378253192495,0.23815784188316336,0.26504972318068637,0.22159666862884841
2022,B06,central,annual,v13_four,0.2539508733010576,0.24367214503307888,0.26422960156903624,0.4563057455421127
2022,B06,central,annual,v12_plus_v13,0.25438554962834176,0.2467074569535834,0.2620636423031001,0.49977337827052937
2022,B06,central,maintain,v9,1.2625308054566167,1.2355099528294673,1.2898085836897502,0.0
2022,B06,central,maintain,v12_partial,1.2704204543138062,1.2482945989522982,1.2927372055579833,0.7889648857189568
2022,B06,central,maintain,isolated_PSSA3,1.2837453863177468,1.2605519399804481,1.3071711499572074,2.121458086113015
2022,B06,central,maintain,isolated_TIM,1.2625308054566167,1.2355099528294673,1.2898085836897502,0.0
2022,B06,central,maintain,isolated_VIVT,1.2657001660762073,1.2413300439920096,1.2903040926453366,0.3169360619590611
2022,B06,central,maintain,isolated_SAPR4,1.2805769624439998,1.2563052995328507,1.3050863836271498,1.80461569873831
2022,B06,central,maintain,v13_four,1.3049609039247207,1.287167377846374,1.3229444588501935,4.243009846810408
2022,B06,central,maintain,v12_plus_v13,1.3128505527819105,1.2999520239692048,1.3258730807184265,5.031974732529387
2022,B06,conservative,annual,v9,0.2417182651705831,0.22655657660372128,0.2568799537374449,0.0
2022,B06,conservative,annual,v12_partial,0.2422150381160507,0.2300255045128693,0.25440457171923214,0.049677294546759954
2022,B06,conservative,annual,isolated_PSSA3,0.2438330883056155,0.23073864555599954,0.2569275310552315,0.21148231350324176
2022,B06,conservative,annual,isolated_TIM,0.2417182651705831,0.22655657660372128,0.2568799537374449,0.0
2022,B06,conservative,annual,isolated_VIVT,0.24228583148598798,0.22867656839420358,0.2558950945777724,0.05675663154048882
2022,B06,conservative,annual,isolated_SAPR4,0.24425079852634132,0.23143577662614617,0.2570658204265364,0.2532533355758232
2022,B06,conservative,annual,v13_four,0.24693318797677863,0.23773783736890675,0.2561285385846505,0.5214922806195538
2022,B06,conservative,annual,v12_plus_v13,0.24742996092224626,0.24120676527805476,0.2536531565664378,0.5711695751663165
2022,B06,conservative,maintain,v9,1.172890126517808,1.1464530565258992,1.1995860097939137,0.0
2022,B06,conservative,maintain,v12_partial,1.181906868068882,1.1610640806662773,1.2029330062147514,0.9016741551074015
2022,B06,conservative,maintain,isolated_PSSA3,1.1971353617876712,1.1750724704127344,1.2194289426710077,2.424523526986322
2022,B06,conservative,maintain,isolated_TIM,1.172890126517808,1.1464530565258992,1.1995860097939137,0.0
2022,B06,conservative,maintain,isolated_VIVT,1.1765122529401975,1.1531045892830905,1.2001523057431553,0.362212642238946
2022,B06,conservative,maintain,isolated_SAPR4,1.1935143059319604,1.1702191670440516,1.2170463525795132,2.06241794141524
2022,B06,conservative,maintain,v13_four,1.2213816676242129,1.205490113688078,1.2374555814058488,4.849154110640486
2022,B06,conservative,maintain,v12_plus_v13,1.2303984091752869,1.2201011378284563,1.2408025778266865,5.750828265747887
2022,B06S,central,annual,v9,0.22270352651133,0.20757474282643323,0.2378323101962267,0.0
2022,B06S,central,annual,v12_partial,0.22305126757315732,0.21000299236283684,0.2360995427834778,0.034774106182733355
2022,B06S,central,annual,isolated_PSSA3,0.2241839027058527,0.210502191093028,0.23786561431867734,0.1480376194522709
2022,B06S,central,annual,isolated_TIM,0.22270352651133,0.20757474282643323,0.2378323101962267,0.0
2022,B06S,central,annual,isolated_VIVT,0.22349811935289685,0.21054273133310847,0.2364535073726852,0.07945928415668546
2022,B06S,central,annual,isolated_SAPR4,0.22624907320939153,0.21440562285782808,0.23809252356095487,0.3545546698061536
2022,B06S,central,annual,v13_four,0.22852404224548106,0.2203010596310981,0.23674702485986399,0.5820515734151072
2022,B06S,central,annual,v12_plus_v13,0.2288717833073084,0.22272930916750172,0.2350142574471151,0.6168256795978405
2022,B06S,central,maintain,v9,1.224909722540348,1.1989731042314669,1.2510857120980452,0.0
2022,B06S,central,maintain,v12_partial,1.2312214416260998,1.2092008211297316,1.2534286095926317,0.6311719085751788
2022,B06S,central,maintain,isolated_PSSA3,1.2418813872292522,1.2190066939522515,1.264975765112011,1.6971664688904209
2022,B06S,central,maintain,isolated_TIM,1.224909722540348,1.1989731042314669,1.2510857120980452,0.0
2022,B06S,central,maintain,isolated_VIVT,1.229980699531693,1.2082852500915346,1.2518785264269834,0.5070976991345066
2022,B06S,central,maintain,isolated_SAPR4,1.253783573720161,1.2322456589568804,1.2755301919978845,2.8873851179813004
2022,B06S,central,maintain,v13_four,1.2758262154004105,1.2615913945377328,1.2902130593407886,5.09164928600625
2022,B06S,central,maintain,v12_plus_v13,1.2821379344861623,1.2718191114359976,1.292555956835375,5.722821194581429
2022,B06S,conservative,annual,v9,0.19969335675152627,0.18435081025550212,0.2150359032475504,0.0
2022,B06S,conservative,annual,v12_partial,0.2000410978133536,0.18677905979190576,0.21330313583480148,0.034774106182733355
2022,B06S,conservative,annual,isolated_PSSA3,0.20117373294604898,0.18727825852209692,0.21506920737000101,0.1480376194522709
2022,B06S,conservative,annual,isolated_TIM,0.19969335675152627,0.18435081025550212,0.2150359032475504,0.0
2022,B06S,conservative,annual,isolated_VIVT,0.20048794959309313,0.18731879876217736,0.21365710042400887,0.07945928415668546
2022,B06S,conservative,annual,isolated_SAPR4,0.2032389034495878,0.191181690286897,0.21529611661227854,0.3545546698061536
2022,B06S,conservative,annual,v13_four,0.20551387248567735,0.197077127060167,0.2139506179111877,0.5820515734151072
2022,B06S,conservative,annual,v12_plus_v13,0.20586161354750468,0.1995053765965706,0.21221785049843878,0.6168256795978405
2022,B06S,conservative,maintain,v9,1.0833575901409929,1.0580498077365226,1.1089120040881209,0.0
2022,B06S,conservative,maintain,v12_partial,1.0896693092267447,1.0682775246347873,1.1112549015827073,0.6311719085751788
2022,B06S,conservative,maintain,isolated_PSSA3,1.100329254829897,1.0780833974573072,1.1228020571020867,1.6971664688904209
2022,B06S,conservative,maintain,isolated_TIM,1.0833575901409929,1.0580498077365226,1.1089120040881209,0.0
2022,B06S,conservative,maintain,isolated_VIVT,1.088428567132338,1.0673619535965904,1.109704818417059,0.5070976991345066
2022,B06S,conservative,maintain,isolated_SAPR4,1.112231441320806,1.0913223624619361,1.1333564839879602,2.8873851179813226
2022,B06S,conservative,maintain,v13_four,1.1342740830010554,1.1206680980427886,1.1480393513308642,5.09164928600625
2022,B06S,conservative,maintain,v12_plus_v13,1.1405858020868072,1.1308958149410533,1.1503822488254507,5.722821194581429
2023,B00,central,annual,v9,0.10482257795582116,0.08870314072211964,0.11523776912287778,0.0
2023,B00,central,annual,v12_partial,0.10492376253216905,0.09435901450279849,0.11548851056153962,0.010118457634789024
2023,B00,central,annual,isolated_PSSA3,0.10454097481133556,0.08897443119146949,0.11440327236455675,-0.028160314448559542
2023,B00,central,annual,isolated_TIM,0.10482257795582116,0.08870314072211964,0.11523776912287778,0.0
2023,B00,central,annual,isolated_VIVT,0.10485399262637721,0.08932582441339018,0.11467791477271935,0.003141467055604863
2023,B00,central,annual,isolated_SAPR4,0.10549933961358554,0.09012581477993176,0.11516861838059442,0.06767616577643826
2023,B00,central,annual,v13_four,0.105249151139656,0.09101978894055214,0.11377426727211495,0.04265731838348358
2023,B00,central,annual,v12_plus_v13,0.1053503357160039,0.09667566272123099,0.11402500871077681,0.05277577601827399
2023,B00,central,maintain,v9,0.7761096274372695,0.7597640646595875,0.792563233633184,0.0
2023,B00,central,maintain,v12_partial,0.7680228357631346,0.7564829974956822,0.7796384993035477,-0.8086791674134952
2023,B00,central,maintain,isolated_PSSA3,0.7804551402892983,0.7648375261664375,0.796177727616406,0.43455128520287767
2023,B00,central,maintain,isolated_TIM,0.7761096274372695,0.7597640646595875,0.792563233633184,0.0
2023,B00,central,maintain,isolated_VIVT,0.7770718383930056,0.7615984155130753,0.7926481880874303,0.09622109557361203
2023,B00,central,maintain,isolated_SAPR4,0.7807191345993901,0.7649794117793028,0.7965644492509312,0.46095071621206074
2023,B00,central,maintain,v13_four,0.7860268584071551,0.7718872241396407,0.8002638976883996,0.9917230969885615
2023,B00,central,maintain,v12_plus_v13,0.7779400667330202,0.7686061569757354,0.7873391633587632,0.18304392957506632
2023,B00,conservative,annual,v9,0.10482257795582116,0.08870314072211964,0.11523776912287778,0.0
2023,B00,conservative,annual,v12_partial,0.10492376253216905,0.09435901450279849,0.11548851056153962,0.010118457634789024
2023,B00,conservative,annual,isolated_PSSA3,0.10454097481133556,0.08897443119146949,0.11440327236455675,-0.028160314448559542
2023,B00,conservative,annual,isolated_TIM,0.10482257795582116,0.08870314072211964,0.11523776912287778,0.0
2023,B00,conservative,annual,isolated_VIVT,0.10485399262637721,0.08932582441339018,0.11467791477271935,0.003141467055604863
2023,B00,conservative,annual,isolated_SAPR4,0.10549933961358554,0.09012581477993176,0.11516861838059442,0.06767616577643826
2023,B00,conservative,annual,v13_four,0.105249151139656,0.09101978894055214,0.11377426727211495,0.04265731838348358
2023,B00,conservative,annual,v12_plus_v13,0.1053503357160039,0.09667566272123099,0.11402500871077681,0.05277577601827399
2023,B00,conservative,maintain,v9,0.7761096274372695,0.7597640646595875,0.792563233633184,0.0
2023,B00,conservative,maintain,v12_partial,0.7680228357631346,0.7564829974956822,0.7796384993035477,-0.8086791674134952
2023,B00,conservative,maintain,isolated_PSSA3,0.7804551402892983,0.7648375261664375,0.796177727616406,0.43455128520287767
2023,B00,conservative,maintain,isolated_TIM,0.7761096274372695,0.7597640646595875,0.792563233633184,0.0
2023,B00,conservative,maintain,isolated_VIVT,0.7770718383930056,0.7615984155130753,0.7926481880874303,0.09622109557361203
2023,B00,conservative,maintain,isolated_SAPR4,0.7807191345993901,0.7649794117793028,0.7965644492509312,0.46095071621206074
2023,B00,conservative,maintain,v13_four,0.7860268584071551,0.7718872241396407,0.8002638976883996,0.9917230969885615
2023,B00,conservative,maintain,v12_plus_v13,0.7779400667330202,0.7686061569757354,0.7873391633587632,0.18304392957506632
2023,B00S,central,annual,v9,0.13449721776052956,0.11724422537224417,0.1445248317977314,0.0
2023,B00S,central,annual,v12_partial,0.13468946843463375,0.1251311742362043,0.1442477626330632,0.019225067410419405
2023,B00S,central,annual,isolated_PSSA3,0.13396217178600692,0.11775967726400889,0.14293928795692146,-0.0535045974522641
2023,B00S,central,annual,isolated_TIM,0.13449721776052956,0.11724422537224417,0.1445248317977314,0.0
2023,B00S,central,annual,isolated_VIVT,0.13461659350864255,0.11961042339907221,0.14239738526712936,0.011937574811299312
2023,B00S,central,annual,isolated_SAPR4,0.13535444919369777,0.11904627917880618,0.1444372408575058,0.08572314331682096
2023,B00S,central,annual,v13_four,0.13493877896728815,0.12192792909739895,0.14072425048609383,0.044156120675858945
2023,B00S,central,annual,v12_plus_v13,0.13513102964139234,0.12981487796135907,0.1404471813214256,0.06338118808627835
2023,B00S,central,maintain,v9,0.9334563815988287,0.9154996950455199,0.9515292385278952,0.0
2023,B00S,central,maintain,v12_partial,0.9246876892491013,0.9136046274277356,0.9358388290183611,-0.8768692349727436
2023,B00S,central,maintain,isolated_PSSA3,0.9417128560176834,0.925139271908535,0.958396777096017,0.8256474418854687
2023,B00S,central,maintain,isolated_TIM,0.9334563815988287,0.9154996950455199,0.9515292385278952,0.0
2023,B00S,central,maintain,isolated_VIVT,0.9371127832306261,0.9224702282887736,0.951852065454031,0.3656401631797368
2023,B00S,central,maintain,isolated_SAPR4,0.9392950906708483,0.9221058013971595,0.9565974449770416,0.5838709072019554
2023,B00S,central,maintain,v13_four,0.9512079667215004,0.9387159115034281,0.9637878104712994,1.775158512267172
2023,B00S,central,maintain,v12_plus_v13,0.942439274371773,0.9368208438856439,0.9480974009617653,0.8982892772944284
2023,B00S,conservative,annual,v9,0.13449721776052956,0.11724422537224417,0.1445248317977314,0.0
2023,B00S,conservative,annual,v12_partial,0.13468946843463375,0.1251311742362043,0.1442477626330632,0.019225067410419405
2023,B00S,conservative,annual,isolated_PSSA3,0.13396217178600692,0.11775967726400889,0.14293928795692146,-0.0535045974522641
2023,B00S,conservative,annual,isolated_TIM,0.13449721776052956,0.11724422537224417,0.1445248317977314,0.0
2023,B00S,conservative,annual,isolated_VIVT,0.13461659350864255,0.11961042339907221,0.14239738526712936,0.011937574811299312
2023,B00S,conservative,annual,isolated_SAPR4,0.13535444919369777,0.11904627917880618,0.1444372408575058,0.08572314331682096
2023,B00S,conservative,annual,v13_four,0.13493877896728815,0.12192792909739895,0.14072425048609383,0.044156120675858945
2023,B00S,conservative,annual,v12_plus_v13,0.13513102964139234,0.12981487796135907,0.1404471813214256,0.06338118808627835
2023,B00S,conservative,maintain,v9,0.9334563815988287,0.9154996950455199,0.9515292385278952,0.0
2023,B00S,conservative,maintain,v12_partial,0.9246876892491013,0.9136046274277356,0.9358388290183611,-0.8768692349727436
2023,B00S,conservative,maintain,isolated_PSSA3,0.9417128560176834,0.925139271908535,0.958396777096017,0.8256474418854687
2023,B00S,conservative,maintain,isolated_TIM,0.9334563815988287,0.9154996950455199,0.9515292385278952,0.0
2023,B00S,conservative,maintain,isolated_VIVT,0.9371127832306261,0.9224702282887736,0.951852065454031,0.3656401631797368
2023,B00S,conservative,maintain,isolated_SAPR4,0.9392950906708483,0.9221058013971595,0.9565974449770416,0.5838709072019554
2023,B00S,conservative,maintain,v13_four,0.9512079667215004,0.9387159115034281,0.9637878104712994,1.775158512267172
2023,B00S,conservative,maintain,v12_plus_v13,0.942439274371773,0.9368208438856439,0.9480974009617653,0.8982892772944284
2023,B06,central,annual,v9,0.08289524606436566,0.07070746973445595,0.09508302239427545,0.0
2023,B06,central,annual,v12_partial,0.08289524606436566,0.07070746973445595,0.09508302239427545,0.0
2023,B06,central,annual,isolated_PSSA3,0.08289524606436566,0.07070746973445595,0.09508302239427545,0.0
2023,B06,central,annual,isolated_TIM,0.08289524606436566,0.07070746973445595,0.09508302239427545,0.0
2023,B06,central,annual,isolated_VIVT,0.08301462181247865,0.073073667761284,0.09295557586367341,0.011937574811299312
2023,B06,central,annual,isolated_SAPR4,0.08289524606436566,0.07070746973445595,0.09508302239427545,0.0
2023,B06,central,annual,v13_four,0.08301462181247865,0.073073667761284,0.09295557586367341,0.011937574811299312
2023,B06,central,annual,v12_plus_v13,0.08301462181247865,0.073073667761284,0.09295557586367341,0.011937574811299312
2023,B06,central,maintain,v9,0.7094140584994035,0.6932845868009712,0.7256467346752437,0.0
2023,B06,central,maintain,v12_partial,0.7094140584994035,0.6932845868009712,0.7256467346752437,0.0
2023,B06,central,maintain,isolated_PSSA3,0.7094140584994035,0.6932845868009712,0.7256467346752437,0.0
2023,B06,central,maintain,isolated_TIM,0.7094140584994035,0.6932845868009712,0.7256467346752437,0.0
2023,B06,central,maintain,isolated_VIVT,0.7130704601312009,0.7002551200442249,0.7259695616013795,0.3656401631797368
2023,B06,central,maintain,isolated_SAPR4,0.7094140584994035,0.6932845868009712,0.7256467346752437,0.0
2023,B06,central,maintain,v13_four,0.7130704601312009,0.7002551200442249,0.7259695616013795,0.3656401631797368
2023,B06,central,maintain,v12_plus_v13,0.7130704601312009,0.7002551200442249,0.7259695616013795,0.3656401631797368
2023,B06,conservative,annual,v9,0.0617312409338949,0.0487824071318817,0.07468007473590815,0.0
2023,B06,conservative,annual,v12_partial,0.0617312409338949,0.0487824071318817,0.07468007473590815,0.0
2023,B06,conservative,annual,isolated_PSSA3,0.0617312409338949,0.0487824071318817,0.07468007473590815,0.0
2023,B06,conservative,annual,isolated_TIM,0.0617312409338949,0.0487824071318817,0.07468007473590815,0.0
2023,B06,conservative,annual,isolated_VIVT,0.061880460619036154,0.05174015466541676,0.0720207665726556,0.014921968514125528
2023,B06,conservative,annual,isolated_SAPR4,0.0617312409338949,0.0487824071318817,0.07468007473590815,0.0
2023,B06,conservative,annual,v13_four,0.061880460619036154,0.05174015466541676,0.0720207665726556,0.014921968514125528
2023,B06,conservative,annual,v12_plus_v13,0.061880460619036154,0.05174015466541676,0.0720207665726556,0.014921968514125528
2023,B06,conservative,maintain,v9,0.5823067230868069,0.5662268172686516,0.5984969188602368,0.0
2023,B06,conservative,maintain,v12_partial,0.5823067230868069,0.5662268172686516,0.5984969188602368,0.0
2023,B06,conservative,maintain,isolated_PSSA3,0.5823067230868069,0.5662268172686516,0.5984969188602368,0.0
2023,B06,conservative,maintain,isolated_TIM,0.5823067230868069,0.5662268172686516,0.5984969188602368,0.0
2023,B06,conservative,maintain,isolated_VIVT,0.5868772251265536,0.5749399838227187,0.5989004525179067,0.4570502039746738
2023,B06,conservative,maintain,isolated_SAPR4,0.5823067230868069,0.5662268172686516,0.5984969188602368,0.0
2023,B06,conservative,maintain,v13_four,0.5868772251265536,0.5749399838227187,0.5989004525179067,0.4570502039746738
2023,B06,conservative,maintain,v12_plus_v13,0.5868772251265536,0.5749399838227187,0.5989004525179067,0.4570502039746738
2023,B06S,central,annual,v9,0.08641432280265583,0.07438549062880187,0.09844315497650986,0.0
2023,B06S,central,annual,v12_partial,0.08641432280265583,0.07438549062880187,0.09844315497650986,0.0
2023,B06S,central,annual,isolated_PSSA3,0.08641432280265583,0.07438549062880187,0.09844315497650986,0.0
2023,B06S,central,annual,isolated_TIM,0.08641432280265583,0.07438549062880187,0.09844315497650986,0.0
2023,B06S,central,annual,isolated_VIVT,0.08661328238284417,0.07832915400684862,0.0948974107588398,0.019895958018834037
2023,B06S,central,annual,isolated_SAPR4,0.08641432280265583,0.07438549062880187,0.09844315497650986,0.0
2023,B06S,central,annual,v13_four,0.08661328238284417,0.07832915400684862,0.0948974107588398,0.019895958018834037
2023,B06S,central,annual,v12_plus_v13,0.08661328238284417,0.07832915400684862,0.0948974107588398,0.019895958018834037
2023,B06S,central,maintain,v9,0.738267479530381,0.7220644767721406,0.7545726885982991,0.0
2023,B06S,central,maintain,v12_partial,0.738267479530381,0.7220644767721406,0.7545726885982991,0.0
2023,B06S,central,maintain,isolated_PSSA3,0.738267479530381,0.7220644767721406,0.7545726885982991,0.0
2023,B06S,central,maintain,isolated_TIM,0.738267479530381,0.7220644767721406,0.7545726885982991,0.0
2023,B06S,central,maintain,isolated_VIVT,0.7443614822500434,0.7336820321775633,0.7551107334751922,0.6094002719662428
2023,B06S,central,maintain,isolated_SAPR4,0.738267479530381,0.7220644767721406,0.7545726885982991,0.0
2023,B06S,central,maintain,v13_four,0.7443614822500434,0.7336820321775633,0.7551107334751922,0.6094002719662428
2023,B06S,central,maintain,v12_plus_v13,0.7443614822500434,0.7336820321775633,0.7551107334751922,0.6094002719662428
2023,B06S,conservative,annual,v9,0.05762270958854562,0.044275209229015046,0.07097020994807626,0.0
2023,B06S,conservative,annual,v12_partial,0.05762270958854562,0.044275209229015046,0.07097020994807626,0.0
2023,B06S,conservative,annual,isolated_PSSA3,0.05762270958854562,0.044275209229015046,0.07097020994807626,0.0
2023,B06S,conservative,annual,isolated_TIM,0.05762270958854562,0.044275209229015046,0.07097020994807626,0.0
2023,B06S,conservative,annual,isolated_VIVT,0.05782166916873396,0.04821887260706179,0.0674244657304062,0.019895958018834037
2023,B06S,conservative,annual,isolated_SAPR4,0.05762270958854562,0.044275209229015046,0.07097020994807626,0.0
2023,B06S,conservative,annual,v13_four,0.05782166916873396,0.04821887260706179,0.0674244657304062,0.019895958018834037
2023,B06S,conservative,annual,v12_plus_v13,0.05782166916873396,0.04821887260706179,0.0674244657304062,0.019895958018834037
2023,B06S,conservative,maintain,v9,0.5976625411312969,0.5813798978968873,0.6140578360815724,0.0
2023,B06S,conservative,maintain,v12_partial,0.5976625411312969,0.5813798978968873,0.6140578360815724,0.0
2023,B06S,conservative,maintain,isolated_PSSA3,0.5976625411312969,0.5813798978968873,0.6140578360815724,0.0
2023,B06S,conservative,maintain,isolated_TIM,0.5976625411312969,0.5813798978968873,0.6140578360815724,0.0
2023,B06S,conservative,maintain,isolated_VIVT,0.6037565438509593,0.59299745330231,0.6145958809584655,0.6094002719662428
2023,B06S,conservative,maintain,isolated_SAPR4,0.5976625411312969,0.5813798978968873,0.6140578360815724,0.0
2023,B06S,conservative,maintain,v13_four,0.6037565438509593,0.59299745330231,0.6145958809584655,0.6094002719662428
2023,B06S,conservative,maintain,v12_plus_v13,0.6037565438509593,0.59299745330231,0.6145958809584655,0.6094002719662428
2024,B00,central,annual,v9,0.2697695538042319,0.25461732323974123,0.28724890916637064,0.0
2024,B00,central,annual,v12_partial,0.2701330130466107,0.2560669979968155,0.2841990280964059,0.03634592423787941
2024,B00,central,annual,isolated_PSSA3,0.2731581095463568,0.2585761536183766,0.29006719027198496,0.3388555742124877
2024,B00,central,annual,isolated_TIM,0.2697695538042319,0.25461732323974123,0.28724890916637064,0.0
2024,B00,central,annual,isolated_VIVT,0.2703467617817827,0.25604731022037974,0.2869733381408336,0.05772079775507866
2024,B00,central,annual,isolated_SAPR4,0.27062166046453046,0.25610896478376066,0.2874614809429482,0.08521066602985572
2024,B00,central,annual,v13_four,0.27458742418420606,0.2614977821430346,0.29000419102302555,0.4817870379974165
2024,B00,central,annual,v12_plus_v13,0.27495088342658486,0.26294745690010884,0.2869543099530608,0.5181329622352959
2024,B00,central,maintain,v9,0.585251627165135,0.5753825515529704,0.5951533683397311,0.0
2024,B00,central,maintain,v12_partial,0.5870208950908724,0.5787837650988652,0.5952851592459056,0.17692679257373944
2024,B00,central,maintain,isolated_PSSA3,0.5892823013240447,0.5798017376639021,0.5987947725824088,0.4030674158909675
2024,B00,central,maintain,isolated_TIM,0.585251627165135,0.5753825515529704,0.5951533683397311,0.0
2024,B00,central,maintain,isolated_VIVT,0.5860330919450009,0.5766989601067795,0.5953982124988862,0.0781464779865848
2024,B00,central,maintain,isolated_SAPR4,0.5878379794146397,0.5782175651678212,0.5974906367496866,0.2586352249504653
2024,B00,central,maintain,v13_four,0.5926501183534152,0.583953159832562,0.6013768851515194,0.7398491188280176
2024,B00,central,maintain,v12_plus_v13,0.5944193862791526,0.5873543733784568,0.601508676057694,0.9167759114017571
2024,B00,conservative,annual,v9,0.2729429398645129,0.2584003126322886,0.28993517214689307,0.0
2024,B00,conservative,annual,v12_partial,0.2733255285407011,0.25992628606078777,0.28672477102061444,0.038258867618817805
2024,B00,conservative,annual,isolated_PSSA3,0.276509840645697,0.2625675025045363,0.2929017838370135,0.35669007811841014
2024,B00,conservative,annual,isolated_TIM,0.2729429398645129,0.2584003126322886,0.28993517214689307,0.0
2024,B00,conservative,annual,isolated_VIVT,0.2735505272093032,0.2599055620855923,0.2896450973831699,0.06075873447902724
2024,B00,conservative,annual,isolated_SAPR4,0.27383989424377453,0.25997046162599324,0.2901589319117116,0.08969543792616275
2024,B00,conservative,annual,v13_four,0.27801438236974885,0.26564290095154475,0.2928354688381088,0.5071442505235946
2024,B00,conservative,annual,v12_plus_v13,0.2783969710459371,0.26716887438004394,0.28962506771183016,0.5454031181424179
2024,B00,conservative,maintain,v9,0.5713292923732064,0.5617991777412447,0.5808902311857896,0.0
2024,B00,conservative,maintain,v12_partial,0.5731916796634563,0.5653794025263971,0.581028958455447,0.18623872902499006
2024,B00,conservative,maintain,isolated_PSSA3,0.5755721072773219,0.5664509525948569,0.584723288283345,0.42428149041154883
2024,B00,conservative,maintain,isolated_TIM,0.5713292923732064,0.5617991777412447,0.5808902311857896,0.0
2024,B00,conservative,maintain,isolated_VIVT,0.5721518868783284,0.5631848709557805,0.5811479618796371,0.08225945051220096
2024,B00,conservative,maintain,isolated_SAPR4,0.5740517684253166,0.5647834025989823,0.583350513722585,0.2722476052110179
2024,B00,conservative,maintain,v13_four,0.579117177834554,0.5708208706671305,0.5874413015139879,0.7787885461347566
2024,B00,conservative,maintain,v12_plus_v13,0.5809795651248039,0.5744010954522829,0.5875800287836452,0.9650272751597466
2024,B00S,central,annual,v9,0.35920620607464326,0.3445439712761863,0.3785226904683962,0.0
2024,B00S,central,annual,v12_partial,0.3599331245594008,0.34744332079033485,0.37242292832846674,0.07269184847575327
2024,B00S,central,annual,isolated_PSSA3,0.365983317558893,0.35246163203345704,0.384159252679625,0.6777111484249754
2024,B00S,central,annual,isolated_TIM,0.35920620607464326,0.3445439712761863,0.3785226904683962,0.0
2024,B00S,central,annual,isolated_VIVT,0.36151503798484624,0.3502639191987405,0.37742040636624813,0.23088319102029797
2024,B00S,central,annual,isolated_SAPR4,0.3609104193952403,0.34752725436422527,0.3789478340215514,0.1704213320597059
2024,B00S,central,annual,v13_four,0.36999636278969306,0.36116486304405016,0.38348211213063205,1.0790156715049792
2024,B00S,central,annual,v12_plus_v13,0.37072328127445064,0.36406421255819865,0.3773823499907026,1.151707519980738
2024,B00S,central,maintain,v9,0.7184080264101728,0.7078660427326596,0.7289836903125521,0.0
2024,B00S,central,maintain,v12_partial,0.7219465622616474,0.7146684698244492,0.7292472721249013,0.3538535851474678
2024,B00S,central,maintain,isolated_PSSA3,0.7264693747279921,0.716704414954523,0.7362664987979073,0.806134831781935
2024,B00S,central,maintain,isolated_TIM,0.7184080264101728,0.7078660427326596,0.7289836903125521,0.0
2024,B00S,central,maintain,isolated_VIVT,0.7215338855296363,0.713131676947896,0.7299630669491728,0.3125859119463503
2024,B00S,central,maintain,isolated_SAPR4,0.7235807309091821,0.7135360699623611,0.7336582271324632,0.5172704499009306
2024,B00S,central,maintain,v13_four,0.734767938346465,0.7276400763994609,0.7419204122544392,1.635991193629227
2024,B00S,central,maintain,v12_plus_v13,0.7383064741979397,0.7344425034912505,0.7421839940667883,1.9898447787766949
2024,B00S,conservative,annual,v9,0.3587703523925529,0.3443829778598404,0.37781197652056137,0.0
2024,B00S,conservative,annual,v12_partial,0.3594972708773104,0.34728232737398895,0.3717122143806319,0.07269184847575327
2024,B00S,conservative,annual,isolated_PSSA3,0.36554746387680265,0.35230063861711114,0.38344853873179013,0.6777111484249754
2024,B00S,conservative,annual,isolated_TIM,0.3587703523925529,0.3443829778598404,0.37781197652056137,0.0
2024,B00S,conservative,annual,isolated_VIVT,0.3610791843027559,0.3501029257823946,0.3767096924184133,0.23088319102029797
2024,B00S,conservative,annual,isolated_SAPR4,0.36047456571314995,0.34736626094787937,0.37823712007371657,0.1704213320597059
2024,B00S,conservative,annual,v13_four,0.3695605091076027,0.36100386962770425,0.3827713981827972,1.0790156715049792
2024,B00S,conservative,annual,v12_plus_v13,0.3702874275923603,0.36390321914185275,0.37667163604286774,1.151707519980738
2024,B00S,conservative,maintain,v9,0.7008863901997985,0.690562400907898,0.7112430093070956,0.0
2024,B00S,conservative,maintain,v12_partial,0.7044249260512733,0.6973648279996877,0.7115065911194447,0.3538535851474789
2024,B00S,conservative,maintain,isolated_PSSA3,0.7089477385176179,0.6994007731297615,0.7185258177924508,0.8061348317819461
2024,B00S,conservative,maintain,isolated_TIM,0.7008863901997985,0.690562400907898,0.7112430093070956,0.0
2024,B00S,conservative,maintain,isolated_VIVT,0.704012249319262,0.6958280351231344,0.7122223859437162,0.3125859119463503
2024,B00S,conservative,maintain,isolated_SAPR4,0.7060590946988078,0.6962324281375996,0.7159175461270066,0.5172704499009306
2024,B00S,conservative,maintain,v13_four,0.7172463021360908,0.7103364345746993,0.7241797312489826,1.635991193629227
2024,B00S,conservative,maintain,v12_plus_v13,0.7207848379875654,0.717138861666489,0.7244433130613317,1.9898447787766949
2024,B06,central,annual,v9,0.24336478703902642,0.22521763862389965,0.26151193545415313,0.0
2024,B06,central,annual,v12_partial,0.24409170552378398,0.2280238161429724,0.2601595949045955,0.07269184847575605
2024,B06,central,annual,isolated_PSSA3,0.24336478703902642,0.22521763862389965,0.26151193545415313,0.0
2024,B06,central,annual,isolated_TIM,0.24336478703902642,0.22521763862389965,0.26151193545415313,0.0
2024,B06,central,annual,isolated_VIVT,0.24451920299412794,0.22807761258517673,0.2609607934030791,0.11544159551015176
2024,B06,central,annual,isolated_SAPR4,0.24336478703902642,0.22521763862389965,0.26151193545415313,0.0
2024,B06,central,annual,v13_four,0.24451920299412794,0.22807761258517673,0.2609607934030791,0.11544159551015176
2024,B06,central,annual,v12_plus_v13,0.24524612147888547,0.2308837901042495,0.2596084528535214,0.18813344398590504
2024,B06,central,maintain,v9,0.5235049266207507,0.5122112513321273,0.5348406782857114,0.0
2024,B06,central,maintain,v12_partial,0.5270434624722253,0.5171574981908046,0.5369647411821324,0.3538535851474678
2024,B06,central,maintain,isolated_PSSA3,0.5235049266207507,0.5122112513321273,0.5348406782857114,0.0
2024,B06,central,maintain,isolated_TIM,0.5235049266207507,0.5122112513321273,0.5348406782857114,0.0
2024,B06,central,maintain,isolated_VIVT,0.5250678561804825,0.5148440684397455,0.5353303666040217,0.1562929559731807
2024,B06,central,maintain,isolated_SAPR4,0.5235049266207507,0.5122112513321273,0.5348406782857114,0.0
2024,B06,central,maintain,v13_four,0.5250678561804825,0.5148440684397455,0.5353303666040217,0.1562929559731807
2024,B06,central,maintain,v12_plus_v13,0.5286063920319571,0.5197903152984228,0.5374544295004428,0.5101465411206485
2024,B06,conservative,annual,v9,0.19652256635676668,0.17868242528961992,0.21436270742391333,0.0
2024,B06,conservative,annual,v12_partial,0.19756102133499173,0.18269125031686673,0.21243079235311665,0.10384549782250507
2024,B06,conservative,annual,isolated_PSSA3,0.19652256635676668,0.17868242528961992,0.21436270742391333,0.0
2024,B06,conservative,annual,isolated_TIM,0.19652256635676668,0.17868242528961992,0.21436270742391333,0.0
2024,B06,conservative,annual,isolated_VIVT,0.19817173200691168,0.1827681023771586,0.21357536163666468,0.16491656501450014
2024,B06,conservative,annual,isolated_SAPR4,0.19652256635676668,0.17868242528961992,0.21436270742391333,0.0
2024,B06,conservative,annual,v13_four,0.19817173200691168,0.1827681023771586,0.21357536163666468,0.16491656501450014
2024,B06,conservative,annual,v12_plus_v13,0.19921018698513673,0.18677692740440544,0.211643446565868,0.2687620628370052
2024,B06,conservative,maintain,v9,0.4021112647761119,0.39131569822063855,0.4129489401690948,0.0
2024,B06,conservative,maintain,v12_partial,0.40716631599250436,0.3983817651616061,0.41598331573541064,0.5055051216392437
2024,B06,conservative,maintain,isolated_PSSA3,0.4021112647761119,0.39131569822063855,0.4129489401690948,0.0
2024,B06,conservative,maintain,isolated_TIM,0.4021112647761119,0.39131569822063855,0.4129489401690948,0.0
2024,B06,conservative,maintain,isolated_VIVT,0.40434402129001445,0.395076865517236,0.4136484949095381,0.2232756513902534
2024,B06,conservative,maintain,isolated_SAPR4,0.4021112647761119,0.39131569822063855,0.4129489401690948,0.0
2024,B06,conservative,maintain,v13_four,0.40434402129001445,0.395076865517236,0.4136484949095381,0.2232756513902534
2024,B06,conservative,maintain,v12_plus_v13,0.4093990725064069,0.40214293245820354,0.41668287047585395,0.7287807730294971
2024,B06S,central,annual,v9,0.27625021416962514,0.25760745172043664,0.2948929766188135,0.0
2024,B06S,central,annual,v12_partial,0.278067510381519,0.2646228955181186,0.2915121252449193,0.18172962118938596
2024,B06S,central,annual,isolated_PSSA3,0.27625021416962514,0.25760745172043664,0.2948929766188135,0.0
2024,B06S,central,annual,isolated_TIM,0.27625021416962514,0.25760745172043664,0.2948929766188135,0.0
2024,B06S,central,annual,isolated_VIVT,0.2791362540573789,0.26475738662362935,0.29351512149112835,0.28860398877537663
2024,B06S,central,annual,isolated_SAPR4,0.27625021416962514,0.25760745172043664,0.2948929766188135,0.0
2024,B06S,central,annual,v13_four,0.2791362540573789,0.26475738662362935,0.29351512149112835,0.28860398877537663
2024,B06S,central,annual,v12_plus_v13,0.28095355026927277,0.2717728304213113,0.2901342701172342,0.4703336099647626
2024,B06S,central,maintain,v9,0.5486550694056859,0.5369081815404692,0.5604474131966112,0.0
2024,B06S,central,maintain,v12_partial,0.5575014090343726,0.5492737986871623,0.5657575704376638,0.884633962868675
2024,B06S,central,maintain,isolated_PSSA3,0.5486550694056859,0.5369081815404692,0.5604474131966112,0.0
2024,B06S,central,maintain,isolated_TIM,0.5486550694056859,0.5369081815404692,0.5604474131966112,0.0
2024,B06S,central,maintain,isolated_VIVT,0.5525623933050152,0.5434902243095147,0.561671633992387,0.39073238993293513
2024,B06S,central,maintain,isolated_SAPR4,0.5486550694056859,0.5369081815404692,0.5604474131966112,0.0
2024,B06S,central,maintain,v13_four,0.5525623933050152,0.5434902243095147,0.561671633992387,0.39073238993293513
2024,B06S,central,maintain,v12_plus_v13,0.5614087329337021,0.5558558414562078,0.5669817912334397,1.2753663528016213
2024,B06S,conservative,annual,v9,0.2303862833546111,0.21311202856415296,0.247660538145069,0.0
2024,B06S,conservative,annual,v12_partial,0.23220357956650495,0.22012747236183489,0.24427968677117484,0.18172962118938596
2024,B06S,conservative,annual,isolated_PSSA3,0.2303862833546111,0.21311202856415296,0.247660538145069,0.0
2024,B06S,conservative,annual,isolated_TIM,0.2303862833546111,0.21311202856415296,0.247660538145069,0.0
2024,B06S,conservative,annual,isolated_VIVT,0.23327232324236485,0.22026196346734567,0.24628268301738387,0.28860398877537663
2024,B06S,conservative,annual,isolated_SAPR4,0.2303862833546111,0.21311202856415296,0.247660538145069,0.0
2024,B06S,conservative,annual,v13_four,0.23327232324236485,0.22026196346734567,0.24628268301738387,0.28860398877537663
2024,B06S,conservative,annual,v12_plus_v13,0.2350896194542587,0.2272774072650276,0.24290183164348972,0.4703336099647626
2024,B06S,conservative,maintain,v9,0.4139628747399861,0.40323241490578604,0.42473510943808035,0.0
2024,B06S,conservative,maintain,v12_partial,0.4228092143686729,0.4155980320524792,0.4300452666791331,0.8846339628686806
2024,B06S,conservative,maintain,isolated_PSSA3,0.4139628747399861,0.40323241490578604,0.42473510943808035,0.0
2024,B06S,conservative,maintain,isolated_TIM,0.4139628747399861,0.40323241490578604,0.42473510943808035,0.0
2024,B06S,conservative,maintain,isolated_VIVT,0.4178701986393155,0.40981445767483154,0.42595933023385624,0.3907323899329407
2024,B06S,conservative,maintain,isolated_SAPR4,0.4139628747399861,0.40323241490578604,0.42473510943808035,0.0
2024,B06S,conservative,maintain,v13_four,0.4178701986393155,0.40981445767483154,0.42595933023385624,0.3907323899329407
2024,B06S,conservative,maintain,v12_plus_v13,0.4267165382680023,0.4221800748215247,0.4312694874749089,1.2753663528016213
2025,B00,central,annual,v9,0.23997430356421212,0.2233038716576417,0.25286888514916844,0.0
2025,B00,central,annual,v12_partial,0.2411375469357396,0.22847255100221817,0.25380254286926107,0.11632433715274837
2025,B00,central,annual,isolated_PSSA3,0.2403063279320272,0.22419552607885115,0.2526412794635892,0.03320243678150703
2025,B00,central,annual,isolated_TIM,0.23997430356421212,0.2233038716576417,0.25286888514916844,0.0
2025,B00,central,annual,isolated_VIVT,0.2400476411950878,0.22420513861328614,0.2521142934552755,0.007333763087569167
2025,B00,central,annual,isolated_SAPR4,0.24126691419068338,0.22487462797947724,0.2538833500802755,0.12926106264712633
2025,B00,central,annual,v13_four,0.2416722761893742,0.2266675493563311,0.25290115270080327,0.16979726251620808
2025,B00,central,annual,v12_plus_v13,0.2428355195609017,0.23183622870090756,0.2538348104208959,0.2861215996689592
2025,B00,central,maintain,v9,0.2399743035642121,0.2362786768777713,0.24366993025065295,0.0
2025,B00,central,maintain,v12_partial,0.24113754693573958,0.23797129795235927,0.24430379591912,0.11632433715274837
2025,B00,central,maintain,isolated_PSSA3,0.2403063279320272,0.23675060875893497,0.24386204710511944,0.0332024367815098
2025,B00,central,maintain,isolated_TIM,0.2399743035642121,0.2362786768777713,0.24366993025065295,0.0
2025,B00,central,maintain,isolated_VIVT,0.24004764119508784,0.2365589968398392,0.24353628555033652,0.007333763087574718
2025,B00,central,maintain,isolated_SAPR4,0.24126691419068338,0.2376408239280836,0.2448930044532832,0.1292610626471291
2025,B00,central,maintain,v13_four,0.2416722761893742,0.23839307577131522,0.24495147660743322,0.16979726251621086
2025,B00,central,maintain,v12_plus_v13,0.2428355195609017,0.2400856968459032,0.24558534227590026,0.286121599668962
2025,B00,conservative,annual,v9,0.22389488742678276,0.20742298166090425,0.23638117340873532,0.0
2025,B00,conservative,annual,v12_partial,0.2251227554300618,0.21287880985795718,0.23736670100216645,0.12278680032790368
2025,B00,conservative,annual,isolated_PSSA3,0.22424535759280978,0.20836417243884756,0.2361409229628461,0.03504701660270171
2025,B00,conservative,annual,isolated_TIM,0.22389488742678276,0.20742298166090425,0.23638117340873532,0.0
2025,B00,conservative,annual,isolated_VIVT,0.2239722993704849,0.20837431900297337,0.23558465995407052,0.007741194370214366
2025,B00,conservative,annual,isolated_SAPR4,0.22525930975472466,0.20908100222284176,0.23745199750268167,0.13644223279419
2025,B00,conservative,annual,v13_four,0.22568719186445385,0.21097353034285418,0.23641523360212763,0.17923044376710884
2025,B00,conservative,annual,v12_plus_v13,0.2269150598677329,0.21642935853990708,0.23740076119555872,0.3020172440950125
2025,B00,conservative,maintain,v9,0.22389488742678273,0.2202751134583039,0.22751466139526164,0.0
2025,B00,conservative,maintain,v12_partial,0.22512275543006174,0.22206176903703564,0.22818374182308795,0.1227868003279009
2025,B00,conservative,maintain,isolated_PSSA3,0.22424535759280978,0.22077326377731,0.2277174514083096,0.035047016602704484
2025,B00,conservative,maintain,isolated_TIM,0.22389488742678273,0.2202751134583039,0.22751466139526164,0.0
2025,B00,conservative,maintain,isolated_VIVT,0.2239722993704849,0.2205710067515978,0.22737359198937204,0.0077411943702171415
2025,B00,conservative,maintain,isolated_SAPR4,0.22525930975472463,0.2217129353447447,0.22880568416470465,0.13644223279419
2025,B00,conservative,maintain,v13_four,0.22568719186445385,0.2225069789570447,0.22886740477186301,0.1792304437671116
2025,B00,conservative,maintain,v12_plus_v13,0.22691505986773286,0.22429363453577644,0.22953648519968933,0.3020172440950125
2025,B00S,central,annual,v9,0.262731585426561,0.24435043675217538,0.2739386184898799,0.0
2025,B00S,central,annual,v12_partial,0.26494174783246327,0.25417092750687065,0.27571256815805584,0.22101624059022718
2025,B00S,central,annual,isolated_PSSA3,0.2633624317254097,0.24604458015247332,0.27350616768727926,0.06308462988486863
2025,B00S,central,annual,isolated_TIM,0.262731585426561,0.24435043675217538,0.2739386184898799,0.0
2025,B00S,central,annual,isolated_VIVT,0.26301026842388875,0.2477752511836242,0.2710711700530865,0.027868299732775048
2025,B00S,central,annual,isolated_SAPR4,0.2651875456168565,0.2473348737636629,0.27586610185898325,0.24559601902954808
2025,B00S,central,annual,v13_four,0.26609707491303286,0.25245383159540963,0.2725662026195893,0.3365489486471862
2025,B00S,central,annual,v12_plus_v13,0.2683072373189351,0.2622743223501049,0.2743401522877653,0.5575651892374078
2025,B00S,central,maintain,v9,0.26273158542656094,0.2590330627093479,0.26643010814377405,0.0
2025,B00S,central,maintain,v12_partial,0.26494174783246316,0.2622490427510651,0.2676344529138614,0.22101624059022162
2025,B00S,central,maintain,isolated_PSSA3,0.26336243172540963,0.2599297332835589,0.26679513016726036,0.06308462988486863
2025,B00S,central,maintain,isolated_TIM,0.26273158542656094,0.2590330627093479,0.26643010814377405,0.0
2025,B00S,central,maintain,isolated_VIVT,0.26301026842388875,0.26009827856520595,0.26592225828257154,0.0278682997327806
2025,B00S,central,maintain,isolated_SAPR4,0.26518754561685637,0.26162114210494136,0.2687539491287715,0.24559601902954253
2025,B00S,central,maintain,v13_four,0.26609707491303286,0.26358302853501037,0.2686111212910553,0.33654894864719176
2025,B00S,central,maintain,v12_plus_v13,0.2683072373189351,0.26679900857672756,0.26981546606114265,0.5575651892374134
2025,B00S,conservative,annual,v9,0.24820239645517866,0.22998440243008764,0.25924627486920293,0.0
2025,B00S,conservative,annual,v12_partial,0.25041255886108094,0.23980489318478287,0.26102022453737894,0.22101624059022718
2025,B00S,conservative,annual,isolated_PSSA3,0.24883324275402732,0.23167854583038558,0.25881382406660236,0.06308462988486585
2025,B00S,conservative,annual,isolated_TIM,0.24820239645517866,0.22998440243008764,0.25924627486920293,0.0
2025,B00S,conservative,annual,isolated_VIVT,0.2484810794525064,0.23340921686153646,0.2563788264324096,0.027868299732772273
2025,B00S,conservative,annual,isolated_SAPR4,0.2506583566454741,0.23296883944157512,0.26117375823830635,0.24559601902954253
2025,B00S,conservative,annual,v13_four,0.25156788594165047,0.23808779727332188,0.2578738589989124,0.33654894864718066
2025,B00S,conservative,annual,v12_plus_v13,0.25377804834755274,0.24790828802801715,0.2596478086670884,0.5575651892374078
2025,B00S,conservative,maintain,v9,0.24820239645517858,0.24454466240028921,0.25186013051006806,0.0
2025,B00S,conservative,maintain,v12_partial,0.2504125588610808,0.24776064244200638,0.2530644752801554,0.2210162405902244
2025,B00S,conservative,maintain,isolated_PSSA3,0.24883324275402727,0.2454413329745002,0.2522251525335544,0.06308462988486863
2025,B00S,conservative,maintain,isolated_TIM,0.24820239645517858,0.24454466240028921,0.25186013051006806,0.0
2025,B00S,conservative,maintain,isolated_VIVT,0.2484810794525064,0.24560987825614725,0.25135228064886556,0.0278682997327806
2025,B00S,conservative,maintain,isolated_SAPR4,0.25065835664547403,0.24713274179588265,0.25418397149506544,0.2455960190295453
2025,B00S,conservative,maintain,v13_four,0.2515678859416505,0.2490946282259517,0.2540411436573493,0.33654894864719453
2025,B00S,conservative,maintain,v12_plus_v13,0.25377804834755274,0.2523106082676689,0.25524548842743666,0.5575651892374162
2025,B06,central,annual,v9,0.17478001330807727,0.15660046774799083,0.1929595588681638,0.0
2025,B06,central,annual,v12_partial,0.17793738817365193,0.16347452258164208,0.19240025376566183,0.3157374865574658
2025,B06,central,annual,isolated_PSSA3,0.17478001330807727,0.15660046774799083,0.1929595588681638,0.0
2025,B06,central,annual,isolated_TIM,0.17478001330807727,0.15660046774799083,0.1929595588681638,0.0
2025,B06,central,annual,isolated_VIVT,0.17478001330807727,0.15660046774799083,0.1929595588681638,0.0
2025,B06,central,annual,isolated_SAPR4,0.17478001330807727,0.15660046774799083,0.1929595588681638,0.0
2025,B06,central,annual,v13_four,0.17478001330807727,0.15660046774799083,0.1929595588681638,0.0
2025,B06,central,annual,v12_plus_v13,0.17793738817365193,0.16347452258164208,0.19240025376566183,0.3157374865574658
2025,B06,central,maintain,v9,0.17478001330807735,0.1702351269180557,0.17932489969809898,0.0
2025,B06,central,maintain,v12_partial,0.17793738817365198,0.1743216717756495,0.18155310457165444,0.31573748655746303
2025,B06,central,maintain,isolated_PSSA3,0.17478001330807735,0.1702351269180557,0.17932489969809898,0.0
2025,B06,central,maintain,isolated_TIM,0.17478001330807735,0.1702351269180557,0.17932489969809898,0.0
2025,B06,central,maintain,isolated_VIVT,0.17478001330807735,0.1702351269180557,0.17932489969809898,0.0
2025,B06,central,maintain,isolated_SAPR4,0.17478001330807735,0.1702351269180557,0.17932489969809898,0.0
2025,B06,central,maintain,v13_four,0.17478001330807735,0.1702351269180557,0.17932489969809898,0.0
2025,B06,central,maintain,v12_plus_v13,0.17793738817365198,0.1743216717756495,0.18155310457165444,0.31573748655746303
2025,B06,conservative,annual,v9,0.11567604985310008,0.09784056377283663,0.13351153593336362,0.0
2025,B06,conservative,annual,v12_partial,0.11935965386293719,0.10586029441209643,0.132859013313778,0.36836040098371103
2025,B06,conservative,annual,isolated_PSSA3,0.11567604985310008,0.09784056377283663,0.13351153593336362,0.0
2025,B06,conservative,annual,isolated_TIM,0.11567604985310008,0.09784056377283663,0.13351153593336362,0.0
2025,B06,conservative,annual,isolated_VIVT,0.11567604985310008,0.09784056377283663,0.13351153593336362,0.0
2025,B06,conservative,annual,isolated_SAPR4,0.11567604985310008,0.09784056377283663,0.13351153593336362,0.0
2025,B06,conservative,annual,v13_four,0.11567604985310008,0.09784056377283663,0.13351153593336362,0.0
2025,B06,conservative,annual,v12_plus_v13,0.11935965386293719,0.10586029441209643,0.132859013313778,0.36836040098371103
2025,B06,conservative,maintain,v9,0.11567604985310016,0.11121717833303425,0.12013492137316602,0.0
2025,B06,conservative,maintain,v12_partial,0.11935965386293722,0.11598481400022703,0.1227344937256474,0.3683604009837055
2025,B06,conservative,maintain,isolated_PSSA3,0.11567604985310016,0.11121717833303425,0.12013492137316602,0.0
2025,B06,conservative,maintain,isolated_TIM,0.11567604985310016,0.11121717833303425,0.12013492137316602,0.0
2025,B06,conservative,maintain,isolated_VIVT,0.11567604985310016,0.11121717833303425,0.12013492137316602,0.0
2025,B06,conservative,maintain,isolated_SAPR4,0.11567604985310016,0.11121717833303425,0.12013492137316602,0.0
2025,B06,conservative,maintain,v13_four,0.11567604985310016,0.11121717833303425,0.12013492137316602,0.0
2025,B06,conservative,maintain,v12_plus_v13,0.11935965386293722,0.11598481400022703,0.1227344937256474,0.3683604009837055
2025,B06S,central,annual,v9,0.18576620526072055,0.16584505654142306,0.20568735398001817,0.0
2025,B06S,central,annual,v12_partial,0.19313341328039477,0.18188451781994266,0.2043823087408469,0.7367208019674221
2025,B06S,central,annual,isolated_PSSA3,0.18576620526072055,0.16584505654142306,0.20568735398001817,0.0
2025,B06S,central,annual,isolated_TIM,0.18576620526072055,0.16584505654142306,0.20568735398001817,0.0
2025,B06S,central,annual,isolated_VIVT,0.18576620526072055,0.16584505654142306,0.20568735398001817,0.0
2025,B06S,central,annual,isolated_SAPR4,0.18576620526072055,0.16584505654142306,0.20568735398001817,0.0
2025,B06S,central,annual,v13_four,0.18576620526072055,0.16584505654142306,0.20568735398001817,0.0
2025,B06S,central,annual,v12_plus_v13,0.19313341328039477,0.18188451781994266,0.2043823087408469,0.7367208019674221
2025,B06S,central,maintain,v9,0.18576620526072068,0.18078591808089622,0.19074649244054506,0.0
2025,B06S,central,maintain,v12_partial,0.1931334132803948,0.19032118941528176,0.19594563714550783,0.736720801967411
2025,B06S,central,maintain,isolated_PSSA3,0.18576620526072068,0.18078591808089622,0.19074649244054506,0.0
2025,B06S,central,maintain,isolated_TIM,0.18576620526072068,0.18078591808089622,0.19074649244054506,0.0
2025,B06S,central,maintain,isolated_VIVT,0.18576620526072068,0.18078591808089622,0.19074649244054506,0.0
2025,B06S,central,maintain,isolated_SAPR4,0.18576620526072068,0.18078591808089622,0.19074649244054506,0.0
2025,B06S,central,maintain,v13_four,0.18576620526072068,0.18078591808089622,0.19074649244054506,0.0
2025,B06S,central,maintain,v12_plus_v13,0.1931334132803948,0.19032118941528176,0.19594563714550783,0.736720801967411
2025,B06S,conservative,annual,v9,0.12277956506410952,0.10377688567377973,0.14178224445443946,0.0
2025,B06S,conservative,annual,v12_partial,0.13014677308378372,0.11981634695229931,0.1404771992152682,0.7367208019674207
2025,B06S,conservative,annual,isolated_PSSA3,0.12277956506410952,0.10377688567377973,0.14178224445443946,0.0
2025,B06S,conservative,annual,isolated_TIM,0.12277956506410952,0.10377688567377973,0.14178224445443946,0.0
2025,B06S,conservative,annual,isolated_VIVT,0.12277956506410952,0.10377688567377973,0.14178224445443946,0.0
2025,B06S,conservative,annual,isolated_SAPR4,0.12277956506410952,0.10377688567377973,0.14178224445443946,0.0
2025,B06S,conservative,annual,v13_four,0.12277956506410952,0.10377688567377973,0.14178224445443946,0.0
2025,B06S,conservative,annual,v12_plus_v13,0.13014677308378372,0.11981634695229931,0.1404771992152682,0.7367208019674207
2025,B06S,conservative,maintain,v9,0.12277956506410963,0.1180288952165271,0.12753023491169208,0.0
2025,B06S,conservative,maintain,v12_partial,0.13014677308378375,0.12756416655091263,0.13272937961665485,0.7367208019674123
2025,B06S,conservative,maintain,isolated_PSSA3,0.12277956506410963,0.1180288952165271,0.12753023491169208,0.0
2025,B06S,conservative,maintain,isolated_TIM,0.12277956506410963,0.1180288952165271,0.12753023491169208,0.0
2025,B06S,conservative,maintain,isolated_VIVT,0.12277956506410963,0.1180288952165271,0.12753023491169208,0.0
2025,B06S,conservative,maintain,isolated_SAPR4,0.12277956506410963,0.1180288952165271,0.12753023491169208,0.0
2025,B06S,conservative,maintain,v13_four,0.12277956506410963,0.1180288952165271,0.12753023491169208,0.0
2025,B06S,conservative,maintain,v12_plus_v13,0.13014677308378375,0.12756416655091263,0.13272937961665485,0.7367208019674123
