file,sha256,status
research/graham_v6_comparison/execution_v11_2_2026_10_07/auditoria_besst_v9/divergencias_ancoras_patrimonio.csv,547a551e3a0ff667e7c3ae83025e9a62af11f1d7726d46fb4be46c1589a2d78b,INALTERADO
research/graham_v6_comparison/execution_v11_2_2026_10_07/auditoria_besst_v9/manifesto_auditoria.json,5ae165488d17d4bd8657f7f97bd4d1ff7d36cac87750c934a34b220306870c14,INALTERADO
research/graham_v6_comparison/execution_v11_2_2026_10_07/auditoria_besst_v9/manifesto_patrimonio_conciliado.json,5c8eeba5adaadefedb4faa5b0aa8bfbb6a034d219b19599e292ebcea29ffc62d,INALTERADO
research/graham_v6_comparison/execution_v11_2_2026_10_07/auditoria_besst_v9/patrimonio_48_carteiras_conciliado.csv,8ecef320727be7ddd423797c289f4d540db09d72a5b72c0076b156b568e2a544,INALTERADO
research/graham_v6_comparison/execution_v11_2_2026_10_07/auditoria_besst_v9/patrimonio_posicoes_conciliado.csv,fb4d6efa90c9cf4f3a4bdbadc901a16a239810c627dac3cfb92bb12b7505c35b,INALTERADO
research/graham_v6_comparison/execution_v11_2_2026_10_07/auditoria_besst_v9/posicoes_contribuicoes_besst.csv,88277092e37370586af0e413e9a2a6ffc00a63fb55cc39c47c88ef8fa0bb0cf6,INALTERADO
research/graham_v6_comparison/execution_v11_2_2026_10_07/auditoria_besst_v9/reproducao_arquivos.csv,304dff7993d1165f9ca1dbe841bd975ff46896d0a87362d727f4eb292e87091c,INALTERADO
research/graham_v6_comparison/execution_v11_2_2026_10_07/auditoria_besst_v9/selection_rows.json,b5cce194823c4cafb5fed4636f016518a01fd7574d7d4c5f4bca760df1976203,INALTERADO
research/graham_v6_comparison/execution_v11_2_2026_10_07/auditoria_besst_v9/validacao_96_carteiras.csv,a3880aefb3d16259308706756669466f1fad8e4952444994a39f6e3d3a0553e4,INALTERADO
research/graham_v6_comparison/execution_v11_2_2026_10_07/auditoria_fontes_v11/cotacoes_confrontadas_COTAHIST.csv,74d6962371a5132b60d7c1e3944204ffb4c68d02180fee6da9073220508b2b78,INALTERADO
research/graham_v6_comparison/execution_v11_2_2026_10_07/auditoria_fontes_v11/manifesto_fontes.json,61b52ae6ed28d9c41bbcbb759bd6beb6e9d35af015aa26188abb2cbcec351770,INALTERADO
research/graham_v6_comparison/execution_v11_2_2026_10_07/auditoria_fontes_v11/matriz_12_ativo_ano.csv,afbdc91967d1a00b2f6726b49610fa502e5cc152619439c35732e880e517da65,INALTERADO
research/graham_v6_comparison/execution_v11_2_2026_10_07/auditoria_fontes_v11/proventos_RI_confrontados.csv,77292b1dcbfa251ec66525396dc43b228c8a8759fb0e2171a814a967d5435027,INALTERADO
research/graham_v6_comparison/execution_v11_2_2026_10_07/carteiras_selecionadas_768_posicoes.csv,23e67542f3c186d6111ad1caaebd12bc2739200e05227a9f151f4b76cf72601e,INALTERADO
research/graham_v6_comparison/execution_v11_2_2026_10_07/comparacao_2020.png,3e146b013e7049336308bbfb827b7fd41bf43feaaf07eaf7c8b8f7388c1c2c2a,INALTERADO
research/graham_v6_comparison/execution_v11_2_2026_10_07/comparacao_documental_v11_1/comparacao_72_cenarios.csv,82211b0a5535ffc7490d7e5ab50060185b5c6575a160b75d9890b993d822ea6f,INALTERADO
research/graham_v6_comparison/execution_v11_2_2026_10_07/comparacao_documental_v11_1/manifesto_comparacao_v11.json,3ade792ca76500771dbd5d2f593a8a54e11de55c64577d94d857edfa0c2749ac,INALTERADO
research/graham_v6_comparison/execution_v11_2_2026_10_07/comparacao_documental_v11_1/ranking_central_96_posicoes.csv,bf7f3143bc5e8ed584aed5ccbd9e3a15c2080e9e88d30f4c955b807bf6ffe007,INALTERADO
research/graham_v6_comparison/execution_v11_2_2026_10_07/direitos_itsa_v11_2/anuais_capital_10000.csv,2002f93662fae4357a65d3fca575520d638bebf6960542d3907f4f786fb0f95f,INALTERADO
research/graham_v6_comparison/execution_v11_2_2026_10_07/direitos_itsa_v11_2/comparacao_72_cenarios.csv,4d3032c32aa9eee4a937745b517759bb720934c3680376ef3d8e1d665f544214,INALTERADO
research/graham_v6_comparison/execution_v11_2_2026_10_07/direitos_itsa_v11_2/cotacoes_B3_direitos.csv,6b8a36be1b5cbee4bee7376ac71433a4241f344c219e6fad6c2b4dc5a379883c,INALTERADO
research/graham_v6_comparison/execution_v11_2_2026_10_07/direitos_itsa_v11_2/erros_execucao.csv,b46f3b1a27226ccb3508d6329d7d1ac564d99582523fa0d37314e89be2f48dcf,INALTERADO
research/graham_v6_comparison/execution_v11_2_2026_10_07/direitos_itsa_v11_2/graham_18_coortes.csv,592027f5f9b25d5d8e7c7e5dbbc155b278105bec002c6ca855c3de0672cbdd55,INALTERADO
research/graham_v6_comparison/execution_v11_2_2026_10_07/direitos_itsa_v11_2/graham_posicoes.csv,88ece559e614a5f170f03babda0ee57b9ba51fd6c9cb5a9beb70b36d721eab48,INALTERADO
research/graham_v6_comparison/execution_v11_2_2026_10_07/direitos_itsa_v11_2/impacto_direitos_36_resultados.csv,dbf5a02ebf9e0536c3702a50aac5d351a40c1509c5e36c555a7bee73fb131888,INALTERADO
research/graham_v6_comparison/execution_v11_2_2026_10_07/direitos_itsa_v11_2/impacto_por_evento_manutencao.csv,75272ad1f87b0080c29ea55c4a67554631046d2e74eb53e6565010e3d05be573,INALTERADO
research/graham_v6_comparison/execution_v11_2_2026_10_07/direitos_itsa_v11_2/manifesto_direitos.json,2e38d6d5ebc274f41642ae9507828378e4cd3c0f78dae987074d09a03d3d0a47,INALTERADO
research/graham_v6_comparison/execution_v11_2_2026_10_07/direitos_itsa_v11_2/operacoes_direitos.csv,1021f166b94fe160aee1055b8e4a93860ff00ce92f6043328b15b3657a29b260,INALTERADO
research/graham_v6_comparison/execution_v11_2_2026_10_07/direitos_itsa_v11_2/paridade_primeiro_ano.csv,7930e93f5da6b2beb290e68101564b579351fb19ed5e259b84dafef04dd3d2f3,INALTERADO
research/graham_v6_comparison/execution_v11_2_2026_10_07/direitos_itsa_v11_2/pendencias_direitos.csv,d3d10f28e0fbc9d3b0c9a159ca25db8b42f7287800b8a23b0ba450a12edbc972,INALTERADO
research/graham_v6_comparison/execution_v11_2_2026_10_07/direitos_itsa_v11_2/posicoes_finais_carteira.csv,78d0e942ee7a02c003f9761b69d2e35f6109073465b9234ffc145ac9373b97f7,INALTERADO
research/graham_v6_comparison/execution_v11_2_2026_10_07/direitos_itsa_v11_2/trajetoria_anual_manutencao.csv,c8b046c4460c96d794a9d23ebcd83e72cb8b8e65c5ebdda63dfd07ed6b3b7830,INALTERADO
research/graham_v6_comparison/execution_v11_2_2026_10_07/direitos_itsa_v11_2/trajetoria_renovacao_capital_efetivo.csv,caf7b27f2a7f121a21b8643e3b34878f5e5d98a041f9745c741afa3703cfce40,INALTERADO
research/graham_v6_comparison/execution_v11_2_2026_10_07/direitos_itsa_v11_2/validacao_18_coortes.csv,2be3d9d57045141db35240d8a0bba872aa3dbb816b78faa7ac3bd72697b3a6ae,INALTERADO
research/graham_v6_comparison/execution_v11_2_2026_10_07/direitos_itsa_v11_2/validacao_execucao.json,a0163ad3605110e4facfdd88f0d1ba47d95312be1541cd47e215bd876d86ace8,INALTERADO
research/graham_v6_comparison/execution_v11_2_2026_10_07/graham_corrigido_anuais_eventos.csv,fee5a419d587549cc4545125625ea25b06297bf602819b7907e5c996502e8b7c,INALTERADO
research/graham_v6_comparison/execution_v11_2_2026_10_07/graham_corrigido_posicoes_eventos.csv,a45f569e1d89ab7dfa86922426c0881bc6518e853bfebfcb073a80cff5d3a71a,INALTERADO
research/graham_v6_comparison/execution_v11_2_2026_10_07/graham_corrigido_resumo_eventos.csv,877e998e6b94fdf5ee0201115a4093ef275bcfac5bd715e6811d8a05a1469803,INALTERADO
research/graham_v6_comparison/execution_v11_2_2026_10_07/manutencao_corrigida_v11/alertas_documentais.csv,d288c118a27045bc39dbfefcb0d4dd86d2d68f36aaabb9c0a7d0213e10e0faef,INALTERADO
research/graham_v6_comparison/execution_v11_2_2026_10_07/manutencao_corrigida_v11/b3_suplementacao_auditavel.csv,e2cf0176fc0e1bca8e8c392ed4f34e5a4cda439805e4cee3338467b440bee178,INALTERADO
research/graham_v6_comparison/execution_v11_2_2026_10_07/manutencao_corrigida_v11/erros_execucao.csv,4e82fa27ec5e4178a97ec00c1660ecb394532e87f6b9ac06ebbe85de4097c41b,INALTERADO
research/graham_v6_comparison/execution_v11_2_2026_10_07/manutencao_corrigida_v11/eventos_utilizados.json,d891c0785cdd71b541b7620a5006f5ba66cae8556dc30bb1f54d948c5e1c4e1d,INALTERADO
research/graham_v6_comparison/execution_v11_2_2026_10_07/manutencao_corrigida_v11/graham_18_coortes.csv,663ace9fcb901386b907e1f53af75e46b525b9ea877374fffd773f00fa7e180a,INALTERADO
research/graham_v6_comparison/execution_v11_2_2026_10_07/manutencao_corrigida_v11/graham_posicoes.csv,4fd001e055b712c52e2201f194409764de68bcd46d4309436da4b1c39947ca36,INALTERADO
research/graham_v6_comparison/execution_v11_2_2026_10_07/manutencao_corrigida_v11/paridade_primeiro_ano.csv,6c21db1e62e44335b524b2a9bf00ee7ea6443cf9a82bcd5b6e09b59331817b80,INALTERADO
research/graham_v6_comparison/execution_v11_2_2026_10_07/manutencao_corrigida_v11/posicoes_finais_carteira.csv,285d4beb923d3bc9f282e9398dc22f4fc7fc1d7a610ce50c084888c1fdec6a45,INALTERADO
research/graham_v6_comparison/execution_v11_2_2026_10_07/manutencao_corrigida_v11/resumo_auditoria.json,fed43c45b0be13dee88a7440c4b38dda48883e14cde31d0ebc3fdc92184a2208,INALTERADO
research/graham_v6_comparison/execution_v11_2_2026_10_07/manutencao_corrigida_v11/trajetoria_anual_manutencao.csv,4d7ac3056b8646bb0115e94d31d7678cc47842e4cdee168f6bc215b4f1c69b58,INALTERADO
research/graham_v6_comparison/execution_v11_2_2026_10_07/manutencao_corrigida_v11/validacao_18_coortes.csv,2be3d9d57045141db35240d8a0bba872aa3dbb816b78faa7ac3bd72697b3a6ae,INALTERADO
research/graham_v6_comparison/execution_v11_2_2026_10_07/manutencao_corrigida_v11/validacao_execucao.json,a0163ad3605110e4facfdd88f0d1ba47d95312be1541cd47e215bd876d86ace8,INALTERADO
research/graham_v6_comparison/execution_v11_2_2026_10_07/manutencao_documental_v11_1/alertas_documentais.csv,41d711d06227c7b8c6f4ab7dd6c4b9e0a684d0755b464aba8c190c37055c7866,INALTERADO
research/graham_v6_comparison/execution_v11_2_2026_10_07/manutencao_documental_v11_1/alteracoes_documentais.csv,cc48aea7163030cb60e087cf78d6f939f49a31f4dce6ca10aaa75b7f6e999b54,INALTERADO
research/graham_v6_comparison/execution_v11_2_2026_10_07/manutencao_documental_v11_1/b3_suplementacao_auditavel.csv,e2cf0176fc0e1bca8e8c392ed4f34e5a4cda439805e4cee3338467b440bee178,INALTERADO
research/graham_v6_comparison/execution_v11_2_2026_10_07/manutencao_documental_v11_1/erros_execucao.csv,4e82fa27ec5e4178a97ec00c1660ecb394532e87f6b9ac06ebbe85de4097c41b,INALTERADO
research/graham_v6_comparison/execution_v11_2_2026_10_07/manutencao_documental_v11_1/eventos_utilizados.json,5382f0901270fe499d5c7eb966476b4ce2ca4ff754d4a7c317a60b061a13f023,INALTERADO
research/graham_v6_comparison/execution_v11_2_2026_10_07/manutencao_documental_v11_1/graham_18_coortes.csv,926a34dc93153d944fb1f1e618e0cf5cfe9207e40ccbb57e5fc8e04acc155b53,INALTERADO
research/graham_v6_comparison/execution_v11_2_2026_10_07/manutencao_documental_v11_1/graham_posicoes.csv,77dbfb894bc497a39f41797895f687ff58fa9c2f149e095ae6e674fd04fb1af4,INALTERADO
research/graham_v6_comparison/execution_v11_2_2026_10_07/manutencao_documental_v11_1/paridade_primeiro_ano.csv,6c21db1e62e44335b524b2a9bf00ee7ea6443cf9a82bcd5b6e09b59331817b80,INALTERADO
research/graham_v6_comparison/execution_v11_2_2026_10_07/manutencao_documental_v11_1/posicoes_finais_carteira.csv,400f257bb23c33705f47fe4ca1834e9767c1f046776303dff48f5b76e774e3c0,INALTERADO
research/graham_v6_comparison/execution_v11_2_2026_10_07/manutencao_documental_v11_1/resumo_auditoria.json,d7581688eaaa4350e8b7a057bf3eb9619735274b60845101da0f3e2c25234597,INALTERADO
research/graham_v6_comparison/execution_v11_2_2026_10_07/manutencao_documental_v11_1/trajetoria_anual_manutencao.csv,f3e4f340204e4bc5203563329a952dc2a40e67a1725e319115aadfca6c83da7e,INALTERADO
research/graham_v6_comparison/execution_v11_2_2026_10_07/manutencao_documental_v11_1/validacao_18_coortes.csv,2be3d9d57045141db35240d8a0bba872aa3dbb816b78faa7ac3bd72697b3a6ae,INALTERADO
research/graham_v6_comparison/execution_v11_2_2026_10_07/manutencao_documental_v11_1/validacao_execucao.json,a0163ad3605110e4facfdd88f0d1ba47d95312be1541cd47e215bd876d86ace8,INALTERADO
research/graham_v6_comparison/execution_v11_2_2026_10_07/sensibilidade_documental_v11/alteracoes_rastreaveis.csv,3d15a485c7c8f9f30843a9e0aa158c61fa9a75575dfbf4b0b6827bb4ed02af2b,INALTERADO
research/graham_v6_comparison/execution_v11_2_2026_10_07/sensibilidade_documental_v11/coortes_36_cenarios.csv,913c10a8cdfe576294aa0608fd6f0d1a6cdf5adf76dad69747ce157450347be5,INALTERADO
research/graham_v6_comparison/execution_v11_2_2026_10_07/sensibilidade_documental_v11/eventos_KEEP_CASH.json,c854e14abfa504bb1c5ba0f10dc3d1697a517d223590f8d8a055419bd22204fb,INALTERADO
research/graham_v6_comparison/execution_v11_2_2026_10_07/sensibilidade_documental_v11/eventos_REINVEST.json,5382f0901270fe499d5c7eb966476b4ce2ca4ff754d4a7c317a60b061a13f023,INALTERADO
research/graham_v6_comparison/execution_v11_2_2026_10_07/sensibilidade_documental_v11/manifesto.json,079fbc2d11136b37810e4d2b372cfc94b4f24bdd61170119e512eeeeb3546793,INALTERADO
research/graham_v6_comparison/execution_v11_2_2026_10_07/sensibilidade_documental_v11/paridade_anual_36.csv,38c1c0e3be03850c2ce4b04d9c156f9af5612dec2f560bb546b6acc0efdbfe16,INALTERADO
research/graham_v6_comparison/execution_v11_2_2026_10_07/sensibilidade_documental_v11/posicoes_324_cenarios.csv,6396fe67eefe31d7b35b5287bf3ea77cfb51abec4d5f3ee4329c436f071c334f,INALTERADO
research/graham_v6_comparison/execution_v11_2_2026_10_07/testes_motor_herdado.txt,17c11149c581daee2e7d57b4acf89cffaab28d810311d625fe73b0c94b2209f4,INALTERADO
.github/workflows/graham-audit.yml,cf932dffa371a3729906ea74109c91a7355d5fbf761c4ec31474b2fa3027065b,INALTERADO
docs/graham_checkpoint_v12_2026_10_07.md,eb34e629ea2ee7a284a52fbe5a501a6821fe3d89ea9555d1bff5a89ad6c4b065,INALTERADO
research/graham_v6_comparison/audit_v12_inputs/b3_alert_records.json,8540215d4d435ce45982912958bef96ecbb5e5e4cb5e15c24895073671fb593f,INALTERADO
research/graham_v6_comparison/audit_v12_inputs/documents/ALOS_AVISO25.pdf.gz,73faa3cc20c61370183c7c0c349716738bec86d2e2d66292b738cc855f5c5e75,INALTERADO
research/graham_v6_comparison/audit_v12_inputs/documents/BBSE_RI.html.gz,d1d75034221d46abdf71463e6a1e2bf8e7b6e720d7ad99d6637e24cf7378ff81,INALTERADO
research/graham_v6_comparison/audit_v12_inputs/documents/CMIG_AGO25_FINAL.pdf.gz,855527f7148e7b0b6fd3d6af6a2159894addf1ee2bf2862f0005c80700d9023c,INALTERADO
research/graham_v6_comparison/audit_v12_inputs/documents/CMIG_AGO26.pdf.gz,ffbe6db3060c8dccf1ae334fa90302fd09367970f601ea22df2b762e67f84d47,INALTERADO
research/graham_v6_comparison/audit_v12_inputs/documents/CMIG_DEZ24.pdf.gz,c7552630f3ea8a6eef64653015a5946d7d0459de8901948fa26353f6399002c2,INALTERADO
research/graham_v6_comparison/audit_v12_inputs/documents/CMIG_DEZ25.pdf.gz,5c7dfdc9536a8a5c11ae9aa0486b3f05cac979bbe6433e5188f9bd9ff639ef69,INALTERADO
research/graham_v6_comparison/audit_v12_inputs/documents/CMIG_JUN26.pdf.gz,a8cc4cdbc4c52180d72967e013283310f94e93984c0d73b2eec417dbafffb6d4,INALTERADO
research/graham_v6_comparison/audit_v12_inputs/documents/CMIG_MAR26.pdf.gz,7edd759e0365517937186bc01f0e9b67363d277cbc414bb5eefda7c0bab70ea5,INALTERADO
research/graham_v6_comparison/audit_v12_inputs/documents/CMIG_SET24.pdf.gz,a80143465d871ecc94f142a3c148c4eb43847da4433fbb2399aeca63712dbec0,INALTERADO
research/graham_v6_comparison/audit_v12_inputs/documents/CMIG_SET25.pdf.gz,ede2d63b1266b5956b1358974f0a138201c1b251df4491f2d90839b34e41ee84,INALTERADO
research/graham_v6_comparison/audit_v12_inputs/documents/CPLE_JAN26.pdf.gz,274e20c472420a2a03ddf688b0591a1e91cad6c82f20bffce18cbf0047a8f4e5,INALTERADO
research/graham_v6_comparison/audit_v12_inputs/documents/CPLE_MAI25.pdf.gz,8c22b18fc20abbfc33d6c973339ad8af8682e01d5bcaad7d2edbdbc13484f966,INALTERADO
research/graham_v6_comparison/audit_v12_inputs/documents/CPLE_RI.html.gz,0195fac29a4529a0309eecef385dd80f4e63e796004549936f09d38af84ef519,INALTERADO
research/graham_v6_comparison/audit_v12_inputs/documents/CSAN_AVISO23.pdf.gz,2c19099484e7564832fa3ea0042098d909f5f6313d67c0e400b344127940bec4,INALTERADO
research/graham_v6_comparison/audit_v12_inputs/documents/CSAN_RI.html.gz,06ce2d1f623d39d03b30406b6c1a07ac6ea63f21200d9877c8721b7bff625503,INALTERADO
research/graham_v6_comparison/audit_v12_inputs/documents/GRND_RI.html.gz,1cec5e48f55cf01e66d0fbd3934bb17672f6c494f170c9fa738fdd783130e96f,INALTERADO
research/graham_v6_comparison/audit_v12_inputs/documents/ITSA_RI.html.gz,9f7180bb5411f0cd760848257d62b5225d4a93dc5f3f051e1c3def2572e30d85,INALTERADO
research/graham_v6_comparison/audit_v12_inputs/documents/PNVL_RI.html.gz,8ae4077d06bd5702ff6303775bcd646c46a87d51febc159d4d9cf565cb3142d7,INALTERADO
research/graham_v6_comparison/audit_v12_inputs/documents/SBSP_JCP25_FINAL.pdf.gz,42a9ec4a9e63765b54de8457332a80b2ccb1c3a7527ae4e870ff034f8c516277,INALTERADO
research/graham_v6_comparison/audit_v12_inputs/documents/SBSP_JCP26_FINAL.pdf.gz,29a0fa4c78ac32d2048c27f7e431b5418db1be6505f9dbbdc8deed56e579d2f9,INALTERADO
research/graham_v6_comparison/audit_v12_inputs/documents/SBSP_RETIFICACAO26.pdf.gz,b54e0625a4a6c819d710f8ac8ad42f13a98f3b71bc73b51f723953378cf341a7,INALTERADO
research/graham_v6_comparison/audit_v12_inputs/documents/SLCE_JCP25.pdf.gz,0ad668adb3a7afc6dab07991b27abc7c8e6afa7c0df561dd2f15b0ea42b6be97,INALTERADO
research/graham_v6_comparison/audit_v12_inputs/documents/SLCE_RI.html.gz,9f2304eb6cd1fb2d0b3c1b98a2ec3f90d660339c4c1365bf1e4a06d142fbb38b,INALTERADO
research/graham_v6_comparison/audit_v12_inputs/documents/SYNE_RI.html.gz,2944b0e25cb6aed186d30333dc8788e49540106b9d4a10795949e3d72232f8c4,INALTERADO
research/graham_v6_comparison/audit_v12_inputs/documents/TGMA_AGO25.pdf.gz,aaf18289dab20fbf200b709c7de2d29c9774193d50b8fa6643f2b62fd3a931f5,INALTERADO
research/graham_v6_comparison/audit_v12_inputs/documents/TGMA_AUSENCIA26.html.gz,3d86300673c5eb7c53d53e5351c68ea6feb325cd134942b8654dbbda92e756fb,INALTERADO
research/graham_v6_comparison/audit_v12_inputs/documents/TGMA_CAPITAL25.pdf.gz,d4b24cce14b81df4375234013629bb99a1b4d994ad951e0863cd21a065f73543,INALTERADO
research/graham_v6_comparison/audit_v12_inputs/documents/TGMA_DEZ25.pdf.gz,c42b6d6267808168e1b9d0c746c309814c388b1a5f22ae52947a268291361fcb,INALTERADO
research/graham_v6_comparison/audit_v12_inputs/documents/TGMA_NOV25.pdf.gz,28325c6244fc81ae889d084a114d3e95ee058ef32c6fd0f6fa29abcae8d8d2e6,INALTERADO
research/graham_v6_comparison/audit_v12_inputs/documents/TGMA_RI.html.gz,c446d863a6f3c3124935d56dd4571c9af9ccfdf3d6576520bb99755becf34a17,INALTERADO
research/graham_v6_comparison/audit_v12_inputs/legacy_source_catalog.json,d403e476263fff515e6d826c0c7bcfcb5f22f82457ec3e9225164d5787fcbe55,INALTERADO
research/graham_v6_comparison/audit_v12_inputs/sources_manifest.json,ea498cc76a44823a0dc130fca8eb76d59b74cda8036ca2489a58564fbffc8482,INALTERADO
research/graham_v6_comparison/audit_v12_inputs/verified_facts.json,d319ed0cf255a992d56c7cb9a32b8de6baac121f9aa457bc65adbbe54dc51f74,INALTERADO
research/graham_v6_comparison/checkpoint_v12_2026_10_07/alteracoes_documentais.json,78e369473d17f8093b11861fe9ce05c322bfb381f84a6cb0e612b2f2e430d980,INALTERADO
research/graham_v6_comparison/checkpoint_v12_2026_10_07/barsi_alternativas_96_anuais_manutencao.csv,f1c314d47d67dcc97dac26c75fd2376603195fe85652f41ed7c2afe31a43f0c6,INALTERADO
research/graham_v6_comparison/checkpoint_v12_2026_10_07/barsi_cobertura_patrimonial_96.csv,63b62bd263e9144685df9481c965a0f205f3224bda6d9402e77555631e7b0f6d,INALTERADO
research/graham_v6_comparison/checkpoint_v12_2026_10_07/barsi_manutencao_renovacao_96.csv,300cdb6936107a45f7a920ef41f6b7dde84b76aacf02b9040a26b4dc900f4da7,INALTERADO
research/graham_v6_comparison/checkpoint_v12_2026_10_07/barsi_posicao_ano_1212.csv,3eef6e695397bc566f65e83140463c718a5182a9aff67006c169404b6e40b41c,INALTERADO
research/graham_v6_comparison/checkpoint_v12_2026_10_07/cotacoes_suplementares_ri_B3.csv,06751b9a67c8ebc972aaf74633815dfdc5197e23ff2e857cd5cb79519ef8865c,INALTERADO
research/graham_v6_comparison/checkpoint_v12_2026_10_07/cotahist_manifest.json,8d9b36a29fbbd7b5c5df99c6ebff8a471187cd8057e8c7bebda3465c6f6a45ec,INALTERADO
research/graham_v6_comparison/checkpoint_v12_2026_10_07/eventos_cenario_v12.json,7ee41cdd41bfa193a01598af569308c59112ebc238a119f99571e03f82bb2474,INALTERADO
research/graham_v6_comparison/checkpoint_v12_2026_10_07/fatos_12_confrontados.csv,88650c14b8a9b4dbf2757a8411c0027dff52b6bdb217df3e9903d6b5e1c8d92f,INALTERADO
research/graham_v6_comparison/checkpoint_v12_2026_10_07/impacto_alertas_por_carteira.csv,bcd4c09ad090599e5a0fd425934dcffd79ece2417e3c323d29d521a27bcd0ed9,INALTERADO
research/graham_v6_comparison/checkpoint_v12_2026_10_07/impacto_conjunto_36_carteiras.csv,77c8a937f340fd15ef181ab85dcb705d3c5257895247dcd843861d154a19e5e7,INALTERADO
research/graham_v6_comparison/checkpoint_v12_2026_10_07/matriz_12_ativo_ano_atualizada.csv,e952cb6e5bb666be038b2a7053e624488eeb6f644ce6e411680ef2d3dbac76c5,INALTERADO
research/graham_v6_comparison/checkpoint_v12_2026_10_07/matriz_45_alertas_classificados.csv,ff02aacafcac2580112ac621840c84a27d7e4d7b10842c9f5bb60f5eaa52ee7c,INALTERADO
research/graham_v6_comparison/checkpoint_v12_2026_10_07/prioridades_materiais_B00S_2020.csv,5bf70ed029056d6599c9029e50e2148c290cb794dff249c94d19f7cc9c9453a6,INALTERADO
research/graham_v6_comparison/checkpoint_v12_2026_10_07/ranking_alertas_96.csv,d125236241295f9892ef7317128c610ff8917fba30c7850d444f83756e9cc712,INALTERADO
research/graham_v6_comparison/checkpoint_v12_2026_10_07/ranking_comparabilidade_parcial_96.csv,fc0c946546ce5d5829aab7357c7176cb82958bbeab91acf2b862915b1c5036b6,INALTERADO
research/graham_v6_comparison/checkpoint_v12_2026_10_07/regressao_v10_v11_1_36.csv,3166f266e3111be2ec1f918aef6f584024d78acc7c74e7b2ed59666aaf814b4b,INALTERADO
research/graham_v6_comparison/checkpoint_v12_2026_10_07/regressao_v11_2_36.csv,d20a6427f1b614ec7f32b91db9f33ff1da9f233c62e2742b0c8e82677d4b83cb,INALTERADO
research/graham_v6_comparison/checkpoint_v12_2026_10_07/regressao_v6_18.csv,768cb60492aa2b0c9d55e4725226b3fa6d2097bd77a731e6690b3a63ec9b401d,INALTERADO
research/graham_v6_comparison/checkpoint_v12_2026_10_07/resumo_alertas.json,ae09ef78467785bcb45e8fb02c38ceb808041d6e0f012585cede5e4a7eada62a,INALTERADO
research/graham_v6_comparison/checkpoint_v12_2026_10_07/resumo_comparabilidade.json,bdf88552f906e473a5787e02dc03beb3844cdf8a7805862e5efe1fc123760e21,INALTERADO
research/graham_v6_comparison/checkpoint_v12_2026_10_07/resumo_matriz_12.json,2f2eb91a6120aec95c7a0f28d42527becf4900908ec25c664b6be2314b20035e,INALTERADO
research/graham_v6_comparison/checkpoint_v12_2026_10_07/sensibilidade_12_caixa_nao_corroborado.csv,16dc46ad95a6b9f88a8dc6f070271c3b4cb08183543308ea9737a5aa2d42c1ed,INALTERADO
research/graham_v6_comparison/checkpoint_v12_2026_10_07/sensibilidades_alertas_nao_aplicadas.csv,745d807644d0fd87c3a37b991c105c6a880a95f3be433182099436d72ba96000,INALTERADO
research/graham_v6_comparison/checkpoint_v12_2026_10_07/validation_summary.json,a41258877f1481990ce4e7b8ee3c2185b8b623cb067b77f248cf249e04d5ac18,INALTERADO
scripts/audit_alerts_v12.py,69b5926e829a2dce41fafb858c58e1c6fd3461504ba9acc6c6882b5975dc1680,INALTERADO
scripts/audit_barsi_comparability_v12.py,00a8fa7a048cec2dccdbfb6b0b45e83ce629960de3280918685bd9b672de4af3,INALTERADO
scripts/update_documentary_matrix_v12.py,784ce828ba70881e5c0d0f704be6b421013ba454292928262ed8c389e147b904,INALTERADO
scripts/verify_checkpoint_v12.py,d9f55ff6d1947e36c88eb02d0702b5e39ac328cfcf78fe8318bae3995c3e49cd,INALTERADO
tests/test_audit_v12.py,5696f843a6474a94e99c7dd211c53296661ec5107dd5feff9059c22175392846,INALTERADO
