year,rule,reference,calculated,expected,difference,status
2020,R00,v10_annual,0.03743212642448168,0.037432126424481744,-6.245004513516506e-17,OK
2020,R00,v11_1_maintain,1.4904668970972255,1.4904668970972255,0.0,OK
2020,R03,v10_annual,0.3024536498636312,0.30245364986363105,1.6653345369377348e-16,OK
2020,R03,v11_1_maintain,1.3623941574861385,1.362394157486138,4.440892098500626e-16,OK
2020,R16,v10_annual,0.43226377637746416,0.4322637763774642,-5.551115123125783e-17,OK
2020,R16,v11_1_maintain,1.2662873037337414,1.2662873037337419,-4.440892098500626e-16,OK
2021,R00,v10_annual,0.19701155219266386,0.1970115521926642,-3.3306690738754696e-16,OK
2021,R00,v11_1_maintain,1.8253562955886342,1.825356295588635,-8.881784197001252e-16,OK
2021,R03,v10_annual,0.09267160243531736,0.09267160243531747,-1.1102230246251565e-16,OK
2021,R03,v11_1_maintain,2.609826440937715,2.6098264409377157,-4.440892098500626e-16,OK
2021,R16,v10_annual,0.09267160243531736,0.09267160243531747,-1.1102230246251565e-16,OK
2021,R16,v11_1_maintain,2.609826440937715,2.6098264409377157,-4.440892098500626e-16,OK
2022,R00,v10_annual,0.22188815550726604,0.2218881555072661,-5.551115123125783e-17,OK
2022,R00,v11_1_maintain,1.1888759558322421,1.1888759558322421,0.0,OK
2022,R03,v10_annual,0.35562327062596877,0.3556232706259691,-3.3306690738754696e-16,OK
2022,R03,v11_1_maintain,1.5573617187865905,1.55736171878659,4.440892098500626e-16,OK
2022,R16,v10_annual,0.2686950206441838,0.2686950206441838,0.0,OK
2022,R16,v11_1_maintain,1.0379409683444432,1.0379409683444434,-2.220446049250313e-16,OK
2023,R00,v10_annual,0.15339450821712242,0.15339450821712253,-1.1102230246251565e-16,OK
2023,R00,v11_1_maintain,1.1790744554718868,1.179074455471887,-2.220446049250313e-16,OK
2023,R03,v10_annual,0.10448029226962507,0.10448029226962505,2.7755575615628914e-17,OK
2023,R03,v11_1_maintain,0.8441272476580686,0.8441272476580683,2.220446049250313e-16,OK
2023,R16,v10_annual,0.08998339551944756,0.08998339551944778,-2.220446049250313e-16,OK
2023,R16,v11_1_maintain,0.634404610744743,0.634404610744743,0.0,OK
2024,R00,v10_annual,0.46864150053082043,0.46864150053082054,-1.1102230246251565e-16,OK
2024,R00,v11_1_maintain,0.7138419865105599,0.71384198651056,-1.1102230246251565e-16,OK
2024,R03,v10_annual,0.3113890430052251,0.3113890430052253,-2.220446049250313e-16,OK
2024,R03,v11_1_maintain,0.5626214879742688,0.562621487974269,-2.220446049250313e-16,OK
2024,R16,v10_annual,0.2776893893372472,0.27768938933724713,5.551115123125783e-17,OK
2024,R16,v11_1_maintain,0.5046380431581641,0.5046380431581639,2.220446049250313e-16,OK
2025,R00,v10_annual,0.18266397510187482,0.18266397510187476,5.551115123125783e-17,OK
2025,R00,v11_1_maintain,0.18266397510187482,0.18266397510187476,5.551115123125783e-17,OK
2025,R03,v10_annual,0.30616075689403943,0.3061607568940392,2.220446049250313e-16,OK
2025,R03,v11_1_maintain,0.30616075689403943,0.3061607568940392,2.220446049250313e-16,OK
2025,R16,v10_annual,0.25777016117281937,0.2577701611728195,-1.1102230246251565e-16,OK
2025,R16,v11_1_maintain,0.25777016117281937,0.2577701611728195,-1.1102230246251565e-16,OK
