portfolio,lineage,ticker,quantity,total_acquisition_cost,average_cost,close,value
V0,28195667000106,ABCB4,2843.8854164443173,48082.22398188795,16.907229701963413,23.77,67599.15634888143
V0,00000000000191,BBAS3,2572.3469661982276,40033.79204443997,15.563138476458128,19.91,51215.42809700671
V0,60746948000112,BBDC4,3296.020030214649,53635.509726719865,16.272810612509208,18.1,59657.96254688515
V0,17155730000164,CMIG4,10986.122887946529,79239.004598232,7.212645025586725,10.87,119419.15579197876
V0,76483817000120,CPLE3,13958.25991682361,73644.62299840865,5.27606044286697,15.02,209653.06395069062
V0,03220438000173,EQTL3,2851.503116251546,50762.1923798572,17.801906682320876,38.94,111037.5313468352
V0,60872504000123,ITUB4,1731.0109590934117,37391.545857898,21.60098736606567,42.18,73014.0422545601
V0,60872504000123,XPBR31,24.384378674680725,3911.1940758271494,160.39752859843415,83.9,2045.849370805713
V0,02149205000169,PSSA3,1778.0534822900854,45403.996035362055,25.53578758321877,52.92,94094.59028279132
V0,02474103000119,TBLE3,1741.6637549398927,42647.40965398016,24.486591934303636,34.83,60662.14858455646
V0,02558115000121,TIMS3,3352.1458852509804,41331.408302590986,12.329835788007907,21.87,73311.43051043895
V0,02998611000104,TRPL4,4029.5814038806466,80577.58442262739,19.996514860086457,28.11,113271.53326308497
V0,02558157000162,VIVT3,2059.4908212695677,44943.062985723715,21.822414803489476,33.95,69919.71338210184
V0,76484013000145,SAPR4,17270.193530362165,77443.84092979273,4.484248586655456,7.14,123309.18180678585
V0,17344597000194,BBSE3,1760.150004511099,52370.54852995783,29.75345760062326,39.17,68945.07567669975
V0,90400888000142,SANB4,3026.9521107539426,46572.9850540309,15.386099069281496,13.93,42165.44290280242
V0,02429144000193,CPFE3,1202.5048810064382,41385.6172403848,34.41617401648054,44.78,53848.168571468304
V0,07859971000130,TAEE4,3567.9587709985963,43520.054213659736,12.19746555576913,13.4,47810.64753138119
V0,17281106000103,CSMG3,1894.6787693219528,36373.8326229849,19.197888957188226,59.93,113548.09864546463
V0,00001180000126,ELET3,666.0098364945414,27432.119723688276,41.18876061662057,54.38,36217.61490857317
V0,00001180000126,AXIA7,146.68352485416543,0.0,0.0,53.01,7775.693652519309
V0,61186680000174,BMGB4,7768.577224001207,30452.023948283448,3.919897179396143,5.27,40940.40197048635
BH padrão,02846056000197,CCRO3,8313.147164075224,111462.12519387403,13.407933601314198,14.62,121538.21153877977
BH padrão,84429695000111,WEGE3,6191.997537228718,59814.44151500911,9.659958867131524,46.91,290466.60447139916
BH padrão,60872504000123,ITUB4,4564.196826945429,98389.83101578083,21.55687730969916,42.18,192517.8221605582
BH padrão,60872504000123,XPBR31,62.42461041121711,10459.105831163648,167.5477950485414,83.9,5237.424813501116
BH padrão,60746948000112,BBDC4,7479.486974703135,126454.09465028586,16.906787200509147,18.1,135378.71424212676
BH padrão,02932074000191,HYPE3,3899.299130162991,101297.5515274758,25.978399744684776,20.81,81144.41489869183
BH padrão,61585865000151,RADL3,5377.413310565357,40641.41858208677,7.557800792852561,16.81,90394.31775060364
BH padrão,02474103000119,TBLE3,4138.4506840438435,102407.26956050655,24.745315911422285,34.83,144142.23732524706
BH padrão,17155730000164,CMIG4,19294.91804248964,128965.011985171,6.683884932870673,10.87,209735.7591218624
BESST-10 BH,02149205000169,PSSA3,3357.1335648208724,87241.77053773517,25.98698230297851,52.92,177659.50825032056
BESST-10 BH,02474103000119,TBLE3,3387.035996767211,85772.41266103,25.323738142404242,34.83,117970.46376740196
BESST-10 BH,02558115000121,TIMS3,6488.328874096074,84795.30397084639,13.068897341098436,21.87,141899.75247648114
BESST-10 BH,02558157000162,VIVT3,4063.3777096224435,88914.34692721265,21.881880859033974,33.95,137951.67324168197
BESST-10 BH,17155730000164,CMIG4,13782.88837485076,92190.65596188662,6.688776216899809,10.87,149819.99663462775
BESST-10 BH,17281106000103,CSMG3,6587.7606119758575,96700.27191359477,14.67877744947256,59.93,394804.4934757131
BESST-10 BH,17344597000194,BBSE3,3648.7182076095078,108766.040436364,29.809383528037124,39.17,142920.29219206443
BESST-10 BH,43776517000180,SBSP3,7688.007856847039,50187.939854581484,6.528081238871714,29.64,227872.55287694623
BESST-10 BH,60746948000112,BBDC4,6793.833497082029,112003.02415026542,16.485983090161255,18.1,122968.38629718473
BESST-10 BH,60872504000123,ITUB4,3541.440779742744,78856.26325331767,22.266718027414232,42.18,149377.97208954894
BESST-10 BH,60872504000123,XPBR31,46.22289813031263,7829.8222676330815,169.39271625848883,83.9,3878.1011531332297
V10,60746948000112,BBDC4,8005.990702996951,124419.6320606345,15.540816455614848,18.1,144908.43172424482
V10,17155730000164,CMIG4,15030.361176482016,99542.39589920292,6.62275475155958,10.87,163380.0259883595
V10,60872504000123,ITUB4,3586.4325515710943,76314.6918776725,21.27871939045435,42.18,151275.72502526877
V10,60872504000123,XPBR31,47.766126691644295,7481.2218058648705,156.62190602474698,83.9,4007.5780294289566
V10,02149205000169,PSSA3,3572.5676650912123,90849.82085148324,25.429839087222362,52.92,189060.28083662697
V10,02474103000119,TBLE3,3708.493275980468,94103.25446427477,25.375064065444565,34.83,129166.82080239968
V10,02558115000121,TIMS3,6677.690529296675,82905.04811736423,12.415227652979626,21.87,146041.0918757183
V10,02558157000162,VIVT3,4359.82071333172,93683.86367835988,21.48800830086608,33.95,148015.9132176119
V10,76484013000145,SAPR4,19407.444847116065,80080.38637148312,4.126271490261791,7.14,138569.1562084087
V10,17344597000194,BBSE3,3719.20433950273,109964.72741754433,29.566734543078905,39.17,145681.23397832195
V10,17281106000103,CSMG3,3906.0539562069434,87711.74787852915,22.455334427510955,59.93,234089.81359548212
VVAL,60746948000112,BBDC4,8860.951660716973,136940.0023269892,15.454322241038934,18.1,160383.22505897723
VVAL,76483817000120,CPLE3,20928.131191943656,110914.49271392555,5.299780075758623,15.02,314340.5305029937
VVAL,02149205000169,PSSA3,3670.7250688586087,97944.02348487075,26.682473257340924,52.92,194254.7706439976
VVAL,02474103000119,TBLE3,3857.8791747659275,100640.63424139815,26.087036343616024,34.83,134369.93165709724
VVAL,00000000000191,BBAS3,4977.123508313828,78262.95917226578,15.724536279144909,19.91,99094.52905052832
VVAL,60872504000123,ITUB4,4008.3856244109356,90868.65287162902,22.66963844951492,42.18,169073.70563765327
VVAL,60872504000123,XPBR31,47.233011779153074,7840.577974306638,165.99784089498146,83.9,3962.8496882709433
VVAL,76484013000145,SAPR4,20728.212603836164,89087.74628141317,4.297898134493551,7.14,147999.4379913902
VVAL,17344597000194,BBSE3,3976.1522819966312,117520.75163452717,29.556401088218365,39.17,155745.88488580805
VVAL,17281106000103,CSMG3,5585.915963550451,101826.2543969589,18.229106034068824,59.93,334763.94369557855
VVAL,90400888000142,SANB4,7938.219653455529,116208.0536081513,14.639057456361215,13.93,110579.39977263552
