portfolio,date,revenue_code,amount,calendar_status
V0,2015-02-27,6015,12.338937337125879,B3_SESSION_BANK_CALENDAR_PROXY
V0,2016-07-29,6015,350.0319778914203,B3_SESSION_BANK_CALENDAR_PROXY
V0,2017-07-31,6015,1190.6950046409506,B3_SESSION_BANK_CALENDAR_PROXY
V0,2017-11-30,6015,58.080208546681206,B3_SESSION_BANK_CALENDAR_PROXY
V0,2020-07-31,6015,1240.4457348797112,B3_SESSION_BANK_CALENDAR_PROXY
V0,2020-08-31,6015,116.42537969440582,B3_SESSION_BANK_CALENDAR_PROXY
V0,2023-10-31,4600,2963.0913321695193,B3_SESSION_BANK_CALENDAR_PROXY
V0,2024-07-31,6015,6364.087785853323,B3_SESSION_BANK_CALENDAR_PROXY
V0,2026-01-30,4600,950.3831516807909,B3_SESSION_BANK_CALENDAR_PROXY
V0,2026-06-30,4600,4437.06932324962,B3_SESSION_BANK_CALENDAR_PROXY
BH padrão,2017-11-30,6015,116.40932393052434,B3_SESSION_BANK_CALENDAR_PROXY
BESST-10 BH,2017-11-30,6015,81.22512980789152,B3_SESSION_BANK_CALENDAR_PROXY
V10,2016-07-29,6015,845.3969651449222,B3_SESSION_BANK_CALENDAR_PROXY
V10,2017-11-30,6015,101.32171385868321,B3_SESSION_BANK_CALENDAR_PROXY
V10,2024-07-31,6015,10093.758878910838,B3_SESSION_BANK_CALENDAR_PROXY
VVAL,2017-07-31,6015,1374.4363425801725,B3_SESSION_BANK_CALENDAR_PROXY
VVAL,2020-07-31,6015,1808.367336322704,B3_SESSION_BANK_CALENDAR_PROXY
VVAL,2021-07-30,6015,853.3079781713345,B3_SESSION_BANK_CALENDAR_PROXY
VVAL,2023-10-31,4600,4981.032783796458,B3_SESSION_BANK_CALENDAR_PROXY
VVAL,2024-07-31,6015,9775.167075976553,B3_SESSION_BANK_CALENDAR_PROXY
VVAL,2026-01-30,4600,1420.4045993696236,B3_SESSION_BANK_CALENDAR_PROXY
