portfolio,month,date,nav,external_capital,monthly_twr_pct,cumulative_twr_pct,status
VVAL,2014-07,2014-07-31,99273.50344260229,102500.0,-3.1580393351177016,-3.1580393351177016,EXACT_FLOW_ADJUSTED_TWR
VVAL,2014-08,2014-08-29,112542.07894966684,105000.0,10.600310459842754,7.1075091507586174,EXACT_FLOW_ADJUSTED_TWR
VVAL,2014-09,2014-09-30,102251.8655395703,107500.0,-11.132665723065116,-4.816411807296717,EXACT_FLOW_ADJUSTED_TWR
VVAL,2014-10,2014-10-31,101861.32030940072,110000.0,-2.7932276343655804,-7.4751060960760345,EXACT_FLOW_ADJUSTED_TWR
VVAL,2014-11,2014-11-28,106443.90047400264,112500.0,1.9754821146716894,-5.647293365385064,EXACT_FLOW_ADJUSTED_TWR
VVAL,2014-12,2014-12-30,103245.289817646,115000.0,-5.320368188716406,-10.667204754366033,EXACT_FLOW_ADJUSTED_TWR
VVAL,2015-01,2015-01-30,91350.84951490726,117500.0,-13.662372208103502,-22.872183744727536,EXACT_FLOW_ADJUSTED_TWR
VVAL,2015-02,2015-02-27,103673.5855228949,120000.0,10.539071721203651,-14.743627872586206,EXACT_FLOW_ADJUSTED_TWR
VVAL,2015-03,2015-03-31,111491.75098014376,122500.0,4.976472896972073,-10.500867620723808,EXACT_FLOW_ADJUSTED_TWR
VVAL,2015-04,2015-04-30,120733.56889077788,125000.0,5.967792231021152,-5.159745351762024,EXACT_FLOW_ADJUSTED_TWR
VVAL,2015-05,2015-05-29,118189.15471049168,127500.0,-4.053394379597819,-9.003994903269962,EXACT_FLOW_ADJUSTED_TWR
VVAL,2015-06,2015-06-30,122294.97420721283,130000.0,1.3600412267826378,-7.766411719229205,EXACT_FLOW_ADJUSTED_TWR
VVAL,2015-07,2015-07-31,122617.95194943264,132500.0,-1.7559730286396014,-9.386008652786037,EXACT_FLOW_ADJUSTED_TWR
VVAL,2015-08,2015-08-31,107167.16001108025,135000.0,-14.347293365650494,-22.386663821695972,EXACT_FLOW_ADJUSTED_TWR
VVAL,2015-09,2015-09-30,109403.98640808673,137500.0,-0.2982262773107647,-22.618127184877224,EXACT_FLOW_ADJUSTED_TWR
VVAL,2015-10,2015-10-30,115045.42001663343,140000.0,2.785670749400415,-20.46252298852812,EXACT_FLOW_ADJUSTED_TWR
VVAL,2015-11,2015-11-30,120190.84267477252,142500.0,2.347767152292657,-18.595168229490454,EXACT_FLOW_ADJUSTED_TWR
VVAL,2015-12,2015-12-30,117880.402256572,145000.0,-3.91316146294044,-21.78067073530553,EXACT_FLOW_ADJUSTED_TWR
VVAL,2016-01,2016-01-29,114888.79008060845,147500.0,-4.648206829864188,-25.416466940461014,EXACT_FLOW_ADJUSTED_TWR
VVAL,2016-02,2016-02-29,123576.82575687292,150000.0,5.31446316783899,-21.452752546738797,EXACT_FLOW_ADJUSTED_TWR
VVAL,2016-03,2016-03-31,147732.8875712335,152500.0,17.231698886364043,-7.917727382065576,EXACT_FLOW_ADJUSTED_TWR
VVAL,2016-04,2016-04-29,159569.8656487081,155000.0,6.230871953176886,-2.1801988836668174,EXACT_FLOW_ADJUSTED_TWR
VVAL,2016-05,2016-05-31,152719.9278769376,157500.0,-5.785062353868897,-7.83913537267723,EXACT_FLOW_ADJUSTED_TWR
VVAL,2016-06,2016-06-30,173369.04026432039,160000.0,11.696127643576993,2.940116991558628,EXACT_FLOW_ADJUSTED_TWR
VVAL,2016-07,2016-07-29,199932.14515341073,162500.0,13.681706171975305,17.024081331431297,EXACT_FLOW_ADJUSTED_TWR
VVAL,2016-08,2016-08-31,205921.8083667836,165000.0,1.7156479313163553,19.031802561935972,EXACT_FLOW_ADJUSTED_TWR
VVAL,2016-09,2016-09-30,211963.30745257478,167500.0,1.7108412625224112,21.068247755689782,EXACT_FLOW_ADJUSTED_TWR
VVAL,2016-10,2016-10-31,242403.66079107704,170000.0,13.04595708348617,36.86275939962578,EXACT_FLOW_ADJUSTED_TWR
VVAL,2016-11,2016-11-30,221113.28603439874,172500.0,-9.736748566494846,23.536776635717427,EXACT_FLOW_ADJUSTED_TWR
VVAL,2016-12,2016-12-29,221244.0041748078,175000.0,-1.1172774751393333,22.156528056853375,EXACT_FLOW_ADJUSTED_TWR
VVAL,2017-01,2017-01-31,250685.3324739655,177500.0,12.039564855888884,36.86364247796035,EXACT_FLOW_ADJUSTED_TWR
VVAL,2017-02,2017-02-24,267483.92250051757,180000.0,5.64735569653132,44.59281918791971,EXACT_FLOW_ADJUSTED_TWR
VVAL,2017-03,2017-03-31,260958.44059364687,182500.0,-3.340686205060406,39.762426823800936,EXACT_FLOW_ADJUSTED_TWR
VVAL,2017-04,2017-04-28,260488.93770258175,185000.0,-1.1185910455736359,38.19905683227349,EXACT_FLOW_ADJUSTED_TWR
VVAL,2017-05,2017-05-31,256092.6229978284,187500.0,-2.601424605927327,34.60391256267923,EXACT_FLOW_ADJUSTED_TWR
VVAL,2017-06,2017-06-30,258948.49621272957,190000.0,0.12901273988894513,34.77756875827407,EXACT_FLOW_ADJUSTED_TWR
VVAL,2017-07,2017-07-31,273547.12651955546,192500.0,4.636373678225181,41.026360480334525,EXACT_FLOW_ADJUSTED_TWR
VVAL,2017-08,2017-08-31,295145.043869885,195000.0,6.928915946331493,50.79795846018735,EXACT_FLOW_ADJUSTED_TWR
VVAL,2017-09,2017-09-29,309675.8174479864,197500.0,4.0544548370148314,56.91199358109604,EXACT_FLOW_ADJUSTED_TWR
VVAL,2017-10,2017-10-31,298050.7554549986,200000.0,-4.523914359384951,49.81342937188364,EXACT_FLOW_ADJUSTED_TWR
VVAL,2017-11,2017-11-30,283269.2465016307,202500.0,-5.755490372175876,41.190931868158366,EXACT_FLOW_ADJUSTED_TWR
VVAL,2017-12,2017-12-28,299177.41283071454,205000.0,4.692079347320943,47.81572242263421,EXACT_FLOW_ADJUSTED_TWR
VVAL,2018-01,2018-01-31,334127.16434143734,207500.0,10.76665660759275,63.73053366791173,EXACT_FLOW_ADJUSTED_TWR
VVAL,2018-02,2018-02-28,347399.4163007051,210000.0,3.202024011885052,68.97322467074581,EXACT_FLOW_ADJUSTED_TWR
VVAL,2018-03,2018-03-29,358113.92197476415,212500.0,2.3513876381890064,72.94644018750304,EXACT_FLOW_ADJUSTED_TWR
VVAL,2018-04,2018-04-30,354295.56725660554,215000.0,-1.7614317935304213,69.9001066042613,EXACT_FLOW_ADJUSTED_TWR
VVAL,2018-05,2018-05-30,313634.27897315804,217500.0,-12.106576267721225,49.33102061927672,EXACT_FLOW_ADJUSTED_TWR
VVAL,2018-06,2018-06-29,299961.05860541575,220000.0,-5.100289213692255,41.7147066819352,EXACT_FLOW_ADJUSTED_TWR
VVAL,2018-07,2018-07-31,320887.5184295049,222500.0,6.089201297896496,50.34400044052181,EXACT_FLOW_ADJUSTED_TWR
VVAL,2018-08,2018-08-31,320801.03211733483,225000.0,-0.7921558682961627,49.15304161840102,EXACT_FLOW_ADJUSTED_TWR
VVAL,2018-09,2018-09-28,326899.0116199247,227500.0,1.1122197126413713,50.81195114928505,EXACT_FLOW_ADJUSTED_TWR
VVAL,2018-10,2018-10-31,381772.36170026776,230000.0,15.889920611754583,74.77585045994455,EXACT_FLOW_ADJUSTED_TWR
VVAL,2018-11,2018-11-30,412257.3627932864,232500.0,7.296301844078745,87.5280240600578,EXACT_FLOW_ADJUSTED_TWR
VVAL,2018-12,2018-12-28,425904.8825486249,235000.0,2.690381086621385,92.5732425514844,EXACT_FLOW_ADJUSTED_TWR
VVAL,2019-01,2019-01-31,501024.8860521532,237500.0,16.973153053621147,125.25899375006895,EXACT_FLOW_ADJUSTED_TWR
VVAL,2019-02,2019-02-28,492078.4759465658,240000.0,-2.270854620283169,120.14368948289214,EXACT_FLOW_ADJUSTED_TWR
VVAL,2019-03,2019-03-29,493635.79962589475,242500.0,-0.19310119994463415,119.7185893768983,EXACT_FLOW_ADJUSTED_TWR
VVAL,2019-04,2019-04-30,517078.91066725383,245000.0,4.222516134431564,128.99624226368326,EXACT_FLOW_ADJUSTED_TWR
VVAL,2019-05,2019-05-31,537835.7965133812,247500.0,3.5141150766514917,137.04343373803675,EXACT_FLOW_ADJUSTED_TWR
VVAL,2019-06,2019-06-28,550399.2882986035,250000.0,1.86440150257432,141.46287507840248,EXACT_FLOW_ADJUSTED_TWR
VVAL,2019-07,2019-07-31,564481.6543063953,252500.0,2.0947882278474106,146.52101096016676,EXACT_FLOW_ADJUSTED_TWR
VVAL,2019-08,2019-08-30,570530.0452537598,255000.0,0.6299276577841795,148.073914990454,EXACT_FLOW_ADJUSTED_TWR
VVAL,2019-09,2019-09-30,569969.5471571281,257500.0,-0.5349911278601738,146.7467415547197,EXACT_FLOW_ADJUSTED_TWR
VVAL,2019-10,2019-10-31,595837.1939179407,260000.0,4.078985248094558,156.81150474289072,EXACT_FLOW_ADJUSTED_TWR
VVAL,2019-11,2019-11-29,608966.4682363507,262500.0,1.7795651387374711,161.38163275356234,EXACT_FLOW_ADJUSTED_TWR
VVAL,2019-12,2019-12-30,672727.5493903839,265000.0,10.018334036734199,187.56771783348407,EXACT_FLOW_ADJUSTED_TWR
VVAL,2020-01,2020-01-31,667058.7660770711,267500.0,-1.2063482747177945,184.0986496307545,EXACT_FLOW_ADJUSTED_TWR
VVAL,2020-02,2020-02-28,637428.3607709549,270000.0,-4.795024147214444,170.47605077904967,EXACT_FLOW_ADJUSTED_TWR
VVAL,2020-03,2020-03-31,465016.40163772355,272500.0,-27.327042759340426,96.56294472888345,EXACT_FLOW_ADJUSTED_TWR
VVAL,2020-04,2020-04-30,484254.16858670255,275000.0,3.556892790337929,103.55447793842103,EXACT_FLOW_ADJUSTED_TWR
VVAL,2020-05,2020-05-29,530986.9201368298,277500.0,9.078175672544031,122.03351103500077,EXACT_FLOW_ADJUSTED_TWR
VVAL,2020-06,2020-06-30,556868.5813352831,280000.0,4.38544816132771,131.77067556221655,EXACT_FLOW_ADJUSTED_TWR
VVAL,2020-07,2020-07-31,590884.0141170858,282500.0,5.643113976113834,144.84975894740145,EXACT_FLOW_ADJUSTED_TWR
VVAL,2020-08,2020-08-31,550363.6781654354,285000.0,-7.251331373802394,127.09489155816902,EXACT_FLOW_ADJUSTED_TWR
VVAL,2020-09,2020-09-30,520659.9017672001,287500.0,-5.81656669352747,113.88576573309423,EXACT_FLOW_ADJUSTED_TWR
VVAL,2020-10,2020-10-30,516783.4056066061,290000.0,-1.215283571404946,111.28644716056625,EXACT_FLOW_ADJUSTED_TWR
VVAL,2020-11,2020-11-30,578374.6961161748,292500.0,11.391246796049636,135.35460780323137,EXACT_FLOW_ADJUSTED_TWR
VVAL,2020-12,2020-12-30,628580.0258767891,295000.0,8.225133359271108,154.71283816223664,EXACT_FLOW_ADJUSTED_TWR
VVAL,2021-01,2021-01-29,581805.9083766381,297500.0,-7.814313006195572,134.8087797212751,EXACT_FLOW_ADJUSTED_TWR
VVAL,2021-02,2021-02-26,534783.495206527,300000.0,-8.47022388241575,114.91995038331466,EXACT_FLOW_ADJUSTED_TWR
VVAL,2021-03,2021-03-31,582512.971029461,302500.0,8.406431039468231,132.98704780234735,EXACT_FLOW_ADJUSTED_TWR
VVAL,2021-04,2021-04-30,575172.4796301571,305000.0,-1.6916850817986884,129.04564067215185,EXACT_FLOW_ADJUSTED_TWR
VVAL,2021-05,2021-05-31,603062.1291827499,307500.0,4.394416595997286,139.11086031825718,EXACT_FLOW_ADJUSTED_TWR
VVAL,2021-06,2021-06-30,591802.0879543,310000.0,-2.266500167945551,133.6914122675678,EXACT_FLOW_ADJUSTED_TWR
VVAL,2021-07,2021-07-30,576577.0151215993,312500.0,-2.985241966990504,126.71515815530361,EXACT_FLOW_ADJUSTED_TWR
VVAL,2021-08,2021-08-31,590012.4252165254,315000.0,1.8928422886387741,131.00651854362147,EXACT_FLOW_ADJUSTED_TWR
VVAL,2021-09,2021-09-30,583227.2398958188,317500.0,-1.5621392075413243,127.39787514547531,EXACT_FLOW_ADJUSTED_TWR
VVAL,2021-10,2021-10-29,573384.0958227315,320000.0,-2.1041065310034246,122.61318160317636,EXACT_FLOW_ADJUSTED_TWR
VVAL,2021-11,2021-11-30,578478.1772528859,322500.0,0.4581522767372892,123.63308896300862,EXACT_FLOW_ADJUSTED_TWR
VVAL,2021-12,2021-12-30,580852.5993592906,325000.0,-0.024985323306014884,123.577213512712,EXACT_FLOW_ADJUSTED_TWR
VVAL,2022-01,2022-01-31,628285.7605281968,327500.0,7.6998463201240375,140.7923153600064,EXACT_FLOW_ADJUSTED_TWR
VVAL,2022-02,2022-02-25,638964.200186344,330000.0,1.2962827041672176,143.91366449698194,EXACT_FLOW_ADJUSTED_TWR
VVAL,2022-03,2022-03-31,685717.6368635128,332500.0,6.899707595834403,160.74299413355823,EXACT_FLOW_ADJUSTED_TWR
VVAL,2022-04,2022-04-29,658166.0911792446,335000.0,-4.359671763742057,149.37545544238188,EXACT_FLOW_ADJUSTED_TWR
VVAL,2022-05,2022-05-31,695631.527865413,337500.0,5.288598028348068,162.5639208620917,EXACT_FLOW_ADJUSTED_TWR
VVAL,2022-06,2022-06-30,638082.1123659572,340000.0,-8.602935109791076,139.97571712860278,EXACT_FLOW_ADJUSTED_TWR
VVAL,2022-07,2022-07-29,670609.147814283,342500.0,4.691712127113545,151.23468695125314,EXACT_FLOW_ADJUSTED_TWR
VVAL,2022-08,2022-08-31,714623.1230690251,345000.0,6.166685573794806,166.72754014784462,EXACT_FLOW_ADJUSTED_TWR
VVAL,2022-09,2022-09-30,710108.052269892,347500.0,-0.974416555612867,164.1285028382651,EXACT_FLOW_ADJUSTED_TWR
VVAL,2022-10,2022-10-31,768109.2139518196,350000.0,7.814690954862313,184.76932905878022,EXACT_FLOW_ADJUSTED_TWR
VVAL,2022-11,2022-11-30,752050.894981649,352500.0,-2.404189060257955,177.92293600257904,EXACT_FLOW_ADJUSTED_TWR
VVAL,2022-12,2022-12-29,743409.227893529,355000.0,-1.4767472791273661,173.81871660709004,EXACT_FLOW_ADJUSTED_TWR
VVAL,2023-01,2023-01-31,772318.8059045753,357500.0,3.531792171929826,183.489424605498,EXACT_FLOW_ADJUSTED_TWR
VVAL,2023-02,2023-02-28,752066.8475381881,360000.0,-2.939857759619946,175.15523875853128,EXACT_FLOW_ADJUSTED_TWR
VVAL,2023-03,2023-03-31,758300.7267666496,362500.0,0.4939494559379698,176.5143665633639,EXACT_FLOW_ADJUSTED_TWR
VVAL,2023-04,2023-04-28,798827.3536704881,365000.0,4.99549935913044,190.32763997294035,EXACT_FLOW_ADJUSTED_TWR
VVAL,2023-05,2023-05-31,833488.6681297151,367500.0,4.010106719302664,201.97008817148804,EXACT_FLOW_ADJUSTED_TWR
VVAL,2023-06,2023-06-30,909100.2104007496,370000.0,8.74715802649202,228.3838889765854,EXACT_FLOW_ADJUSTED_TWR
VVAL,2023-07,2023-07-31,906034.5326686377,372500.0,-0.6086245016649672,226.38526416875365,EXACT_FLOW_ADJUSTED_TWR
VVAL,2023-08,2023-08-31,,375000.0,,,ND_MISSING_EXACT_MARK
VVAL,2023-09,2023-09-29,890153.3780332995,377500.0,,,ND_MISSING_EXACT_MARK
VVAL,2023-10,2023-10-31,868119.7143568833,380000.0,-2.7500930525491962,,EXACT_FLOW_ADJUSTED_TWR
VVAL,2023-11,2023-11-30,992686.4605227405,382500.0,14.02679575888055,,EXACT_FLOW_ADJUSTED_TWR
VVAL,2023-12,2023-12-28,1077032.7469513062,385000.0,8.225480891829108,,EXACT_FLOW_ADJUSTED_TWR
VVAL,2024-01,2024-01-31,1049667.6763572618,387500.0,-2.7692538304241676,,EXACT_FLOW_ADJUSTED_TWR
VVAL,2024-02,2024-02-29,1054202.0208691799,390000.0,0.19456998674400872,,EXACT_FLOW_ADJUSTED_TWR
VVAL,2024-03,2024-03-28,1076532.8680984252,392500.0,1.876165933940821,,EXACT_FLOW_ADJUSTED_TWR
VVAL,2024-04,2024-04-30,1046364.1868880527,395000.0,-3.0300999260786554,,EXACT_FLOW_ADJUSTED_TWR
VVAL,2024-05,2024-05-31,1045646.450395755,397500.0,-0.30457867223290247,,EXACT_FLOW_ADJUSTED_TWR
VVAL,2024-06,2024-06-28,1068966.2875879072,400000.0,1.9873098402579226,,EXACT_FLOW_ADJUSTED_TWR
VVAL,2024-07,2024-07-31,1106553.4631302347,402500.0,3.2724475550011567,,EXACT_FLOW_ADJUSTED_TWR
VVAL,2024-08,2024-08-30,1209779.7615743598,405000.0,9.081268720817114,,EXACT_FLOW_ADJUSTED_TWR
VVAL,2024-09,2024-09-30,1184784.0673051842,407500.0,-2.2680355066646563,,EXACT_FLOW_ADJUSTED_TWR
VVAL,2024-10,2024-10-31,1165412.9923322392,410000.0,-1.8423070133348984,,EXACT_FLOW_ADJUSTED_TWR
VVAL,2024-11,2024-11-29,1140344.6386659401,412500.0,-2.362853941659837,,EXACT_FLOW_ADJUSTED_TWR
VVAL,2024-12,2024-12-30,1085013.1267184685,415000.0,-5.061065322812963,,EXACT_FLOW_ADJUSTED_TWR
VVAL,2025-01,2025-01-31,1164000.5671803087,417500.0,7.0322029681790355,,EXACT_FLOW_ADJUSTED_TWR
VVAL,2025-02,2025-02-28,1165625.550951162,420000.0,-0.0739637212914479,,EXACT_FLOW_ADJUSTED_TWR
VVAL,2025-03,2025-03-31,1213654.4769799898,422500.0,3.89981959822574,,EXACT_FLOW_ADJUSTED_TWR
VVAL,2025-04,2025-04-30,1335880.3872512367,425000.0,9.846754230005983,,EXACT_FLOW_ADJUSTED_TWR
VVAL,2025-05,2025-05-30,1394356.8709251387,427500.0,4.180681712387768,,EXACT_FLOW_ADJUSTED_TWR
VVAL,2025-06,2025-06-30,1460977.7309013002,430000.0,4.589495610023153,,EXACT_FLOW_ADJUSTED_TWR
VVAL,2025-07,2025-07-31,1356882.0575284157,432500.0,-7.282866450109104,,EXACT_FLOW_ADJUSTED_TWR
VVAL,2025-08,2025-08-29,1434875.6884980933,435000.0,5.552417104298746,,EXACT_FLOW_ADJUSTED_TWR
VVAL,2025-09,2025-09-30,1510058.918899154,437500.0,5.055281204798101,,EXACT_FLOW_ADJUSTED_TWR
VVAL,2025-10,2025-10-31,1539455.167728289,440000.0,1.7765251953875127,,EXACT_FLOW_ADJUSTED_TWR
VVAL,2025-11,2025-11-28,1631035.6596204038,442500.0,5.778108487132405,,EXACT_FLOW_ADJUSTED_TWR
VVAL,2025-12,2025-12-30,1660073.073405112,445000.0,1.6243568868927971,,EXACT_FLOW_ADJUSTED_TWR
VVAL,2026-01,2026-01-30,1847520.0928706909,447500.0,11.12339983665267,,EXACT_FLOW_ADJUSTED_TWR
VVAL,2026-02,2026-02-27,1899930.415703873,450000.0,2.6994867159770397,,EXACT_FLOW_ADJUSTED_TWR
VVAL,2026-03,2026-03-31,1861259.2098547618,452500.0,-2.164203839493817,,EXACT_FLOW_ADJUSTED_TWR
VVAL,2026-04,2026-04-30,1838941.4153404352,455000.0,-1.3301860293527312,,EXACT_FLOW_ADJUSTED_TWR
VVAL,2026-05,2026-05-29,1752274.7270495577,457500.0,-4.842856844594956,,EXACT_FLOW_ADJUSTED_TWR
VVAL,2026-06,2026-06-30,1855145.2642338169,460000.0,5.717933737058978,,EXACT_FLOW_ADJUSTED_TWR
IBOV,2014-07,2014-07-31,107630.19603346939,102500.0,5.005226806539698,5.005226806539698,EXACT_FLOW_ADJUSTED_TWR
IBOV,2014-08,2014-08-29,120894.60792277656,105000.0,9.77753481543151,15.272149415571935,EXACT_FLOW_ADJUSTED_TWR
IBOV,2014-09,2014-09-30,108959.80939590189,107500.0,-11.70237639739492,1.7825686095942483,EXACT_FLOW_ADJUSTED_TWR
IBOV,2014-10,2014-10-31,112575.66625311453,110000.0,0.9472617884772605,2.7467159893635795,EXACT_FLOW_ADJUSTED_TWR
IBOV,2014-11,2014-11-28,115308.25910790615,112500.0,0.17463379987772143,2.9261464837453843,EXACT_FLOW_ADJUSTED_TWR
IBOV,2014-12,2014-12-30,107761.473515055,115000.0,-8.618869234705063,-5.944923490009613,EXACT_FLOW_ADJUSTED_TWR
IBOV,2015-01,2015-01-30,103499.14657805169,117500.0,-6.198541376168054,-11.774966323867886,EXACT_FLOW_ADJUSTED_TWR
IBOV,2015-02,2015-02-27,116521.48631095553,120000.0,9.96725909275411,-2.981348632698233,EXACT_FLOW_ADJUSTED_TWR
IBOV,2015-03,2015-03-31,118049.87510500243,122500.0,-0.8392866732101378,-3.7956132441522072,EXACT_FLOW_ADJUSTED_TWR
IBOV,2015-04,2015-04-30,132458.95976830332,125000.0,9.930017814216008,5.757499498760743,EXACT_FLOW_ADJUSTED_TWR
IBOV,2015-05,2015-05-29,126587.05862628615,127500.0,-6.169212607359354,-0.7669054935448116,EXACT_FLOW_ADJUSTED_TWR
IBOV,2015-06,2015-06-30,129858.14826116255,130000.0,0.6072917849291315,-0.16427106267614677,EXACT_FLOW_ADJUSTED_TWR
IBOV,2015-07,2015-07-31,126846.92006228378,132500.0,-4.174968463220652,-4.332381260835872,EXACT_FLOW_ADJUSTED_TWR
IBOV,2015-08,2015-08-31,118599.90622227536,135000.0,-8.334354013593304,-12.305659282932535,EXACT_FLOW_ADJUSTED_TWR
IBOV,2015-09,2015-09-30,117093.09893147048,137500.0,-3.3590617327163286,-15.25136632371742,EXACT_FLOW_ADJUSTED_TWR
IBOV,2015-10,2015-10-30,121727.27173220894,140000.0,1.796453299138423,-13.728896698065107,EXACT_FLOW_ADJUSTED_TWR
IBOV,2015-11,2015-11-30,122088.41950279401,142500.0,-1.6317188084888135,-15.136598516933597,EXACT_FLOW_ADJUSTED_TWR
IBOV,2015-12,2015-12-30,119703.83425979306,145000.0,-3.9237275589113274,-18.46640718835424,EXACT_FLOW_ADJUSTED_TWR
IBOV,2016-01,2016-01-29,113971.61137439807,147500.0,-6.791171202926138,-24.00349306408979,EXACT_FLOW_ADJUSTED_TWR
IBOV,2016-02,2016-02-29,123344.02032130878,150000.0,5.909693092534063,-19.512332743131132,EXACT_FLOW_ADJUSTED_TWR
IBOV,2016-03,2016-03-31,147109.65875433944,152500.0,16.9683454589046,-5.854907311171987,EXACT_FLOW_ADJUSTED_TWR
IBOV,2016-04,2016-04-29,161105.55499270483,155000.0,7.701946268594706,1.3960971422402269,EXACT_FLOW_ADJUSTED_TWR
IBOV,2016-05,2016-05-31,147114.73461352612,157500.0,-10.088572727019784,-8.833321860314303,EXACT_FLOW_ADJUSTED_TWR
IBOV,2016-06,2016-06-30,159015.77026580813,160000.0,6.303100572086406,-3.086994448939606,EXACT_FLOW_ADJUSTED_TWR
IBOV,2016-07,2016-07-29,179600.12440706487,162500.0,11.219921547804535,7.786568743508826,EXACT_FLOW_ADJUSTED_TWR
IBOV,2016-08,2016-08-31,184008.68434390103,165000.0,1.034581438607396,8.901708577040978,EXACT_FLOW_ADJUSTED_TWR
IBOV,2016-09,2016-09-30,187995.04772435472,167500.0,0.80471700883058,9.778059148867534,EXACT_FLOW_ADJUSTED_TWR
IBOV,2016-10,2016-10-31,211845.77542567652,170000.0,11.234885305131126,22.111498184441803,EXACT_FLOW_ADJUSTED_TWR
IBOV,2016-11,2016-11-30,204441.59306299096,172500.0,-4.648722031171282,16.43487406574833,EXACT_FLOW_ADJUSTED_TWR
IBOV,2016-12,2016-12-29,201426.8562106105,175000.0,-2.7122742658871046,13.276840939944968,EXACT_FLOW_ADJUSTED_TWR
IBOV,2017-01,2017-01-31,219001.114758506,177500.0,7.377885901538317,21.634277017361157,EXACT_FLOW_ADJUSTED_TWR
IBOV,2017-02,2017-02-24,228314.92786950627,180000.0,3.079164964455372,25.379597060048333,EXACT_FLOW_ADJUSTED_TWR
IBOV,2017-03,2017-03-31,224992.89168954824,182500.0,-2.517232430421501,22.223501181720984,EXACT_FLOW_ADJUSTED_TWR
IBOV,2017-04,2017-04-28,228951.56129951146,185000.0,0.6450504939211177,23.011904479781364,EXACT_FLOW_ADJUSTED_TWR
IBOV,2017-05,2017-05-31,221878.44993625057,187500.0,-4.115652374408363,17.949162112254303,EXACT_FLOW_ADJUSTED_TWR
IBOV,2017-06,2017-06-30,225069.9198132195,190000.0,0.3005829715042596,18.303697208595683,EXACT_FLOW_ADJUSTED_TWR
IBOV,2017-07,2017-07-31,238481.86906287458,192500.0,4.801894182143496,23.984515562115895,EXACT_FLOW_ADJUSTED_TWR
IBOV,2017-08,2017-08-31,258924.19802212116,195000.0,7.4554962988673035,33.22817653101799,EXACT_FLOW_ADJUSTED_TWR
IBOV,2017-09,2017-09-29,274148.30450481916,197500.0,4.88239932067529,39.7329081169165,EXACT_FLOW_ADJUSTED_TWR
IBOV,2017-10,2017-10-31,276701.89294169407,200000.0,0.020176731477183907,39.76110165057251,EXACT_FLOW_ADJUSTED_TWR
IBOV,2017-11,2017-11-30,270435.0216985049,202500.0,-3.14567016501075,35.364678373660105,EXACT_FLOW_ADJUSTED_TWR
IBOV,2017-12,2017-12-28,289728.2322526253,205000.0,6.156772332852434,43.6987734402243,EXACT_FLOW_ADJUSTED_TWR
IBOV,2018-01,2018-01-31,324727.1573341998,207500.0,11.139251706236264,59.70574151250507,EXACT_FLOW_ADJUSTED_TWR
IBOV,2018-02,2018-02-28,328909.126184611,210000.0,0.5192391715255873,60.53499628161341,EXACT_FLOW_ADJUSTED_TWR
IBOV,2018-03,2018-03-29,331454.85579428123,212500.0,0.014012297079424307,60.557490922208835,EXACT_FLOW_ADJUSTED_TWR
IBOV,2018-04,2018-04-30,336909.4878265084,215000.0,0.8785041649114644,61.96799516703779,EXACT_FLOW_ADJUSTED_TWR
IBOV,2018-05,2018-05-30,302552.53754704463,217500.0,-10.871318171525445,44.35993907638816,EXACT_FLOW_ADJUSTED_TWR
IBOV,2018-06,2018-06-29,289175.27739111165,220000.0,-5.199872683512863,36.853406038419244,EXACT_FLOW_ADJUSTED_TWR
IBOV,2018-07,2018-07-31,317559.56021078135,222500.0,8.875338567163427,48.99960916502384,EXACT_FLOW_ADJUSTED_TWR
IBOV,2018-08,2018-08-31,309783.4374944011,225000.0,-3.209916531642598,44.21684607835288,EXACT_FLOW_ADJUSTED_TWR
IBOV,2018-09,2018-09-28,323153.19567193213,227500.0,3.4754640635920264,49.22905073745185,EXACT_FLOW_ADJUSTED_TWR
IBOV,2018-10,2018-10-31,358846.5399770639,230000.0,10.185117849302072,64.42820542045611,EXACT_FLOW_ADJUSTED_TWR
IBOV,2018-11,2018-11-30,369916.94189195154,232500.0,2.3797706682009645,68.34121962330136,EXACT_FLOW_ADJUSTED_TWR
IBOV,2018-12,2018-12-28,365681.1338853369,235000.0,-1.806354417784306,65.30038056568385,EXACT_FLOW_ADJUSTED_TWR
IBOV,2019-01,2019-01-31,407910.9624460681,237500.0,10.81667458779867,83.18038482386667,EXACT_FLOW_ADJUSTED_TWR
IBOV,2019-02,2019-02-28,402774.54608979286,240000.0,-1.8578194185971841,79.77722406354783,EXACT_FLOW_ADJUSTED_TWR
IBOV,2019-03,2019-03-29,404580.5090444646,242500.0,-0.17763368166442417,79.45787916164966,EXACT_FLOW_ADJUSTED_TWR
IBOV,2019-04,2019-04-30,411068.8965810318,245000.0,0.983885478275015,81.22353917434147,EXACT_FLOW_ADJUSTED_TWR
IBOV,2019-05,2019-05-31,416496.44204764115,247500.0,0.7026119387882224,82.49683739647493,EXACT_FLOW_ADJUSTED_TWR
IBOV,2019-06,2019-06-28,435996.94574048655,250000.0,4.05737093312688,89.90141103087532,EXACT_FLOW_ADJUSTED_TWR
IBOV,2019-07,2019-07-31,442157.18077790044,252500.0,0.8368361210373321,91.49057463274126,EXACT_FLOW_ADJUSTED_TWR
IBOV,2019-08,2019-08-30,441690.52992022363,255000.0,-0.66546098190855,90.21627957452789,EXACT_FLOW_ADJUSTED_TWR
IBOV,2019-09,2019-09-30,460062.1236867386,257500.0,3.5702021296171615,97.00738523877621,EXACT_FLOW_ADJUSTED_TWR
IBOV,2019-10,2019-10-31,473506.7371540683,260000.0,2.3624062631151466,101.66150004645647,EXACT_FLOW_ADJUSTED_TWR
IBOV,2019-11,2019-11-29,480483.2288521961,262500.0,0.9452076169119028,103.56761990527437,EXACT_FLOW_ADJUSTED_TWR
IBOV,2019-12,2019-12-30,516041.9813459231,265000.0,6.848226349603381,117.50839129088781,EXACT_FLOW_ADJUSTED_TWR
IBOV,2020-01,2020-01-31,510030.14076962386,267500.0,-1.6297846502072555,113.96347291671619,EXACT_FLOW_ADJUSTED_TWR
IBOV,2020-02,2020-02-28,469311.0798555778,270000.0,-8.429106851345768,95.9282631617159,EXACT_FLOW_ADJUSTED_TWR
IBOV,2020-03,2020-03-31,330678.80889351905,272500.0,-29.904329943380915,37.33722889350073,EXACT_FLOW_ADJUSTED_TWR
IBOV,2020-04,2020-04-30,367416.6980116219,275000.0,10.252197487365077,51.417312823337035,EXACT_FLOW_ADJUSTED_TWR
IBOV,2020-05,2020-05-29,401662.4383143284,277500.0,8.566702386620406,64.38878337473032,EXACT_FLOW_ADJUSTED_TWR
IBOV,2020-06,2020-06-30,439514.7462886336,280000.0,8.75629658114252,78.78315279315362,EXACT_FLOW_ADJUSTED_TWR
IBOV,2020-07,2020-07-31,478515.24675706984,282500.0,8.265059414562925,93.55968659473659,EXACT_FLOW_ADJUSTED_TWR
IBOV,2020-08,2020-08-31,464456.65728703764,285000.0,-3.442826625870754,86.89576216770101,EXACT_FLOW_ADJUSTED_TWR
IBOV,2020-09,2020-09-30,444496.10195868695,287500.0,-4.7960257283070185,77.93219332902257,EXACT_FLOW_ADJUSTED_TWR
IBOV,2020-10,2020-10-30,443897.49806042033,290000.0,-0.6881149489584959,76.70781530771585,EXACT_FLOW_ADJUSTED_TWR
IBOV,2020-11,2020-11-30,517325.32023004285,292500.0,15.902648575235979,104.80903818107893,EXACT_FLOW_ADJUSTED_TWR
IBOV,2020-12,2020-12-30,568092.51412623,295000.0,9.297099216003325,123.85033766411597,EXACT_FLOW_ADJUSTED_TWR
IBOV,2021-01,2021-01-29,551660.2134850078,297500.0,-3.3185864501646956,116.42167068974669,EXACT_FLOW_ADJUSTED_TWR
IBOV,2021-02,2021-02-26,529874.653913531,300000.0,-4.373413703515894,106.95665568642325,EXACT_FLOW_ADJUSTED_TWR
IBOV,2021-03,2021-03-31,564292.711153406,302500.0,5.9967644890265515,119.36735892230361,EXACT_FLOW_ADJUSTED_TWR
IBOV,2021-04,2021-04-30,577806.5035246711,305000.0,1.9377929470139499,123.6182441315508,EXACT_FLOW_ADJUSTED_TWR
IBOV,2021-05,2021-05-31,616036.7390662329,307500.0,6.158342602106215,137.38942172598598,EXACT_FLOW_ADJUSTED_TWR
IBOV,2021-06,2021-06-30,621367.9988458806,310000.0,0.4642289831861657,138.49145222465603,EXACT_FLOW_ADJUSTED_TWR
IBOV,2021-07,2021-07-30,599285.2654656306,312500.0,-3.9438521546169114,129.08570194751675,EXACT_FLOW_ADJUSTED_TWR
IBOV,2021-08,2021-08-31,586851.2082827857,315000.0,-2.479261423509649,123.40606851235569,EXACT_FLOW_ADJUSTED_TWR
IBOV,2021-09,2021-09-30,550628.653082469,317500.0,-6.568329976596421,108.7320207447231,EXACT_FLOW_ADJUSTED_TWR
IBOV,2021-10,2021-10-29,515816.1012231485,320000.0,-6.738557079666352,94.66649438329893,EXACT_FLOW_ADJUSTED_TWR
IBOV,2021-11,2021-11-30,510329.5412455928,322500.0,-1.5316416669992061,91.68490124363767,EXACT_FLOW_ADJUSTED_TWR
IBOV,2021-12,2021-12-30,527486.3681944034,325000.0,2.8523545743064593,97.1524342925154,EXACT_FLOW_ADJUSTED_TWR
IBOV,2022-01,2022-01-31,567025.1702486929,327500.0,6.98425833247156,110.9220696122609,EXACT_FLOW_ADJUSTED_TWR
IBOV,2022-02,2022-02-25,574571.5709225412,330000.0,0.8903145621177888,112.79993951273907,EXACT_FLOW_ADJUSTED_TWR
IBOV,2022-03,2022-03-31,611999.8665390188,332500.0,6.060785240203592,125.69728683788935,EXACT_FLOW_ADJUSTED_TWR
IBOV,2022-04,2022-04-29,552390.2195407391,335000.0,-10.102623158498591,102.89594046970177,EXACT_FLOW_ADJUSTED_TWR
IBOV,2022-05,2022-05-31,572791.425284658,337500.0,3.220683791488299,109.43057713799718,EXACT_FLOW_ADJUSTED_TWR
IBOV,2022-06,2022-06-30,509115.9259567789,340000.0,-11.502919923761457,85.33994555394189,EXACT_FLOW_ADJUSTED_TWR
IBOV,2022-07,2022-07-29,535605.6451194069,342500.0,4.691139154441348,94.03450030864313,EXACT_FLOW_ADJUSTED_TWR
IBOV,2022-08,2022-08-31,571294.2744122678,345000.0,6.163145549121518,105.99312897817543,EXACT_FLOW_ADJUSTED_TWR
IBOV,2022-09,2022-09-30,576466.5920951181,347500.0,0.46922615621503017,106.95970261934677,EXACT_FLOW_ADJUSTED_TWR
IBOV,2022-10,2022-10-31,610399.134431985,350000.0,5.4529853151841445,118.24518481152855,EXACT_FLOW_ADJUSTED_TWR
IBOV,2022-11,2022-11-30,594124.1705033007,352500.0,-3.060289004170047,111.56625141861073,EXACT_FLOW_ADJUSTED_TWR
IBOV,2022-12,2022-12-29,582065.0393812823,355000.0,-2.4460019517093645,106.39133677975319,EXACT_FLOW_ADJUSTED_TWR
IBOV,2023-01,2023-01-31,604335.199272181,357500.0,3.368071692975594,113.34274497058598,EXACT_FLOW_ADJUSTED_TWR
IBOV,2023-02,2023-02-28,561397.0007475631,360000.0,-7.4923472990607305,97.35836558004026,EXACT_FLOW_ADJUSTED_TWR
IBOV,2023-03,2023-03-31,547520.6866028808,362500.0,-2.906388932329751,91.62236388579508,EXACT_FLOW_ADJUSTED_TWR
IBOV,2023-04,2023-04-28,563793.5181836177,365000.0,2.5023311235917722,96.4173899370716,EXACT_FLOW_ADJUSTED_TWR
IBOV,2023-05,2023-05-31,587524.137125577,367500.0,3.7377947658195243,103.75906885729877,EXACT_FLOW_ADJUSTED_TWR
IBOV,2023-06,2023-06-30,643081.0177780906,370000.0,9.001637235292304,122.10072106984225,EXACT_FLOW_ADJUSTED_TWR
IBOV,2023-07,2023-07-31,666627.4313297222,372500.0,3.265372140879186,129.35313614034865,EXACT_FLOW_ADJUSTED_TWR
IBOV,2023-08,2023-08-31,635113.8674365047,375000.0,-5.085302983410767,117.68983426565734,EXACT_FLOW_ADJUSTED_TWR
IBOV,2023-09,2023-09-29,642103.7613490552,377500.0,0.7113764680196422,119.23842851989419,EXACT_FLOW_ADJUSTED_TWR
IBOV,2023-10,2023-10-31,625714.7253213424,380000.0,-2.935267884909365,112.80319333616977,EXACT_FLOW_ADJUSTED_TWR
IBOV,2023-11,2023-11-30,706941.9081438371,382500.0,12.539322791986507,139.48727266024724,EXACT_FLOW_ADJUSTED_TWR
IBOV,2023-12,2023-12-28,747612.9819690414,385000.0,5.382910320744849,152.37865777714603,EXACT_FLOW_ADJUSTED_TWR
IBOV,2024-01,2024-01-31,714178.597907335,387500.0,-4.794089126345035,140.27939998743634,EXACT_FLOW_ADJUSTED_TWR
IBOV,2024-02,2024-02-29,723776.1826450527,390000.0,0.9923423675882725,142.66379427409856,EXACT_FLOW_ADJUSTED_TWR
IBOV,2024-03,2024-03-28,721128.4864181592,392500.0,-0.7083551839474178,140.94487270779447,EXACT_FLOW_ADJUSTED_TWR
IBOV,2024-04,2024-04-30,711325.1962207964,395000.0,-1.7032053899072697,136.84108664913012,EXACT_FLOW_ADJUSTED_TWR
IBOV,2024-05,2024-05-31,692113.3761318147,397500.0,-3.038415414861917,129.6448705636565,EXACT_FLOW_ADJUSTED_TWR
IBOV,2024-06,2024-06-28,704903.0484432579,400000.0,1.4811533906877727,133.04626335055065,EXACT_FLOW_ADJUSTED_TWR
IBOV,2024-07,2024-07-31,728768.6002869789,402500.0,3.0226489237251686,140.0904337214978,EXACT_FLOW_ADJUSTED_TWR
IBOV,2024-08,2024-08-30,779120.5402414546,405000.0,6.542954620071595,155.79944184702845,EXACT_FLOW_ADJUSTED_TWR
IBOV,2024-09,2024-09-30,757574.1261799781,407500.0,-3.0790048028730976,147.9233647468359,EXACT_FLOW_ADJUSTED_TWR
IBOV,2024-10,2024-10-31,747934.6641372384,410000.0,-1.595483841014067,143.96778752420173,EXACT_FLOW_ADJUSTED_TWR
IBOV,2024-11,2024-11-29,727060.21056237,412500.0,-3.1188005118672035,136.35891891810581,EXACT_FLOW_ADJUSTED_TWR
IBOV,2024-12,2024-12-30,698309.3495087133,415000.0,-4.284652643401266,126.23176025076654,EXACT_FLOW_ADJUSTED_TWR
IBOV,2025-01,2025-01-31,734905.7312875951,417500.0,4.864794310769405,137.2374700525993,EXACT_FLOW_ADJUSTED_TWR
IBOV,2025-02,2025-02-28,717906.9781198879,420000.0,-2.644667686843949,130.96332734103214,EXACT_FLOW_ADJUSTED_TWR
IBOV,2025-03,2025-03-31,764168.7399723493,422500.0,6.075330037054827,144.9951117415631,EXACT_FLOW_ADJUSTED_TWR
IBOV,2025-04,2025-04-30,794946.2894998145,425000.0,3.690654826510209,154.03703565776715,EXACT_FLOW_ADJUSTED_TWR
IBOV,2025-05,2025-05-30,809014.9654188548,427500.0,1.450872852185836,157.7227900426234,EXACT_FLOW_ADJUSTED_TWR
IBOV,2025-06,2025-06-30,822345.2852588528,430000.0,1.3340327594740353,161.16089649042243,EXACT_FLOW_ADJUSTED_TWR
IBOV,2025-07,2025-07-31,790477.0296636474,432500.0,-4.165184300700164,150.28306383023556,EXACT_FLOW_ADJUSTED_TWR
IBOV,2025-08,2025-08-29,842755.0191093661,435000.0,6.27575269001035,165.99020994120193,EXACT_FLOW_ADJUSTED_TWR
IBOV,2025-09,2025-09-30,874034.5081913259,437500.0,3.4045276889224985,175.04592028847324,EXACT_FLOW_ADJUSTED_TWR
IBOV,2025-10,2025-10-31,896347.5608371166,440000.0,2.2589423663036845,181.2590491086594,EXACT_FLOW_ADJUSTED_TWR
IBOV,2025-11,2025-11-28,956123.9102163172,442500.0,6.373995313508196,199.18648771766308,EXACT_FLOW_ADJUSTED_TWR
IBOV,2025-12,2025-12-30,971004.8095732419,445000.0,1.2907603613530494,203.0482683076471,EXACT_FLOW_ADJUSTED_TWR
IBOV,2026-01,2026-01-30,1095794.448102633,447500.0,12.560734538577002,241.11335681352523,EXACT_FLOW_ADJUSTED_TWR
IBOV,2026-02,2026-02-27,1143226.4142920128,450000.0,4.092920366180941,255.07485486630947,EXACT_FLOW_ADJUSTED_TWR
IBOV,2026-03,2026-03-31,1137677.4729480203,452500.0,-0.7019234059467472,252.58250135137138,EXACT_FLOW_ADJUSTED_TWR
IBOV,2026-04,2026-04-30,1139293.8951642518,455000.0,-0.07692232189761006,252.31128670472725,EXACT_FLOW_ADJUSTED_TWR
IBOV,2026-05,2026-05-29,1059342.385780988,457500.0,-7.223105095708027,226.86347220200358,EXACT_FLOW_ADJUSTED_TWR
IBOV,2026-06,2026-06-30,1051091.036910799,460000.0,-1.0146702734471824,223.54688571481253,EXACT_FLOW_ADJUSTED_TWR
