mechanism,start_year,rule,event_id,record_date,eligible_itsa3,rights_per_share,rights_sold,fraction_discarded,ticker_sold,sale_date,sale_price,gross_proceeds,costs,taxes,net_proceeds,settlement_date,reinvest_date,reinvest_price,itsa3_bought,source_url,period_year
maintain,2020,R00,ITSA_RIGHTS_2023_SALE_PROCEEDS,2023-08-17,203.46010256020577,0.01390757436,2,0.829636505649288,ITSA1F,2023-08-24,3.3,6.6,0.0,0.0,6.6,2023-08-28,2023-08-28,9.59,0.6882168925964546,https://api.mziq.com/mzfilemanager/v2/d/afd9200b-9b01-4d1c-bdd9-9b2c1e9b3b4d/fac6b435-abe5-4eeb-8f00-eaea34902bd1?origin=1,
maintain,2020,R00,ITSA_RIGHTS_2025_SALE_PROCEEDS,2025-02-17,247.82438257590374,0.013766678,3,0.4117184754712775,ITSA1F,2025-03-10,2.55,7.6499999999999995,0.0,0.0,7.6499999999999995,2025-03-12,2025-03-12,9.25,0.827027027027027,https://api.mziq.com/mzfilemanager/v2/d/afd9200b-9b01-4d1c-bdd9-9b2c1e9b3b4d/8df7a32b-5a88-1114-6f2f-89c9b9013c73?origin=1,
renew,2020,R00,ITSA_RIGHTS_2025_SALE_PROCEEDS,2025-02-17,316.0220123116294,0.013766678,4,0.3505732844062379,ITSA1F,2025-03-10,2.55,10.2,0.0,0.0,10.2,2025-03-12,2025-03-12,9.25,1.1027027027027025,https://api.mziq.com/mzfilemanager/v2/d/afd9200b-9b01-4d1c-bdd9-9b2c1e9b3b4d/8df7a32b-5a88-1114-6f2f-89c9b9013c73?origin=1,2024
maintain,2020,R03,ITSA_RIGHTS_2023_SALE_PROCEEDS,2023-08-17,135.64006837347048,0.01390757436,1,0.8864243370995251,ITSA1F,2023-08-24,3.3,3.3,0.0,0.0,3.3,2023-08-28,2023-08-28,9.59,0.3441084462982273,https://api.mziq.com/mzfilemanager/v2/d/afd9200b-9b01-4d1c-bdd9-9b2c1e9b3b4d/fac6b435-abe5-4eeb-8f00-eaea34902bd1?origin=1,
maintain,2020,R03,ITSA_RIGHTS_2025_SALE_PROCEEDS,2025-02-17,165.07735816399915,0.013766678,2,0.27256683493444767,ITSA1F,2025-03-10,2.55,5.1,0.0,0.0,5.1,2025-03-12,2025-03-12,9.25,0.5513513513513513,https://api.mziq.com/mzfilemanager/v2/d/afd9200b-9b01-4d1c-bdd9-9b2c1e9b3b4d/8df7a32b-5a88-1114-6f2f-89c9b9013c73?origin=1,
renew,2020,R03,ITSA_RIGHTS_2023_SALE_PROCEEDS,2023-08-17,199.09615314116667,0.01390757436,2,0.768944554600723,ITSA1F,2023-08-24,3.3,6.6,0.0,0.0,6.6,2023-08-28,2023-08-28,9.59,0.6882168925964546,https://api.mziq.com/mzfilemanager/v2/d/afd9200b-9b01-4d1c-bdd9-9b2c1e9b3b4d/fac6b435-abe5-4eeb-8f00-eaea34902bd1?origin=1,2023
renew,2020,R03,ITSA_RIGHTS_2025_SALE_PROCEEDS,2025-02-17,177.64931219579654,0.013766678,2,0.44564087792100393,ITSA1F,2025-03-10,2.55,5.1,0.0,0.0,5.1,2025-03-12,2025-03-12,9.25,0.5513513513513513,https://api.mziq.com/mzfilemanager/v2/d/afd9200b-9b01-4d1c-bdd9-9b2c1e9b3b4d/8df7a32b-5a88-1114-6f2f-89c9b9013c73?origin=1,2024
maintain,2020,R16,ITSA_RIGHTS_2023_SALE_PROCEEDS,2023-08-17,174.39437362303346,0.01390757436,2,0.42540271912796035,ITSA1F,2023-08-24,3.3,6.6,0.0,0.0,6.6,2023-08-28,2023-08-28,9.59,0.6882168925964546,https://api.mziq.com/mzfilemanager/v2/d/afd9200b-9b01-4d1c-bdd9-9b2c1e9b3b4d/fac6b435-abe5-4eeb-8f00-eaea34902bd1?origin=1,
maintain,2020,R16,ITSA_RIGHTS_2025_SALE_PROCEEDS,2025-02-17,212.53995382500594,0.013766678,2,0.9259691064437252,ITSA1F,2025-03-10,2.55,5.1,0.0,0.0,5.1,2025-03-12,2025-03-12,9.25,0.5513513513513513,https://api.mziq.com/mzfilemanager/v2/d/afd9200b-9b01-4d1c-bdd9-9b2c1e9b3b4d/8df7a32b-5a88-1114-6f2f-89c9b9013c73?origin=1,
renew,2020,R16,ITSA_RIGHTS_2023_SALE_PROCEEDS,2023-08-17,292.71419244125474,0.01390757436,4,0.07094439760410065,ITSA1F,2023-08-24,3.3,13.2,0.0,0.0,13.2,2023-08-28,2023-08-28,9.59,1.3764337851929092,https://api.mziq.com/mzfilemanager/v2/d/afd9200b-9b01-4d1c-bdd9-9b2c1e9b3b4d/fac6b435-abe5-4eeb-8f00-eaea34902bd1?origin=1,2023
renew,2020,R16,ITSA_RIGHTS_2025_SALE_PROCEEDS,2025-02-17,293.298352045453,0.013766678,4,0.0377439705403928,ITSA1F,2025-03-10,2.55,10.2,0.0,0.0,10.2,2025-03-12,2025-03-12,9.25,1.1027027027027025,https://api.mziq.com/mzfilemanager/v2/d/afd9200b-9b01-4d1c-bdd9-9b2c1e9b3b4d/8df7a32b-5a88-1114-6f2f-89c9b9013c73?origin=1,2024
renew,2021,R00,ITSA_RIGHTS_2025_SALE_PROCEEDS,2025-02-17,304.61945823945325,0.013766678,4,0.19359799411699985,ITSA1F,2025-03-10,2.55,10.2,0.0,0.0,10.2,2025-03-12,2025-03-12,9.25,1.1027027027027025,https://api.mziq.com/mzfilemanager/v2/d/afd9200b-9b01-4d1c-bdd9-9b2c1e9b3b4d/8df7a32b-5a88-1114-6f2f-89c9b9013c73?origin=1,2024
renew,2021,R03,ITSA_RIGHTS_2023_SALE_PROCEEDS,2023-08-17,152.86237108093053,0.01390757436,2,0.12594479265395497,ITSA1F,2023-08-24,3.3,6.6,0.0,0.0,6.6,2023-08-28,2023-08-28,9.59,0.6882168925964546,https://api.mziq.com/mzfilemanager/v2/d/afd9200b-9b01-4d1c-bdd9-9b2c1e9b3b4d/fac6b435-abe5-4eeb-8f00-eaea34902bd1?origin=1,2023
renew,2021,R03,ITSA_RIGHTS_2025_SALE_PROCEEDS,2025-02-17,136.41076700526747,0.013766678,1,0.8779231050945415,ITSA1F,2025-03-10,2.55,2.55,0.0,0.0,2.55,2025-03-12,2025-03-12,9.25,0.27567567567567564,https://api.mziq.com/mzfilemanager/v2/d/afd9200b-9b01-4d1c-bdd9-9b2c1e9b3b4d/8df7a32b-5a88-1114-6f2f-89c9b9013c73?origin=1,2024
renew,2021,R16,ITSA_RIGHTS_2023_SALE_PROCEEDS,2023-08-17,204.37170671285045,0.01390757436,2,0.8423147081890789,ITSA1F,2023-08-24,3.3,6.6,0.0,0.0,6.6,2023-08-28,2023-08-28,9.59,0.6882168925964546,https://api.mziq.com/mzfilemanager/v2/d/afd9200b-9b01-4d1c-bdd9-9b2c1e9b3b4d/fac6b435-abe5-4eeb-8f00-eaea34902bd1?origin=1,2023
renew,2021,R16,ITSA_RIGHTS_2025_SALE_PROCEEDS,2025-02-17,204.73827118055024,0.013766678,2,0.8185658536193152,ITSA1F,2025-03-10,2.55,5.1,0.0,0.0,5.1,2025-03-12,2025-03-12,9.25,0.5513513513513513,https://api.mziq.com/mzfilemanager/v2/d/afd9200b-9b01-4d1c-bdd9-9b2c1e9b3b4d/8df7a32b-5a88-1114-6f2f-89c9b9013c73?origin=1,2024
renew,2022,R00,ITSA_RIGHTS_2025_SALE_PROCEEDS,2025-02-17,254.48330693338494,0.013766678,3,0.5033897429270779,ITSA1F,2025-03-10,2.55,7.6499999999999995,0.0,0.0,7.6499999999999995,2025-03-12,2025-03-12,9.25,0.827027027027027,https://api.mziq.com/mzfilemanager/v2/d/afd9200b-9b01-4d1c-bdd9-9b2c1e9b3b4d/8df7a32b-5a88-1114-6f2f-89c9b9013c73?origin=1,2024
maintain,2022,R03,ITSA_RIGHTS_2023_SALE_PROCEEDS,2023-08-17,95.09777432757178,0.01390757436,1,0.32257936793120345,ITSA1F,2023-08-24,3.3,3.3,0.0,0.0,3.3,2023-08-28,2023-08-28,9.59,0.3441084462982273,https://api.mziq.com/mzfilemanager/v2/d/afd9200b-9b01-4d1c-bdd9-9b2c1e9b3b4d/fac6b435-abe5-4eeb-8f00-eaea34902bd1?origin=1,
maintain,2022,R03,ITSA_RIGHTS_2025_SALE_PROCEEDS,2025-02-17,115.86091880503399,0.013766678,1,0.5950199619730476,ITSA1F,2025-03-10,2.55,2.55,0.0,0.0,2.55,2025-03-12,2025-03-12,9.25,0.27567567567567564,https://api.mziq.com/mzfilemanager/v2/d/afd9200b-9b01-4d1c-bdd9-9b2c1e9b3b4d/8df7a32b-5a88-1114-6f2f-89c9b9013c73?origin=1,
renew,2022,R03,ITSA_RIGHTS_2023_SALE_PROCEEDS,2023-08-17,139.897816269989,0.01390757436,1,0.9456392825764899,ITSA1F,2023-08-24,3.3,3.3,0.0,0.0,3.3,2023-08-28,2023-08-28,9.59,0.3441084462982273,https://api.mziq.com/mzfilemanager/v2/d/afd9200b-9b01-4d1c-bdd9-9b2c1e9b3b4d/fac6b435-abe5-4eeb-8f00-eaea34902bd1?origin=1,2023
renew,2022,R03,ITSA_RIGHTS_2025_SALE_PROCEEDS,2025-02-17,124.81488856151368,0.013766678,1,0.7182863804322421,ITSA1F,2025-03-10,2.55,2.55,0.0,0.0,2.55,2025-03-12,2025-03-12,9.25,0.27567567567567564,https://api.mziq.com/mzfilemanager/v2/d/afd9200b-9b01-4d1c-bdd9-9b2c1e9b3b4d/8df7a32b-5a88-1114-6f2f-89c9b9013c73?origin=1,2024
maintain,2022,R16,ITSA_RIGHTS_2023_SALE_PROCEEDS,2023-08-17,147.92987117622278,0.01390757436,2,0.05734568344853885,ITSA1F,2023-08-24,3.3,6.6,0.0,0.0,6.6,2023-08-28,2023-08-28,9.59,0.6882168925964546,https://api.mziq.com/mzfilemanager/v2/d/afd9200b-9b01-4d1c-bdd9-9b2c1e9b3b4d/fac6b435-abe5-4eeb-8f00-eaea34902bd1?origin=1,
maintain,2022,R16,ITSA_RIGHTS_2025_SALE_PROCEEDS,2025-02-17,180.41329176774624,0.013766678,2,0.48369169468661344,ITSA1F,2025-03-10,2.55,5.1,0.0,0.0,5.1,2025-03-12,2025-03-12,9.25,0.5513513513513513,https://api.mziq.com/mzfilemanager/v2/d/afd9200b-9b01-4d1c-bdd9-9b2c1e9b3b4d/8df7a32b-5a88-1114-6f2f-89c9b9013c73?origin=1,
renew,2022,R16,ITSA_RIGHTS_2023_SALE_PROCEEDS,2023-08-17,187.03854502794093,0.01390757436,2,0.6012524731622966,ITSA1F,2023-08-24,3.3,6.6,0.0,0.0,6.6,2023-08-28,2023-08-28,9.59,0.6882168925964546,https://api.mziq.com/mzfilemanager/v2/d/afd9200b-9b01-4d1c-bdd9-9b2c1e9b3b4d/fac6b435-abe5-4eeb-8f00-eaea34902bd1?origin=1,2023
renew,2022,R16,ITSA_RIGHTS_2025_SALE_PROCEEDS,2025-02-17,187.382855536837,0.013766678,2,0.5796394348961522,ITSA1F,2025-03-10,2.55,5.1,0.0,0.0,5.1,2025-03-12,2025-03-12,9.25,0.5513513513513513,https://api.mziq.com/mzfilemanager/v2/d/afd9200b-9b01-4d1c-bdd9-9b2c1e9b3b4d/8df7a32b-5a88-1114-6f2f-89c9b9013c73?origin=1,2024
renew,2023,R00,ITSA_RIGHTS_2025_SALE_PROCEEDS,2025-02-17,208.270540790811,0.013766678,2,0.8671934719529606,ITSA1F,2025-03-10,2.55,5.1,0.0,0.0,5.1,2025-03-12,2025-03-12,9.25,0.5513513513513513,https://api.mziq.com/mzfilemanager/v2/d/afd9200b-9b01-4d1c-bdd9-9b2c1e9b3b4d/8df7a32b-5a88-1114-6f2f-89c9b9013c73?origin=1,2024
maintain,2023,R03,ITSA_RIGHTS_2023_SALE_PROCEEDS,2023-08-17,103.19815195071868,0.01390757436,1,0.4352359720691992,ITSA1F,2023-08-24,3.3,3.3,0.0,0.0,3.3,2023-08-28,2023-08-28,9.59,0.3441084462982273,https://api.mziq.com/mzfilemanager/v2/d/afd9200b-9b01-4d1c-bdd9-9b2c1e9b3b4d/fac6b435-abe5-4eeb-8f00-eaea34902bd1?origin=1,
maintain,2023,R03,ITSA_RIGHTS_2025_SALE_PROCEEDS,2025-02-17,125.69439649682381,0.013766678,1,0.7303942829761014,ITSA1F,2025-03-10,2.55,2.55,0.0,0.0,2.55,2025-03-12,2025-03-12,9.25,0.27567567567567564,https://api.mziq.com/mzfilemanager/v2/d/afd9200b-9b01-4d1c-bdd9-9b2c1e9b3b4d/8df7a32b-5a88-1114-6f2f-89c9b9013c73?origin=1,
renew,2023,R03,ITSA_RIGHTS_2023_SALE_PROCEEDS,2023-08-17,103.19815195071868,0.01390757436,1,0.4352359720691992,ITSA1F,2023-08-24,3.3,3.3,0.0,0.0,3.3,2023-08-28,2023-08-28,9.59,0.3441084462982273,https://api.mziq.com/mzfilemanager/v2/d/afd9200b-9b01-4d1c-bdd9-9b2c1e9b3b4d/fac6b435-abe5-4eeb-8f00-eaea34902bd1?origin=1,2023
renew,2023,R03,ITSA_RIGHTS_2025_SALE_PROCEEDS,2025-02-17,92.08036635574476,0.013766678,1,0.2676407537415715,ITSA1F,2025-03-10,2.55,2.55,0.0,0.0,2.55,2025-03-12,2025-03-12,9.25,0.27567567567567564,https://api.mziq.com/mzfilemanager/v2/d/afd9200b-9b01-4d1c-bdd9-9b2c1e9b3b4d/8df7a32b-5a88-1114-6f2f-89c9b9013c73?origin=1,2024
maintain,2023,R16,ITSA_RIGHTS_2023_SALE_PROCEEDS,2023-08-17,147.42593135816952,0.01390757436,2,0.05033710295599825,ITSA1F,2023-08-24,3.3,6.6,0.0,0.0,6.6,2023-08-28,2023-08-28,9.59,0.6882168925964546,https://api.mziq.com/mzfilemanager/v2/d/afd9200b-9b01-4d1c-bdd9-9b2c1e9b3b4d/fac6b435-abe5-4eeb-8f00-eaea34902bd1?origin=1,
maintain,2023,R16,ITSA_RIGHTS_2025_SALE_PROCEEDS,2025-02-17,179.801532515354,0.013766678,2,0.4752698020454087,ITSA1F,2025-03-10,2.55,5.1,0.0,0.0,5.1,2025-03-12,2025-03-12,9.25,0.5513513513513513,https://api.mziq.com/mzfilemanager/v2/d/afd9200b-9b01-4d1c-bdd9-9b2c1e9b3b4d/8df7a32b-5a88-1114-6f2f-89c9b9013c73?origin=1,
renew,2023,R16,ITSA_RIGHTS_2023_SALE_PROCEEDS,2023-08-17,147.42593135816952,0.01390757436,2,0.05033710295599825,ITSA1F,2023-08-24,3.3,6.6,0.0,0.0,6.6,2023-08-28,2023-08-28,9.59,0.6882168925964546,https://api.mziq.com/mzfilemanager/v2/d/afd9200b-9b01-4d1c-bdd9-9b2c1e9b3b4d/fac6b435-abe5-4eeb-8f00-eaea34902bd1?origin=1,2023
renew,2023,R16,ITSA_RIGHTS_2025_SALE_PROCEEDS,2025-02-17,147.71938343230713,0.013766678,2,0.033605186071107074,ITSA1F,2025-03-10,2.55,5.1,0.0,0.0,5.1,2025-03-12,2025-03-12,9.25,0.5513513513513513,https://api.mziq.com/mzfilemanager/v2/d/afd9200b-9b01-4d1c-bdd9-9b2c1e9b3b4d/8df7a32b-5a88-1114-6f2f-89c9b9013c73?origin=1,2024
maintain,2024,R00,ITSA_RIGHTS_2025_SALE_PROCEEDS,2025-02-17,180.57181589389435,0.013766678,2,0.48587404528652556,ITSA1F,2025-03-10,2.55,5.1,0.0,0.0,5.1,2025-03-12,2025-03-12,9.25,0.5513513513513513,https://api.mziq.com/mzfilemanager/v2/d/afd9200b-9b01-4d1c-bdd9-9b2c1e9b3b4d/8df7a32b-5a88-1114-6f2f-89c9b9013c73?origin=1,
renew,2024,R00,ITSA_RIGHTS_2025_SALE_PROCEEDS,2025-02-17,180.57181589389435,0.013766678,2,0.48587404528652556,ITSA1F,2025-03-10,2.55,5.1,0.0,0.0,5.1,2025-03-12,2025-03-12,9.25,0.5513513513513513,https://api.mziq.com/mzfilemanager/v2/d/afd9200b-9b01-4d1c-bdd9-9b2c1e9b3b4d/8df7a32b-5a88-1114-6f2f-89c9b9013c73?origin=1,2024
maintain,2024,R03,ITSA_RIGHTS_2025_SALE_PROCEEDS,2025-02-17,83.34083810487431,0.013766678,1,0.14732648243993496,ITSA1F,2025-03-10,2.55,2.55,0.0,0.0,2.55,2025-03-12,2025-03-12,9.25,0.27567567567567564,https://api.mziq.com/mzfilemanager/v2/d/afd9200b-9b01-4d1c-bdd9-9b2c1e9b3b4d/8df7a32b-5a88-1114-6f2f-89c9b9013c73?origin=1,
renew,2024,R03,ITSA_RIGHTS_2025_SALE_PROCEEDS,2025-02-17,83.34083810487431,0.013766678,1,0.14732648243993496,ITSA1F,2025-03-10,2.55,2.55,0.0,0.0,2.55,2025-03-12,2025-03-12,9.25,0.27567567567567564,https://api.mziq.com/mzfilemanager/v2/d/afd9200b-9b01-4d1c-bdd9-9b2c1e9b3b4d/8df7a32b-5a88-1114-6f2f-89c9b9013c73?origin=1,2024
maintain,2024,R16,ITSA_RIGHTS_2025_SALE_PROCEEDS,2025-02-17,135.42886192042073,0.013766678,1,0.8644055339648937,ITSA1F,2025-03-10,2.55,2.55,0.0,0.0,2.55,2025-03-12,2025-03-12,9.25,0.27567567567567564,https://api.mziq.com/mzfilemanager/v2/d/afd9200b-9b01-4d1c-bdd9-9b2c1e9b3b4d/8df7a32b-5a88-1114-6f2f-89c9b9013c73?origin=1,
renew,2024,R16,ITSA_RIGHTS_2025_SALE_PROCEEDS,2025-02-17,135.42886192042073,0.013766678,1,0.8644055339648937,ITSA1F,2025-03-10,2.55,2.55,0.0,0.0,2.55,2025-03-12,2025-03-12,9.25,0.27567567567567564,https://api.mziq.com/mzfilemanager/v2/d/afd9200b-9b01-4d1c-bdd9-9b2c1e9b3b4d/8df7a32b-5a88-1114-6f2f-89c9b9013c73?origin=1,2024
