start_year,rule,period_year,start,end,initial_value,final_value,period_return
2020,R00,2020,2020-06-30,2021-06-30,10000.0,10374.321264244816,0.03743212642448168
2020,R00,2021,2021-06-30,2022-06-30,10374.321264244816,12418.182399459045,0.19701155219266364
2020,R00,2022,2022-06-30,2023-06-30,12418.182399459045,15173.629986827806,0.22188815550726582
2020,R00,2023,2023-06-30,2024-06-28,15173.629986827806,17501.181496525838,0.15339450821712242
2020,R00,2024,2024-06-28,2025-06-30,17501.181496525838,25715.107030793675,0.46933548662976743
2020,R00,2025,2025-06-30,2026-06-30,25715.107030793675,30412.33070120862,0.18266397510187482
2020,R03,2020,2020-06-30,2021-06-30,10000.0,13024.536498636313,0.3024536498636312
2020,R03,2021,2021-06-30,2022-06-30,13024.536498636313,14231.541166942216,0.09267160243531714
2020,R03,2022,2022-06-30,2023-06-30,14231.541166942216,19292.608382778326,0.355623270625969
2020,R03,2023,2023-06-30,2024-06-28,19292.608382778326,21315.997803171416,0.10487899719144678
2020,R03,2024,2024-06-28,2025-06-30,21315.997803171416,27959.638748139318,0.3116739364637884
2020,R03,2025,2025-06-30,2026-06-30,27959.638748139318,36519.78290975356,0.3061607568940392
2020,R16,2020,2020-06-30,2021-06-30,10000.0,14322.637763774641,0.43226377637746416
2020,R16,2021,2021-06-30,2022-06-30,14322.637763774641,15649.939556444227,0.09267160243531736
2020,R16,2022,2022-06-30,2023-06-30,15649.939556444227,19855.000388643235,0.2686950206441836
2020,R16,2023,2023-06-30,2024-06-28,19855.000388643235,21657.004857487304,0.09075821876461854
2020,R16,2024,2024-06-28,2025-06-30,21657.004857487304,27683.070887910482,0.2782502044986075
2020,R16,2025,2025-06-30,2026-06-30,27683.070887910482,34818.94053244575,0.25777016117281915
2021,R00,2021,2021-06-30,2022-06-30,10000.0,11970.115521926638,0.19701155219266386
2021,R00,2022,2022-06-30,2023-06-30,11970.115521926638,14626.142376295833,0.22188815550726582
2021,R00,2023,2023-06-30,2024-06-28,14626.142376295833,16869.71229322135,0.15339450821712264
2021,R00,2024,2024-06-28,2025-06-30,16869.71229322135,24787.705152513576,0.46936146400516043
2021,R00,2025,2025-06-30,2026-06-30,24787.705152513576,29315.525909324933,0.18266397510187504
2021,R03,2021,2021-06-30,2022-06-30,10000.0,10926.716024353174,0.09267160243531736
2021,R03,2022,2022-06-30,2023-06-30,10926.716024353174,14812.51051413484,0.35562327062596943
2021,R03,2023,2023-06-30,2024-06-28,14812.51051413484,16367.81799981554,0.10499958695027067
2021,R03,2024,2024-06-28,2025-06-30,16367.81799981554,21467.613577030235,0.3115745530205778
2021,R03,2025,2025-06-30,2026-06-30,21467.613577030235,28040.15439848257,0.30616075689403943
2021,R16,2021,2021-06-30,2022-06-30,10000.0,10926.716024353174,0.09267160243531736
2021,R16,2022,2022-06-30,2023-06-30,10926.716024353174,13862.670212089883,0.2686950206441836
2021,R16,2023,2023-06-30,2024-06-28,13862.670212089883,15117.772406657032,0.09053827115302449
2021,R16,2024,2024-06-28,2025-06-30,15117.772406657032,19321.890182737974,0.27809108795881077
2021,R16,2025,2025-06-30,2026-06-30,19321.890182737974,24302.49692930586,0.2577701611728196
2022,R00,2022,2022-06-30,2023-06-30,10000.0,12218.881555072661,0.22188815550726604
2022,R00,2023,2023-06-30,2024-06-28,12218.881555072661,14093.1908821763,0.15339450821712242
2022,R00,2024,2024-06-28,2025-06-30,14093.1908821763,20706.954186971987,0.4692878539777767
2022,R00,2025,2025-06-30,2026-06-30,20706.954186971987,24489.3687510167,0.18266397510187482
2022,R03,2022,2022-06-30,2023-06-30,10000.0,13556.232706259689,0.35562327062596877
2022,R03,2023,2023-06-30,2024-06-28,13556.232706259689,14976.437890443254,0.10476400154504395
2022,R03,2024,2024-06-28,2025-06-30,14976.437890443254,19642.97294694401,0.31159178775605634
2022,R03,2025,2025-06-30,2026-06-30,19642.97294694401,25656.880412029528,0.30616075689403943
2022,R16,2022,2022-06-30,2023-06-30,10000.0,12686.950206441838,0.2686950206441838
2022,R16,2023,2023-06-30,2024-06-28,12686.950206441838,13836.257122720628,0.0905896923671401
2022,R16,2024,2024-06-28,2025-06-30,13836.257122720628,17684.511702178923,0.27812829331850475
2022,R16,2025,2025-06-30,2026-06-30,17684.511702178923,22243.051133912195,0.25777016117281937
2023,R00,2023,2023-06-30,2024-06-28,10000.0,11533.945082171223,0.15339450821712242
2023,R00,2024,2024-06-28,2025-06-30,11533.945082171223,16945.30320085689,0.4691680149448916
2023,R00,2025,2025-06-30,2026-06-30,16945.30320085689,20040.599642831938,0.18266397510187504
2023,R03,2023,2023-06-30,2024-06-28,10000.0,11048.64895165475,0.10486489516547493
2023,R03,2024,2024-06-28,2025-06-30,11048.64895165475,14492.113569379639,0.3116638634092146
2023,R03,2025,2025-06-30,2026-06-30,14492.113569379639,18929.030028775283,0.3061607568940392
2023,R16,2023,2023-06-30,2024-06-28,10000.0,10907.526013111474,0.09075260131114726
2023,R16,2024,2024-06-28,2025-06-30,10907.526013111474,13942.503039209405,0.278246141466884
2023,R16,2025,2025-06-30,2026-06-30,13942.503039209405,17536.464294778936,0.25777016117281937
2024,R00,2024,2024-06-28,2025-06-30,10000.0,14692.487793645072,0.46924877936450726
2024,R00,2025,2025-06-30,2026-06-30,14692.487793645072,17376.276018168053,0.1826639751018746
2024,R03,2024,2024-06-28,2025-06-30,10000.0,13116.926824220684,0.31169268242206827
2024,R03,2025,2025-06-30,2026-06-30,13116.926824220684,17132.815068847813,0.3061607568940392
2024,R16,2024,2024-06-28,2025-06-30,10000.0,12779.930287540905,0.2779930287540904
2024,R16,2025,2025-06-30,2026-06-30,12779.930287540905,16074.21497753772,0.25777016117281937
2025,R00,2025,2025-06-30,2026-06-30,10000.0,11826.639751018747,0.18266397510187482
2025,R03,2025,2025-06-30,2026-06-30,10000.0,13061.607568940393,0.30616075689403943
2025,R16,2025,2025-06-30,2026-06-30,10000.0,12577.701611728193,0.25777016117281937
