portfolio,year,darf_paid,irrf_paid,tax_paid,income_withheld,total_tax_paid,tax_assessed,exempt_gain
V0,2014,0,0.0,0.0,0.0,0.0,9.258385462184874,0.0
V0,2015,12.338937337125879,0.0,12.338937337125879,0.0,12.338937337125879,3.0805518749410044,1070.046677855341
V0,2016,0,0.0,0.0,0.0,0.0,0.0,3853.893065299295
V0,2017,1135.4895339425889,1.007062942708417,1136.4965968852973,0.0,1136.4965968852973,1136.496596885297,0.0
V0,2018,0,0,0,0.0,0.0,0,0
V0,2019,0,0,0,0.0,0.0,0,0
V0,2020,78.27809665722816,0.0,78.27809665722816,0.0,78.27809665722816,78.27809665722818,0.0
V0,2021,0,0.0,0.0,0.0,0.0,0.0,0.0
V0,2022,0,0,0,0.0,0.0,0,0
V0,2023,2755.3367743421027,0.0,2755.3367743421027,0.0,2755.3367743421027,2755.3367743421027,0.0
V0,2024,0,0.0,0.0,0.0,0.0,0.0,0.0
V0,2025,0,1.1944639499272387,1.1944639499272387,0.0,1.1944639499272387,876.6775430847118,0.0
V0,2026,4134.347013116214,0.0,4134.347013116214,0.0,4134.347013116214,3257.669470031502,0.0
BH padrão,2014,0,0,0,0.0,0.0,0,0
BH padrão,2015,0,0,0,0.0,0.0,0,0
BH padrão,2016,0,0,0,0.0,0.0,0,0
BH padrão,2017,116.40932393052434,0.0,116.40932393052434,0.0,116.40932393052434,116.40932393052434,0.0
BH padrão,2018,0,0,0,0.0,0.0,0,0
BH padrão,2019,0,0,0,0.0,0.0,0,0
BH padrão,2020,0,0,0,0.0,0.0,0,0
BH padrão,2021,0,0,0,0.0,0.0,0,0
BH padrão,2022,0,0,0,0.0,0.0,0,0
BH padrão,2023,0,0,0,0.0,0.0,0,0
BH padrão,2024,0,0,0,0.0,0.0,0,0
BH padrão,2025,0,0,0,0.0,0.0,0,0
BH padrão,2026,0,0,0,0.0,0.0,0,0
BESST-10 BH,2014,0,0,0,0.0,0.0,0,0
BESST-10 BH,2015,0,0,0,0.0,0.0,0,0
BESST-10 BH,2016,0,0,0,0.0,0.0,0,0
BESST-10 BH,2017,81.22512980789152,0.0,81.22512980789152,0.0,81.22512980789152,81.22512980789152,0.0
BESST-10 BH,2018,0,0,0,0.0,0.0,0,0
BESST-10 BH,2019,0,0,0,0.0,0.0,0,0
BESST-10 BH,2020,0,0,0,0.0,0.0,0,0
BESST-10 BH,2021,0,0,0,0.0,0.0,0,0
BESST-10 BH,2022,0,0,0,0.0,0.0,0,0
BESST-10 BH,2023,0,0,0,0.0,0.0,0,0
BESST-10 BH,2024,0,0.0,0.0,0.0,0.0,0.0,0.0
BESST-10 BH,2025,0,0.0,0.0,0.0,0.0,0.0,0.0
BESST-10 BH,2026,0,0.0,0.0,0.0,0.0,0.0,0.0
V10,2014,0,0,0,0.0,0.0,0,0
V10,2015,0,0,0,0.0,0.0,0,0
V10,2016,845.3969651449222,1.5512151062066137,846.9481802511289,0.0,846.9481802511289,846.9481802511289,0.0
V10,2017,101.32171385868321,0.0,101.32171385868321,0.0,101.32171385868321,101.32171385868325,0.0
V10,2018,0,0,0,0.0,0.0,0,0
V10,2019,0,0,0,0.0,0.0,0,0
V10,2020,0,0,0,0.0,0.0,0,0
V10,2021,0,0,0,0.0,0.0,0,0
V10,2022,0,0,0,0.0,0.0,0,0
V10,2023,0,0,0,0.0,0.0,0,0
V10,2024,0,0.0,0.0,0.0,0.0,0.0,0.0
V10,2025,0,0.0,0.0,0.0,0.0,0.0,0.0
V10,2026,0,0.0,0.0,0.0,0.0,0.0,0.0
VVAL,2014,0,0,0,0.0,0.0,0,0
VVAL,2015,0,0,0,0.0,0.0,0,0
VVAL,2016,302.0516184700666,1.1337107768651067,303.1853292469317,0.0,303.1853292469317,303.1853292469317,0.0
VVAL,2017,1293.3272076350895,1.4304373760153832,1294.7576450111048,0.0,1294.7576450111048,1294.7576450111048,0.0
VVAL,2018,0,0,0,0.0,0.0,0,0
VVAL,2019,0,0,0,0.0,0.0,0,0
VVAL,2020,0,0,0,0.0,0.0,0,0
VVAL,2021,0,0,0,0.0,0.0,0,0
VVAL,2022,0,0,0,0.0,0.0,0,0
VVAL,2023,4200.533974617193,0.0,4200.533974617193,0.0,4200.533974617193,4200.533974617193,0.0
VVAL,2024,0,0.0,0.0,0.0,0.0,0.0,0.0
VVAL,2025,0,2.3036223590305704,2.3036223590305704,0.0,2.3036223590305704,1252.7703735878424,0.0
VVAL,2026,1252.7703735878422,0,1252.7703735878422,0.0,1252.7703735878422,0,0
