portfolio,date,lineage,ticker,before,after,entry,exit,trailing_12m_return,winner_flag,N,buy_reference_weight,sales_total,buys_total,turnover,unfunded_eligible,reason,proof_source,proof_line
V0,2015-06-30,00000000000191,BBAS3,6730.669151820306,6852.172225679874,False,False,0.0536907335853547,False,19,0.05263157894736842,6713.108150645007,6713.108150645007,0.05098654715775983,False,INCUMBENT_PRESERVED,,
V0,2015-06-30,02149205000169,PSSA3,8452.073235982141,8452.073235982141,False,False,0.3601454066657732,False,19,0.05263157894736842,6713.108150645007,6713.108150645007,0.05098654715775983,False,INCUMBENT_PRESERVED,,
V0,2015-06-30,02429144000193,CPFE3,6411.245485346525,6727.748156570376,False,False,-0.002776457408304678,False,19,0.05263157894736842,6713.108150645007,6713.108150645007,0.05098654715775983,False,INCUMBENT_PRESERVED,,
V0,2015-06-30,02474103000119,TBLE3,6338.7194676025765,6699.497331127075,False,False,0.09384952568462501,False,19,0.05263157894736842,6713.108150645007,6713.108150645007,0.05098654715775983,False,INCUMBENT_PRESERVED,,
V0,2015-06-30,02558115000121,TIMP3,6506.387205624573,6764.8084035763495,False,False,-0.19394675535687012,False,19,0.05263157894736842,6713.108150645007,6713.108150645007,0.05098654715775983,False,INCUMBENT_PRESERVED,,
V0,2015-06-30,02558157000162,VIVT4,6126.364686244573,6616.779459019781,False,False,0.07143452012423701,False,19,0.05263157894736842,6713.108150645007,6713.108150645007,0.05098654715775983,False,INCUMBENT_PRESERVED,,
V0,2015-06-30,02998609000127,GETI4,6565.6340370739035,6787.8866304721505,False,False,-0.027545656602697477,False,19,0.05263157894736842,6713.108150645007,6713.108150645007,0.05098654715775983,False,INCUMBENT_PRESERVED,,
V0,2015-06-30,02998611000104,TRPL4,7695.487301823769,7695.487301823769,False,False,0.5056038454253673,False,19,0.05263157894736842,6713.108150645007,6713.108150645007,0.05098654715775983,False,INCUMBENT_PRESERVED,,
V0,2015-06-30,03220438000173,EQTL3,8098.287113331531,8098.287113331531,False,False,0.4360057843067122,False,19,0.05263157894736842,6713.108150645007,6713.108150645007,0.05098654715775983,False,INCUMBENT_PRESERVED,,
V0,2015-06-30,03378521000175,LIGT3,7093.796659458009,7093.796659458009,False,False,-0.17434054730983295,False,19,0.05263157894736842,6713.108150645007,6713.108150645007,0.05098654715775983,False,INCUMBENT_PRESERVED,,
V0,2015-06-30,03983431000103,ENBR3,7592.312446111345,7592.312446111345,False,False,0.10743062321850516,False,19,0.05263157894736842,6713.108150645007,6713.108150645007,0.05098654715775983,False,INCUMBENT_PRESERVED,,
V0,2015-06-30,07047251000170,COCE5,6713.108150645007,0,False,True,0.20888669976117247,False,19,0,6713.108150645007,6713.108150645007,0.05098654715775983,False,CONFIRMED_MAINTENANCE_FAIL,research/monthly_reaudited_2014_2026/maintenance_reviews.csv,2
V0,2015-06-30,17155730000164,CMIG4,5678.504217081281,6442.325816990849,False,False,-0.18228241349722007,False,19,0.05263157894736842,6713.108150645007,6713.108150645007,0.05098654715775983,False,INCUMBENT_PRESERVED,,
V0,2015-06-30,17281106000103,CSMG3,4880.746541052566,6131.577846088767,False,False,-0.6577173990005318,False,19,0.05263157894736842,6713.108150645007,6713.108150645007,0.05098654715775983,False,INCUMBENT_PRESERVED,,
V0,2015-06-30,28195667000106,ABCB4,6201.391427429651,6646.004383188131,False,False,-0.08788187953393067,False,19,0.05263157894736842,6713.108150645007,6713.108150645007,0.05098654715775983,False,INCUMBENT_PRESERVED,,
V0,2015-06-30,43776517000180,SBSP3,6201.232563544993,6645.942501452248,False,False,-0.2852304791909088,False,19,0.05263157894736842,6713.108150645007,6713.108150645007,0.05098654715775983,False,INCUMBENT_PRESERVED,,
V0,2015-06-30,60746948000112,BBDC4,6178.469277536629,6637.075592175516,False,False,0.10628532202254792,False,19,0.05263157894736842,6713.108150645007,6713.108150645007,0.05098654715775983,False,INCUMBENT_PRESERVED,,
V0,2015-06-30,60872504000123,ITUB4,6166.713173201747,6632.496274824459,False,False,0.11315192218549197,False,19,0.05263157894736842,6713.108150645007,6713.108150645007,0.05098654715775983,False,INCUMBENT_PRESERVED,,
V0,2015-06-30,76483817000120,CPLE6,6655.083051065926,6822.729415985144,False,False,0.10632563471465262,False,19,0.05263157894736842,6713.108150645007,6713.108150645007,0.05098654715775983,False,INCUMBENT_PRESERVED,,
V0,2015-06-30,92702067000196,BRSR6,5378.076959601673,6325.301357721209,False,False,-0.11936435069700968,False,19,0.05263157894736842,6713.108150645007,6713.108150645007,0.05098654715775983,False,INCUMBENT_PRESERVED,,
V0,2016-06-30,00000000000191,BBAS3,7874.503697521762,9573.996822170295,False,False,-0.2375158660684018,False,18,0.05555555555555555,16545.781602324045,16545.781602324045,0.09006088230862412,False,INCUMBENT_PRESERVED,,
V0,2016-06-30,02149205000169,PSSA3,7423.689476399951,9451.717510827528,False,False,-0.3281971565683103,False,18,0.05555555555555555,16545.781602324045,16545.781602324045,0.09006088230862412,False,INCUMBENT_PRESERVED,,
V0,2016-06-30,02429144000193,CPFE3,9136.432193425253,9916.283600655035,False,False,0.10773237291159798,False,18,0.05555555555555555,16545.781602324045,16545.781602324045,0.09006088230862412,False,INCUMBENT_PRESERVED,,
V0,2016-06-30,02474103000119,TBLE3,8502.65583295249,9744.377451130542,False,False,0.1619857159359559,False,18,0.05555555555555555,16545.781602324045,16545.781602324045,0.09006088230862412,False,INCUMBENT_PRESERVED,,
V0,2016-06-30,02558115000121,TIMP3,7092.061617508583,9361.766430521313,False,False,-0.315015625,False,18,0.05555555555555555,16545.781602324045,16545.781602324045,0.09006088230862412,False,INCUMBENT_PRESERVED,,
V0,2016-06-30,02558157000162,VIVT4,8496.125666161894,9742.606201997982,False,False,0.06048006162388231,False,18,0.05555555555555555,16545.781602324045,16545.781602324045,0.09006088230862412,False,INCUMBENT_PRESERVED,,
V0,2016-06-30,02998609000127,TIET11,8471.022803044194,9735.797275679894,False,False,-0.04644659668661988,False,18,0.05555555555555555,16545.781602324045,16545.781602324045,0.09006088230862412,False,INCUMBENT_PRESERVED,,
V0,2016-06-30,02998611000104,TRPL4,12811.505009733999,12811.505009733999,False,False,0.6648075043535937,False,18,0.05555555555555555,16545.781602324045,16545.781602324045,0.09006088230862412,False,INCUMBENT_PRESERVED,,
V0,2016-06-30,03220438000173,EQTL3,11496.531226231766,11496.531226231766,False,False,0.4196250472900609,False,18,0.05555555555555555,16545.781602324045,16545.781602324045,0.09006088230862412,False,INCUMBENT_PRESERVED,,
V0,2016-06-30,03378521000175,LIGT3,8894.9897759926,9850.794511914375,False,False,-0.3343177790903722,False,18,0.05555555555555555,16545.781602324045,16545.781602324045,0.09006088230862412,False,INCUMBENT_PRESERVED,,
V0,2016-06-30,03983431000103,ENBR3,9573.113426501,10034.729465836346,False,False,0.24626436011646224,False,18,0.05555555555555555,16545.781602324045,16545.781602324045,0.09006088230862412,False,INCUMBENT_PRESERVED,,
V0,2016-06-30,17155730000164,CMIG4,8676.424318720527,9791.510593292553,False,False,-0.3364978060323811,False,18,0.05555555555555555,16545.781602324045,16545.781602324045,0.09006088230862412,False,INCUMBENT_PRESERVED,,
V0,2016-06-30,17281106000103,CSMG3,16545.781602324045,0,False,True,1.181592836638818,False,18,0,16545.781602324045,16545.781602324045,0.09006088230862412,False,CONFIRMED_MAINTENANCE_FAIL,research/monthly_reaudited_2014_2026/maintenance_reviews.csv,4
V0,2016-06-30,28195667000106,ABCB4,10104.659959397373,10178.906692161338,False,False,0.22309237150968597,False,18,0.05555555555555555,16545.781602324045,16545.781602324045,0.09006088230862412,False,INCUMBENT_PRESERVED,,
V0,2016-06-30,43776517000180,SBSP3,12177.235734561684,12177.235734561684,False,False,0.779398315167485,False,18,0.05555555555555555,16545.781602324045,16545.781602324045,0.09006088230862412,False,INCUMBENT_PRESERVED,,
V0,2016-06-30,60746948000112,BBDC4,9094.028826013537,9904.782067822249,False,False,0.029616325386228715,False,18,0.05555555555555555,16545.781602324045,16545.781602324045,0.09006088230862412,False,INCUMBENT_PRESERVED,,
V0,2016-06-30,60872504000123,ITUB4,8166.367184949091,9653.162173609084,False,False,0.027067173528479982,False,18,0.05555555555555555,16545.781602324045,16545.781602324045,0.09006088230862412,False,INCUMBENT_PRESERVED,,
V0,2016-06-30,76483817000120,CPLE6,8681.447503892796,9792.873087186565,False,False,-0.12689378569273668,False,18,0.05555555555555555,16545.781602324045,16545.781602324045,0.09006088230862412,False,INCUMBENT_PRESERVED,,
V0,2016-06-30,92702067000196,BRSR6,10499.16239227109,10499.16239227109,False,False,0.08742248877568448,False,18,0.05555555555555555,16545.781602324045,16545.781602324045,0.09006088230862412,False,INCUMBENT_PRESERVED,,
V0,2017-06-30,00000000000191,BBAS3,15849.577377595404,15849.577377595404,False,False,0.60940493078949,False,18,0.05555555555555555,20141.25885416834,19058.893488994025,0.07268868873883363,False,INCUMBENT_PRESERVED,,
V0,2017-06-30,02149205000169,PSSA3,14582.11578186154,14582.11578186154,False,False,0.18982520310749207,False,18,0.05555555555555555,20141.25885416834,19058.893488994025,0.07268868873883363,False,INCUMBENT_PRESERVED,,
V0,2017-06-30,02429144000193,CPFE3,14535.613077090333,14535.613077090333,False,False,0.29865881396042715,False,18,0.05555555555555555,20141.25885416834,19058.893488994025,0.07268868873883363,False,INCUMBENT_PRESERVED,,
V0,2017-06-30,02474103000119,TBLE3,13077.527832095151,14178.640483648025,False,False,-0.05898309875873042,False,18,0.05555555555555555,20141.25885416834,19058.893488994025,0.07268868873883363,False,INCUMBENT_PRESERVED,,
V0,2017-06-30,02558115000121,TIMP3,15088.712598649183,15088.712598649183,False,False,0.4396962142197598,False,18,0.05555555555555555,20141.25885416834,19058.893488994025,0.07268868873883363,False,INCUMBENT_PRESERVED,,
V0,2017-06-30,02558157000162,VIVT4,13471.751464179035,14269.084473012359,False,False,0.07352179252844881,False,18,0.05555555555555555,20141.25885416834,19058.893488994025,0.07268868873883363,False,INCUMBENT_PRESERVED,,
V0,2017-06-30,02998609000127,TIET11,13083.369094225398,14179.9806038412,False,False,-0.003798798938927428,False,18,0.05555555555555555,20141.25885416834,19058.893488994025,0.07268868873883363,False,INCUMBENT_PRESERVED,,
V0,2017-06-30,02998611000104,TRPL4,14249.716523629842,14447.56759232932,False,False,0.05946145719436324,False,18,0.05555555555555555,20141.25885416834,19058.893488994025,0.07268868873883363,False,INCUMBENT_PRESERVED,,
V0,2017-06-30,03220438000173,EQTL3,13772.106475118713,14337.992836702675,False,False,0.1313701690490663,False,18,0.05555555555555555,20141.25885416834,19058.893488994025,0.07268868873883363,False,INCUMBENT_PRESERVED,,
V0,2017-06-30,03378521000175,LIGT3,20141.25885416834,0,False,True,0.9884649511978707,False,18,0,20141.25885416834,19058.893488994025,0.07268868873883363,False,CONFIRMED_MAINTENANCE_FAIL,research/monthly_reaudited_2014_2026/maintenance_reviews.csv,6
V0,2017-06-30,03983431000103,ENBR3,14043.510133133788,14400.259092607228,False,False,0.0841828378016305,False,18,0.05555555555555555,20141.25885416834,19058.893488994025,0.07268868873883363,False,INCUMBENT_PRESERVED,,
V0,2017-06-30,17155730000164,CMIG4,13398.527463448912,14252.28519918841,False,False,0.18692472305145258,False,18,0.05555555555555555,20141.25885416834,19058.893488994025,0.07268868873883363,False,INCUMBENT_PRESERVED,,
V0,2017-06-30,28195667000106,ABCB4,15513.099713728601,15513.099713728601,False,False,0.39552418679539825,False,18,0.05555555555555555,20141.25885416834,19058.893488994025,0.07268868873883363,False,INCUMBENT_PRESERVED,,
V0,2017-06-30,43776517000180,SBSP3,14698.518175227877,14698.518175227877,False,False,0.1293303920858866,False,18,0.05555555555555555,20141.25885416834,19058.893488994025,0.07268868873883363,False,INCUMBENT_PRESERVED,,
V0,2017-06-30,60746948000112,BBDC4,13834.767618617918,14352.368747568904,False,False,0.2786852354038496,False,18,0.05555555555555555,20141.25885416834,19058.893488994025,0.07268868873883363,False,INCUMBENT_PRESERVED,,
V0,2017-06-30,60872504000123,ITUB4,14369.834503693939,14475.125426074484,False,False,0.4013875527179589,False,18,0.05555555555555555,20141.25885416834,19058.893488994025,0.07268868873883363,False,INCUMBENT_PRESERVED,,
V0,2017-06-30,76483817000120,CPLE6,11536.820733053652,13825.16675671119,False,False,-0.10265230193057318,False,18,0.05555555555555555,20141.25885416834,19058.893488994025,0.07268868873883363,False,INCUMBENT_PRESERVED,,
V0,2017-06-30,76484013000145,SAPR4,0,11178.35411850657,True,False,,False,18,0.05555555555555555,20141.25885416834,19058.893488994025,0.07268868873883363,False,ENTRY_CASH_ONLY,,
V0,2017-06-30,92702067000196,BRSR6,16952.062389480827,16952.062389480827,False,False,0.6146109333407406,False,18,0.05555555555555555,20141.25885416834,19058.893488994025,0.07268868873883363,False,INCUMBENT_PRESERVED,,
V0,2018-06-29,00000000000191,BBAS3,17551.198412638485,17551.198412638485,False,False,0.10736065666006045,False,19,0.05263157894736842,0.0,0.0,0.0,False,INCUMBENT_PRESERVED,,
V0,2018-06-29,02149205000169,PSSA3,21574.973412171592,21574.973412171592,False,False,0.4708631336048401,False,19,0.05263157894736842,0.0,0.0,0.0,False,INCUMBENT_PRESERVED,,
V0,2018-06-29,02429144000193,CPFE3,15753.737079296983,15753.737079296983,False,False,-0.17327105695934164,False,19,0.05263157894736842,0.0,0.0,0.0,False,INCUMBENT_PRESERVED,,
V0,2018-06-29,02474103000119,TBLE3,16848.654179787114,16848.654179787114,False,False,0.09909563016693701,False,19,0.05263157894736842,0.0,0.0,0.0,False,INCUMBENT_PRESERVED,,
V0,2018-06-29,02558115000121,TIMP3,20648.01102452553,20648.01102452553,False,False,0.3684408719120307,False,19,0.05263157894736842,0.0,0.0,0.0,False,INCUMBENT_PRESERVED,,
V0,2018-06-29,02558157000162,VIVT4,16670.731546423824,16670.731546423824,False,False,0.07178675268417867,False,19,0.05263157894736842,0.0,0.0,0.0,False,INCUMBENT_PRESERVED,,
V0,2018-06-29,02998609000127,TIET11,13740.26391885337,13740.26391885337,False,False,-0.25214632788760893,False,19,0.05263157894736842,0.0,0.0,0.0,False,INCUMBENT_PRESERVED,,
V0,2018-06-29,02998611000104,TRPL4,16406.096156918025,16406.096156918025,False,False,0.005906869920383473,False,19,0.05263157894736842,0.0,0.0,0.0,False,INCUMBENT_PRESERVED,,
V0,2018-06-29,03220438000173,EQTL3,15750.177328511627,15750.177328511627,False,False,0.06600659503261341,False,19,0.05263157894736842,0.0,0.0,0.0,False,INCUMBENT_PRESERVED,,
V0,2018-06-29,03983431000103,ENBR3,17509.370737565423,17509.370737565423,False,False,0.020923768037549806,False,19,0.05263157894736842,0.0,0.0,0.0,False,INCUMBENT_PRESERVED,,
V0,2018-06-29,17155730000164,CMIG4,17094.003904062643,17094.003904062643,False,False,-0.014353896531342225,False,19,0.05263157894736842,0.0,0.0,0.0,False,INCUMBENT_PRESERVED,,
V0,2018-06-29,17344597000194,BBSE3,0,0,True,False,,False,19,0.05263157894736842,0.0,0.0,0.0,True,ENTRY_CASH_ONLY,,
V0,2018-06-29,28195667000106,ABCB4,15445.874739201303,15445.874739201303,False,False,-0.041766199877925514,False,19,0.05263157894736842,0.0,0.0,0.0,False,INCUMBENT_PRESERVED,,
V0,2018-06-29,43776517000180,SBSP3,12692.557403989922,12692.557403989922,False,False,-0.24282564786407335,False,19,0.05263157894736842,0.0,0.0,0.0,False,INCUMBENT_PRESERVED,,
V0,2018-06-29,60746948000112,BBDC4,15815.725788091751,15815.725788091751,False,False,0.09083292096946827,False,19,0.05263157894736842,0.0,0.0,0.0,False,INCUMBENT_PRESERVED,,
V0,2018-06-29,60872504000123,ITUB4,17053.32829888102,17053.32829888102,False,False,0.163607612049679,False,19,0.05263157894736842,0.0,0.0,0.0,False,INCUMBENT_PRESERVED,,
V0,2018-06-29,76483817000120,CPLE6,15317.479668591925,15317.479668591925,False,False,-0.06473019468120167,False,19,0.05263157894736842,0.0,0.0,0.0,False,INCUMBENT_PRESERVED,,
V0,2018-06-29,76484013000145,SAPR4,14716.911501206821,14716.911501206821,False,False,-0.12558753630225916,False,19,0.05263157894736842,0.0,0.0,0.0,False,INCUMBENT_PRESERVED,,
V0,2018-06-29,92702067000196,BRSR6,20300.078399503345,20300.078399503345,False,False,0.19749903776310096,False,19,0.05263157894736842,0.0,0.0,0.0,False,INCUMBENT_PRESERVED,,
V0,2019-06-28,00000000000191,BBAS3,34739.230666745076,34739.230666745076,False,False,0.9793081845470801,False,20,0.05,0.0,0.0,0.0,False,INCUMBENT_PRESERVED,,
V0,2019-06-28,02149205000169,PSSA3,29090.610121574784,29090.610121574784,False,False,0.348349755331018,False,20,0.05,0.0,0.0,0.0,False,INCUMBENT_PRESERVED,,
V0,2019-06-28,02429144000193,CPFE3,23782.574924219058,23782.574924219058,False,False,0.42688040296807683,False,20,0.05,0.0,0.0,0.0,False,INCUMBENT_PRESERVED,,
V0,2019-06-28,02474103000119,TBLE3,29264.7311874951,29264.7311874951,False,False,0.7369180277083036,False,20,0.05,0.0,0.0,0.0,False,INCUMBENT_PRESERVED,,
V0,2019-06-28,02558115000121,TIMP3,20764.64667307268,20764.64667307268,False,False,-0.09894442070852494,False,20,0.05,0.0,0.0,0.0,False,INCUMBENT_PRESERVED,,
V0,2019-06-28,02558157000162,VIVT4,23285.462257193783,23285.462257193783,False,False,0.22312246953066595,False,20,0.05,0.0,0.0,0.0,False,INCUMBENT_PRESERVED,,
V0,2019-06-28,02998609000127,TIET11,22228.831467763444,22228.831467763444,False,False,0.3222217742880493,False,20,0.05,0.0,0.0,0.0,False,INCUMBENT_PRESERVED,,
V0,2019-06-28,02998611000104,TRPL4,31555.26071223229,31555.26071223229,False,False,0.8984608936677112,False,20,0.05,0.0,0.0,0.0,False,INCUMBENT_PRESERVED,,
V0,2019-06-28,03220438000173,EQTL3,26855.123801160626,26855.123801160626,False,False,0.6357051618095497,False,20,0.05,0.0,0.0,0.0,False,INCUMBENT_PRESERVED,,
V0,2019-06-28,03983431000103,ENBR3,26425.167039069092,26425.167039069092,False,False,0.437404155465033,False,20,0.05,0.0,0.0,0.0,False,INCUMBENT_PRESERVED,,
V0,2019-06-28,17155730000164,CMIG4,36351.538172795044,36351.538172795044,False,False,1.1225929955269298,False,20,0.05,0.0,0.0,0.0,False,INCUMBENT_PRESERVED,,
V0,2019-06-28,17344597000194,BBSE3,15658.765678276048,15658.765678276048,False,False,0.3904722780289669,False,20,0.05,0.0,0.0,0.0,False,INCUMBENT_PRESERVED,,
V0,2019-06-28,28195667000106,ABCB4,23225.09351305797,23225.09351305797,False,False,0.36324434726321964,False,20,0.05,0.0,0.0,0.0,False,INCUMBENT_PRESERVED,,
V0,2019-06-28,33376989000191,IRBR3,0,0,True,False,,False,20,0.05,0.0,0.0,0.0,True,ENTRY_CASH_ONLY,,
V0,2019-06-28,43776517000180,SBSP3,29835.57786255278,29835.57786255278,False,False,1.079676173684259,False,20,0.05,0.0,0.0,0.0,False,INCUMBENT_PRESERVED,,
V0,2019-06-28,60746948000112,BBDC4,27589.438062449764,27589.438062449764,False,False,0.7407709790268064,False,20,0.05,0.0,0.0,0.0,False,INCUMBENT_PRESERVED,,
V0,2019-06-28,60872504000123,ITUB4,25201.767507627163,25201.767507627163,False,False,0.44656559744157187,False,20,0.05,0.0,0.0,0.0,False,INCUMBENT_PRESERVED,,
V0,2019-06-28,76483817000120,CPLE6,37000.37282738599,37000.37282738599,False,False,1.3161052570988265,False,20,0.05,0.0,0.0,0.0,False,INCUMBENT_PRESERVED,,
V0,2019-06-28,76484013000145,SAPR4,28074.645508651724,28074.645508651724,False,False,0.7740566254246721,False,20,0.05,0.0,0.0,0.0,False,INCUMBENT_PRESERVED,,
V0,2019-06-28,92702067000196,BRSR6,34752.72829751564,34752.72829751564,False,False,0.7119504473621092,False,20,0.05,0.0,0.0,0.0,False,INCUMBENT_PRESERVED,,
V0,2020-06-30,00000000000191,BBAS3,22223.012780495686,22223.012780495686,False,False,-0.3789111234558391,False,23,0.043478260869565216,0.0,0.0,0.0,False,INCUMBENT_PRESERVED,,
V0,2020-06-30,01083200000118,NEOE3,0,0,True,False,,False,23,0.043478260869565216,0.0,0.0,0.0,True,ENTRY_CASH_ONLY,,
V0,2020-06-30,02149205000169,PSSA3,29709.14431466289,29709.14431466289,False,False,0.021262331401890266,False,23,0.043478260869565216,0.0,0.0,0.0,False,INCUMBENT_PRESERVED,,
V0,2020-06-30,02429144000193,CPFE3,24775.4358432182,24775.4358432182,False,False,0.007558330594807705,False,23,0.043478260869565216,0.0,0.0,0.0,False,INCUMBENT_PRESERVED,,
V0,2020-06-30,02474103000119,TBLE3,29277.839531263016,29277.839531263016,False,False,0.00044792291731399203,False,23,0.043478260869565216,0.0,0.0,0.0,False,INCUMBENT_PRESERVED,,
V0,2020-06-30,02558115000121,TIMP3,27804.02952816378,27804.02952816378,False,False,0.2612891453856565,False,23,0.043478260869565216,0.0,0.0,0.0,False,INCUMBENT_PRESERVED,,
V0,2020-06-30,02558157000162,VIVT4,24743.623867661794,24743.623867661794,False,False,0.020986326713086978,False,23,0.043478260869565216,0.0,0.0,0.0,False,INCUMBENT_PRESERVED,,
V0,2020-06-30,02998609000127,TIET11,32590.048276274472,32590.048276274472,False,False,0.40553093875074375,False,23,0.043478260869565216,0.0,0.0,0.0,False,INCUMBENT_PRESERVED,,
V0,2020-06-30,02998611000104,TRPL4,28953.590231190174,28953.590231190174,False,False,-0.08753520024254213,False,23,0.043478260869565216,0.0,0.0,0.0,False,INCUMBENT_PRESERVED,,
V0,2020-06-30,03220438000173,EQTL3,33963.83304264432,33963.83304264432,False,False,0.2647058823529411,False,23,0.043478260869565216,0.0,0.0,0.0,False,INCUMBENT_PRESERVED,,
V0,2020-06-30,03983431000103,ENBR3,25310.759221037588,25310.759221037588,False,False,-0.05013455595010918,False,23,0.043478260869565216,0.0,0.0,0.0,False,INCUMBENT_PRESERVED,,
V0,2020-06-30,07047251000170,COCE5,0,0,True,False,,False,23,0.043478260869565216,0.0,0.0,0.0,True,ENTRY_CASH_ONLY,,
V0,2020-06-30,17155730000164,CMIG4,27588.456861115912,27588.456861115912,False,False,-0.24304293591723614,False,23,0.043478260869565216,0.0,0.0,0.0,False,INCUMBENT_PRESERVED,,
V0,2020-06-30,17344597000194,BBSE3,18444.138108170275,18444.138108170275,False,False,-0.1112302243621699,False,23,0.043478260869565216,0.0,0.0,0.0,False,INCUMBENT_PRESERVED,,
V0,2020-06-30,28195667000106,ABCB4,19921.504404262923,19921.504404262923,False,False,-0.2274609922178129,False,23,0.043478260869565216,0.0,0.0,0.0,False,INCUMBENT_PRESERVED,,
V0,2020-06-30,33376989000191,IRBR3,6271.886041390309,6271.886041390309,False,False,-0.6630347828408132,False,23,0.043478260869565216,0.0,0.0,0.0,False,INCUMBENT_PRESERVED,,
V0,2020-06-30,43776517000180,SBSP3,37634.7666940736,37634.7666940736,False,False,0.2614056569458887,True,23,0.08695652173913043,0.0,0.0,0.0,False,INCUMBENT_PRESERVED,,
V0,2020-06-30,60746948000112,BBDC4,19482.719188556403,19482.719188556403,False,False,-0.3588439938793192,False,23,0.043478260869565216,0.0,0.0,0.0,False,INCUMBENT_PRESERVED,,
V0,2020-06-30,60872504000123,ITUB4,20792.996841023585,20792.996841023585,False,False,-0.2547732024524607,False,23,0.043478260869565216,0.0,0.0,0.0,False,INCUMBENT_PRESERVED,,
V0,2020-06-30,76483817000120,CPLE6,48011.70778785596,48011.70778785596,False,False,0.29760064883237836,True,23,0.08695652173913043,0.0,0.0,0.0,False,INCUMBENT_PRESERVED,,
V0,2020-06-30,76484013000145,SAPR4,37449.03731024578,37449.03731024578,False,False,0.3339095340920748,True,23,0.08695652173913043,0.0,0.0,0.0,False,INCUMBENT_PRESERVED,,
V0,2020-06-30,90400888000142,SANB4,0,0,True,False,,False,23,0.043478260869565216,0.0,0.0,0.0,True,ENTRY_CASH_ONLY,,
V0,2020-06-30,92702067000196,BRSR6,21783.428563996113,21783.428563996113,False,False,-0.3989682954953494,False,23,0.043478260869565216,0.0,0.0,0.0,False,INCUMBENT_PRESERVED,,
V0,2021-06-30,00000000000191,BBAS3,23946.15864851301,24027.113393640095,False,False,0.06259091333784639,False,23,0.043478260869565216,12213.830392601136,12213.830392601136,0.021094003088530752,False,INCUMBENT_PRESERVED,,
V0,2021-06-30,01083200000118,NEOE3,4821.927011533067,6163.029217850111,False,False,-0.07051863443330131,False,23,0.043478260869565216,12213.830392601136,12213.830392601136,0.021094003088530752,False,INCUMBENT_PRESERVED,,
V0,2021-06-30,02149205000169,PSSA3,33041.10742675574,33041.10742675574,False,False,0.11215277952143388,False,23,0.043478260869565216,12213.830392601136,12213.830392601136,0.021094003088530752,False,INCUMBENT_PRESERVED,,
V0,2021-06-30,02429144000193,CPFE3,24253.69485984204,24314.385210389166,False,False,-0.021184906263332914,False,23,0.043478260869565216,12213.830392601136,12213.830392601136,0.021094003088530752,False,INCUMBENT_PRESERVED,,
V0,2021-06-30,02474103000119,TBLE3,28850.018983451573,28850.018983451573,False,False,-0.014612435707717197,False,23,0.043478260869565216,12213.830392601136,12213.830392601136,0.021094003088530752,False,INCUMBENT_PRESERVED,,
V0,2021-06-30,02558115000121,TIMS3,23626.837191860373,23728.832893327173,False,False,-0.1509695236395866,False,23,0.043478260869565216,12213.830392601136,12213.830392601136,0.021094003088530752,False,INCUMBENT_PRESERVED,,
V0,2021-06-30,02558157000162,VIVT3,23439.029200962104,23553.400080026317,False,False,-0.05715758207174937,False,23,0.043478260869565216,12213.830392601136,12213.830392601136,0.021094003088530752,False,INCUMBENT_PRESERVED,,
V0,2021-06-30,02998609000127,AESB3,30911.757396646506,30911.757396646506,False,False,-0.05149703570245279,False,23,0.043478260869565216,12213.830392601136,12213.830392601136,0.021094003088530752,False,INCUMBENT_PRESERVED,,
V0,2021-06-30,02998611000104,TRPL4,39232.893046905745,39965.395473456265,False,False,0.35502688038467234,True,23,0.08695652173913043,12213.830392601136,12213.830392601136,0.021094003088530752,False,INCUMBENT_PRESERVED,,
V0,2021-06-30,03220438000173,EQTL3,37868.13314624307,38690.56330200119,False,False,0.11495463714877485,True,23,0.08695652173913043,12213.830392601136,12213.830392601136,0.021094003088530752,False,INCUMBENT_PRESERVED,,
V0,2021-06-30,03983431000103,ENBR3,27055.268911553827,27055.268911553827,False,False,0.06892364133693207,False,23,0.043478260869565216,12213.830392601136,12213.830392601136,0.021094003088530752,False,INCUMBENT_PRESERVED,,
V0,2021-06-30,07047251000170,COCE5,5275.761675449484,0,False,True,0.11134901126182828,False,23,0,12213.830392601136,12213.830392601136,0.021094003088530752,False,CONFIRMED_MAINTENANCE_FAIL,research/monthly_reaudited_2014_2026/maintenance_reviews.csv,13
V0,2021-06-30,07859971000130,TAEE4,0,1658.8320475451253,True,False,,False,23,0.043478260869565216,12213.830392601136,12213.830392601136,0.021094003088530752,False,ENTRY_CASH_ONLY,,
V0,2021-06-30,17155730000164,CMIG4,38688.55694321472,39456.92715112874,False,False,0.4023458121626098,True,23,0.08695652173913043,12213.830392601136,12213.830392601136,0.021094003088530752,False,INCUMBENT_PRESERVED,,
V0,2021-06-30,17281106000103,CSMG3,0,1658.8320475451253,True,False,,False,23,0.043478260869565216,12213.830392601136,12213.830392601136,0.021094003088530752,False,ENTRY_CASH_ONLY,,
V0,2021-06-30,17344597000194,BBSE3,17541.90108010937,18044.849715962242,False,False,-0.11073379016302554,False,23,0.043478260869565216,12213.830392601136,12213.830392601136,0.021094003088530752,False,INCUMBENT_PRESERVED,,
V0,2021-06-30,28195667000106,ABCB4,24354.682183749268,24408.71820578534,False,False,0.18275552043439092,False,23,0.043478260869565216,12213.830392601136,12213.830392601136,0.021094003088530752,False,INCUMBENT_PRESERVED,,
V0,2021-06-30,33376989000191,IRBR3,6938.068717151652,0,False,True,-0.42442589966643285,False,23,0,12213.830392601136,12213.830392601136,0.021094003088530752,False,CONFIRMED_MAINTENANCE_FAIL,research/monthly_reaudited_2014_2026/maintenance_reviews.csv,14
V0,2021-06-30,43776517000180,SBSP3,27405.787699485696,28917.610156230698,False,False,-0.36013460427498567,True,23,0.08695652173913043,12213.830392601136,12213.830392601136,0.021094003088530752,False,INCUMBENT_PRESERVED,,
V0,2021-06-30,60746948000112,BBDC4,27852.342600343178,27852.342600343178,False,False,0.4028007834466141,False,23,0.043478260869565216,12213.830392601136,12213.830392601136,0.021094003088530752,False,INCUMBENT_PRESERVED,,
V0,2021-06-30,60872504000123,ITUB4,25435.030075723793,25435.030075723793,False,False,0.19928744737846693,False,23,0.043478260869565216,12213.830392601136,12213.830392601136,0.021094003088530752,False,INCUMBENT_PRESERVED,,
V0,2021-06-30,76483817000120,CPLE6,50194.726432618154,50204.923943959315,False,False,0.04546846478379951,True,23,0.08695652173913043,12213.830392601136,12213.830392601136,0.021094003088530752,False,INCUMBENT_PRESERVED,,
V0,2021-06-30,76484013000145,SAPR4,29366.800454789423,30749.406465516342,False,False,-0.3082185993499523,True,23,0.08695652173913043,12213.830392601136,12213.830392601136,0.021094003088530752,False,INCUMBENT_PRESERVED,,
V0,2021-06-30,90400888000142,SANB4,5695.036710800082,6978.607352359035,False,False,0.5466523164927752,False,23,0.043478260869565216,12213.830392601136,12213.830392601136,0.021094003088530752,False,INCUMBENT_PRESERVED,,
V0,2021-06-30,92702067000196,BRSR6,23223.56580135387,23352.13414785885,False,False,0.035163183248104746,False,23,0.043478260869565216,12213.830392601136,12213.830392601136,0.021094003088530752,False,INCUMBENT_PRESERVED,,
V0,2022-06-30,00000000000191,BBAS3,27422.51264755235,27422.51264755235,False,False,0.12643421323501047,False,23,0.043478260869565216,0.0,0.0,0.0,False,INCUMBENT_PRESERVED,,
V0,2022-06-30,01083200000118,NEOE3,8371.106253411364,8371.106253411364,False,False,-0.09965738191198137,False,23,0.043478260869565216,0.0,0.0,0.0,False,INCUMBENT_PRESERVED,,
V0,2022-06-30,02149205000169,PSSA3,23112.942576019508,23112.942576019508,False,False,-0.3042546372484275,False,23,0.043478260869565216,0.0,0.0,0.0,False,INCUMBENT_PRESERVED,,
V0,2022-06-30,02429144000193,CPFE3,31806.4008364104,31806.4008364104,False,False,0.30484313720324185,False,23,0.043478260869565216,0.0,0.0,0.0,False,INCUMBENT_PRESERVED,,
V0,2022-06-30,02474103000119,TBLE3,32418.16263072808,32418.16263072808,False,False,0.12367907450332005,False,23,0.043478260869565216,0.0,0.0,0.0,False,INCUMBENT_PRESERVED,,
V0,2022-06-30,02558115000121,TIMS3,27378.298393751993,27378.298393751993,False,False,0.14890253060752756,False,23,0.043478260869565216,0.0,0.0,0.0,False,INCUMBENT_PRESERVED,,
V0,2022-06-30,02558157000162,VIVT3,28563.639371088047,28563.639371088047,False,False,0.2080408836425578,False,23,0.043478260869565216,0.0,0.0,0.0,False,INCUMBENT_PRESERVED,,
V0,2022-06-30,02998609000127,AESB3,24033.11309648176,24033.11309648176,False,False,-0.22962980854505965,False,23,0.043478260869565216,0.0,0.0,0.0,False,INCUMBENT_PRESERVED,,
V0,2022-06-30,02998611000104,TRPL4,41472.66108868815,41472.66108868815,False,False,-0.006087728298079131,True,23,0.08695652173913043,0.0,0.0,0.0,False,INCUMBENT_PRESERVED,,
V0,2022-06-30,03220438000173,EQTL3,38777.48512160594,38777.48512160594,False,False,-0.05537030082490513,True,23,0.08695652173913043,0.0,0.0,0.0,False,INCUMBENT_PRESERVED,,
V0,2022-06-30,03983431000103,ENBR3,34698.50673914041,34698.50673914041,False,False,0.2825045965195552,False,23,0.043478260869565216,0.0,0.0,0.0,False,INCUMBENT_PRESERVED,,
V0,2022-06-30,07859971000130,TAEE4,5880.58412920072,5880.58412920072,False,False,0.14386282192407873,False,23,0.043478260869565216,0.0,0.0,0.0,False,INCUMBENT_PRESERVED,,
V0,2022-06-30,17155730000164,CMIG4,50356.62318434962,50356.62318434962,False,False,0.2400177996962225,True,23,0.08695652173913043,0.0,0.0,0.0,False,INCUMBENT_PRESERVED,,
V0,2022-06-30,17281106000103,CSMG3,4550.539366258722,4550.539366258722,False,False,-0.2203482468367226,False,23,0.043478260869565216,0.0,0.0,0.0,False,INCUMBENT_PRESERVED,,
V0,2022-06-30,17344597000194,BBSE3,23175.312837010995,23175.312837010995,False,False,0.1982319035011142,False,23,0.043478260869565216,0.0,0.0,0.0,False,INCUMBENT_PRESERVED,,
V0,2022-06-30,28195667000106,ABCB4,25659.6107479955,25659.6107479955,False,False,0.04158750883428608,False,23,0.043478260869565216,0.0,0.0,0.0,False,INCUMBENT_PRESERVED,,
V0,2022-06-30,43776517000180,SBSP3,37692.057674459975,37692.057674459975,False,False,0.17722085306997815,True,23,0.08695652173913043,0.0,0.0,0.0,False,INCUMBENT_PRESERVED,,
V0,2022-06-30,60746948000112,BBDC4,22047.264545951708,22047.264545951708,False,False,-0.2231737506986512,False,23,0.043478260869565216,0.0,0.0,0.0,False,INCUMBENT_PRESERVED,,
V0,2022-06-30,60872504000123,ITUB4,21979.166937914655,21979.166937914655,False,False,-0.14772802354345083,False,23,0.043478260869565216,0.0,0.0,0.0,False,INCUMBENT_PRESERVED,,
V0,2022-06-30,76483817000120,CPLE6,68338.77932909867,68338.77932909867,False,False,0.3611967504498379,True,23,0.08695652173913043,0.0,0.0,0.0,False,INCUMBENT_PRESERVED,,
V0,2022-06-30,76484013000145,SAPR4,32645.27720262637,32645.27720262637,False,False,-0.049548468439266746,True,23,0.08695652173913043,0.0,0.0,0.0,False,INCUMBENT_PRESERVED,,
V0,2022-06-30,90400888000142,SANB4,8087.229009935533,8087.229009935533,False,False,-0.21661429654994813,False,23,0.043478260869565216,0.0,0.0,0.0,False,INCUMBENT_PRESERVED,,
V0,2022-06-30,92702067000196,BRSR6,18585.89318301475,18585.89318301475,False,False,-0.24317694863054384,False,23,0.043478260869565216,0.0,0.0,0.0,False,INCUMBENT_PRESERVED,,
V0,2023-06-30,00000000000191,BBAS3,45064.647236195946,45064.647236195946,False,False,0.6400320399682387,False,23,0.043478260869565216,0.0,0.0,0.0,False,INCUMBENT_PRESERVED,,
V0,2023-06-30,01083200000118,NEOE3,16885.23829132236,16885.23829132236,False,False,0.517735810930293,False,23,0.043478260869565216,0.0,0.0,0.0,False,INCUMBENT_PRESERVED,,
V0,2023-06-30,02149205000169,PSSA3,38916.91950722285,38916.91950722285,False,False,0.6704906988821635,False,23,0.043478260869565216,0.0,0.0,0.0,False,INCUMBENT_PRESERVED,,
V0,2023-06-30,02429144000193,CPFE3,36848.31081679121,36848.31081679121,False,False,0.157655267055834,False,23,0.043478260869565216,0.0,0.0,0.0,False,INCUMBENT_PRESERVED,,
V0,2023-06-30,02474103000119,TBLE3,38809.50894015133,38809.50894015133,False,False,0.19655556703095822,False,23,0.043478260869565216,0.0,0.0,0.0,False,INCUMBENT_PRESERVED,,
V0,2023-06-30,02558115000121,TIMS3,34032.08260268687,34032.08260268687,False,False,0.22291380131502736,False,23,0.043478260869565216,0.0,0.0,0.0,False,INCUMBENT_PRESERVED,,
V0,2023-06-30,02558157000162,VIVT3,28792.23045450861,28792.23045450861,False,False,-0.02222763077729073,False,23,0.043478260869565216,0.0,0.0,0.0,False,INCUMBENT_PRESERVED,,
V0,2023-06-30,02998609000127,AESB3,29147.95976274576,29147.95976274576,False,False,0.1613570537590887,False,23,0.043478260869565216,0.0,0.0,0.0,False,INCUMBENT_PRESERVED,,
V0,2023-06-30,02998611000104,TRPL4,50852.52854550757,50852.52854550757,False,False,0.15590312786408456,True,23,0.08695652173913043,0.0,0.0,0.0,False,INCUMBENT_PRESERVED,,
V0,2023-06-30,03220438000173,EQTL3,58093.04158581735,58093.04158581735,False,False,0.42607013780934966,True,23,0.08695652173913043,0.0,0.0,0.0,False,INCUMBENT_PRESERVED,,
V0,2023-06-30,03983431000103,ENBR3,42881.30103259479,42881.30103259479,False,False,0.23582554589371063,False,23,0.043478260869565216,0.0,0.0,0.0,False,INCUMBENT_PRESERVED,,
V0,2023-06-30,07859971000130,TAEE4,9701.83203721039,9701.83203721039,False,False,0.06847046092095055,False,23,0.043478260869565216,0.0,0.0,0.0,False,INCUMBENT_PRESERVED,,
V0,2023-06-30,17155730000164,CMIG4,68192.10559518002,68192.10559518002,False,False,0.3382425618057039,True,23,0.08695652173913043,0.0,0.0,0.0,False,INCUMBENT_PRESERVED,,
V0,2023-06-30,17281106000103,CSMG3,14065.974560426836,14065.974560426836,False,False,1.011314775034562,False,23,0.043478260869565216,0.0,0.0,0.0,False,INCUMBENT_PRESERVED,,
V0,2023-06-30,17344597000194,BBSE3,30351.99930288295,30351.99930288295,False,False,0.2927878882762087,False,23,0.043478260869565216,0.0,0.0,0.0,False,INCUMBENT_PRESERVED,,
V0,2023-06-30,28195667000106,ABCB4,33602.22444326912,33602.22444326912,False,False,0.302453539057566,False,23,0.043478260869565216,0.0,0.0,0.0,False,INCUMBENT_PRESERVED,,
V0,2023-06-30,43776517000180,SBSP3,54414.23616893595,54414.23616893595,False,False,0.37995794258593585,True,23,0.08695652173913043,0.0,0.0,0.0,False,INCUMBENT_PRESERVED,,
V0,2023-06-30,60746948000112,BBDC4,24030.323396559503,24030.323396559503,False,False,0.021347704924906674,False,23,0.043478260869565216,0.0,0.0,0.0,False,INCUMBENT_PRESERVED,,
V0,2023-06-30,60872504000123,ITUB4,29929.710149902687,29929.710149902687,False,False,0.31914675533342884,False,23,0.043478260869565216,0.0,0.0,0.0,False,INCUMBENT_PRESERVED,,
V0,2023-06-30,76483817000120,CPLE6,84343.9386226532,84343.9386226532,False,False,0.23420317791277134,True,23,0.08695652173913043,0.0,0.0,0.0,False,INCUMBENT_PRESERVED,,
V0,2023-06-30,76484013000145,SAPR4,46215.19307942978,46215.19307942978,False,False,0.275861066823641,True,23,0.08695652173913043,0.0,0.0,0.0,False,INCUMBENT_PRESERVED,,
V0,2023-06-30,90400888000142,SANB4,12512.697727571674,12512.697727571674,False,False,0.13745390812600577,False,23,0.043478260869565216,0.0,0.0,0.0,False,INCUMBENT_PRESERVED,,
V0,2023-06-30,92702067000196,BRSR6,35383.207775366616,35383.207775366616,False,False,0.8067600789963578,False,23,0.043478260869565216,0.0,0.0,0.0,False,INCUMBENT_PRESERVED,,
V0,2024-06-28,00000000000191,BBAS3,53073.994031844726,53073.994031844726,False,False,0.17773015627237987,False,24,0.041666666666666664,0.0,0.0,0.0,False,INCUMBENT_PRESERVED,,
V0,2024-06-28,00001180000126,ELET3,0,0,True,False,,False,24,0.041666666666666664,0.0,0.0,0.0,True,ENTRY_CASH_ONLY,,
V0,2024-06-28,01083200000118,NEOE3,21218.326489322604,21218.326489322604,False,False,-0.08213878000323394,False,24,0.041666666666666664,0.0,0.0,0.0,False,INCUMBENT_PRESERVED,,
V0,2024-06-28,02149205000169,PSSA3,45266.4503769729,45266.4503769729,False,False,0.14781454736714927,False,24,0.041666666666666664,0.0,0.0,0.0,False,INCUMBENT_PRESERVED,,
V0,2024-06-28,02429144000193,CPFE3,39419.9975411215,39419.9975411215,False,False,0.05621138629653255,False,24,0.041666666666666664,0.0,0.0,0.0,False,INCUMBENT_PRESERVED,,
V0,2024-06-28,02474103000119,TBLE3,40749.43296849201,40749.43296849201,False,False,0.024480850495309125,False,24,0.041666666666666664,0.0,0.0,0.0,False,INCUMBENT_PRESERVED,,
V0,2024-06-28,02558115000121,TIMS3,40626.793044544225,40626.793044544225,False,False,0.16375540671988675,False,24,0.041666666666666664,0.0,0.0,0.0,False,INCUMBENT_PRESERVED,,
V0,2024-06-28,02558157000162,VIVT3,34284.99987933855,34284.99987933855,False,False,0.10460658523467203,False,24,0.041666666666666664,0.0,0.0,0.0,False,INCUMBENT_PRESERVED,,
V0,2024-06-28,02998609000127,AESB3,30636.35734159778,30636.35734159778,False,False,-0.06266345595418199,False,24,0.041666666666666664,0.0,0.0,0.0,False,INCUMBENT_PRESERVED,,
V0,2024-06-28,02998611000104,TRPL4,65404.028055087394,65404.028055087394,False,False,0.1209624276072283,True,24,0.08333333333333333,0.0,0.0,0.0,False,INCUMBENT_PRESERVED,,
V0,2024-06-28,03220438000173,EQTL3,60967.87577454918,60967.87577454918,False,False,-0.031188345661337546,True,24,0.08333333333333333,0.0,0.0,0.0,False,INCUMBENT_PRESERVED,,
V0,2024-06-28,03983431000103,,0.0,0.0,False,False,,False,24,0,0.0,0.0,0.0,False,INCUMBENT_PRESERVED,,
V0,2024-06-28,07859971000130,TAEE4,17214.200766968235,17214.200766968235,False,False,0.00749037133186059,False,24,0.041666666666666664,0.0,0.0,0.0,False,INCUMBENT_PRESERVED,,
V0,2024-06-28,17155730000164,CMIG4,75858.47033397872,75858.47033397872,False,False,0.05952973740132683,True,24,0.08333333333333333,0.0,0.0,0.0,False,INCUMBENT_PRESERVED,,
V0,2024-06-28,17281106000103,CSMG3,24575.571586456732,24575.571586456732,False,False,0.1766327216639616,False,24,0.041666666666666664,0.0,0.0,0.0,False,INCUMBENT_PRESERVED,,
V0,2024-06-28,17344597000194,BBSE3,37290.42865186228,37290.42865186228,False,False,0.17093453137056835,False,24,0.041666666666666664,0.0,0.0,0.0,False,INCUMBENT_PRESERVED,,
V0,2024-06-28,28195667000106,ABCB4,42979.38670490441,42979.38670490441,False,False,0.2536418773937126,False,24,0.041666666666666664,0.0,0.0,0.0,False,INCUMBENT_PRESERVED,,
V0,2024-06-28,43776517000180,SBSP3,78843.82714303977,78843.82714303977,False,False,0.348455217258975,True,24,0.08333333333333333,0.0,0.0,0.0,False,INCUMBENT_PRESERVED,,
V0,2024-06-28,60746948000112,BBDC4,23550.03084513658,23550.03084513658,False,False,-0.17912822634172332,False,24,0.041666666666666664,0.0,0.0,0.0,False,INCUMBENT_PRESERVED,,
V0,2024-06-28,60872504000123,ITUB4,38588.78769086265,38588.78769086265,False,False,0.203007966185341,False,24,0.041666666666666664,0.0,0.0,0.0,False,INCUMBENT_PRESERVED,,
V0,2024-06-28,61186680000174,BMGB4,0,0,True,False,,False,24,0.041666666666666664,0.0,0.0,0.0,True,ENTRY_CASH_ONLY,,
V0,2024-06-28,76483817000120,CPLE6,97016.15886630375,97016.15886630375,False,False,0.15024458722925993,True,24,0.08333333333333333,0.0,0.0,0.0,False,INCUMBENT_PRESERVED,,
V0,2024-06-28,76484013000145,SAPR4,69873.68094799423,69873.68094799423,False,False,0.3512938456471828,True,24,0.08333333333333333,0.0,0.0,0.0,False,INCUMBENT_PRESERVED,,
V0,2024-06-28,90400888000142,SANB4,18571.87027088631,18571.87027088631,False,False,-0.058173939293780896,False,24,0.041666666666666664,0.0,0.0,0.0,False,INCUMBENT_PRESERVED,,
V0,2024-06-28,92702067000196,BRSR6,30163.419666171354,30163.419666171354,False,False,-0.20662621113602664,False,24,0.041666666666666664,0.0,0.0,0.0,False,INCUMBENT_PRESERVED,,
V0,2025-06-30,00000000000191,BBAS3,46328.48330177148,46879.1023690365,False,False,-0.1275671766999289,False,23,0.043478260869565216,23889.278998544774,23888.084534594847,0.01816709080291636,False,INCUMBENT_PRESERVED,,
V0,2025-06-30,00001180000126,ELET3,4277.880506249263,6964.178551754568,False,False,0.17369391906405918,False,23,0.043478260869565216,23889.278998544774,23888.084534594847,0.01816709080291636,False,INCUMBENT_PRESERVED,,
V0,2025-06-30,01083200000118,NEOE3,33231.40632926177,34447.2037794051,False,False,0.4437398521083167,False,23,0.043478260869565216,23889.278998544774,23888.084534594847,0.01816709080291636,False,INCUMBENT_PRESERVED,,
V0,2025-06-30,02149205000169,PSSA3,86382.89014058873,87802.77800470672,False,False,0.9083203878634984,True,23,0.08695652173913043,23889.278998544774,23888.084534594847,0.01816709080291636,False,INCUMBENT_PRESERVED,,
V0,2025-06-30,02429144000193,CPFE3,53180.83016062163,53383.430123161335,False,False,0.33973503444953823,False,23,0.043478260869565216,23889.278998544774,23888.084534594847,0.01816709080291636,False,INCUMBENT_PRESERVED,,
V0,2025-06-30,02474103000119,TBLE3,44871.934859429144,45496.52955801212,False,False,0.08260846981202108,False,23,0.043478260869565216,23889.278998544774,23888.084534594847,0.01816709080291636,False,INCUMBENT_PRESERVED,,
V0,2025-06-30,02558115000121,TIMS3,62287.35947051732,62287.35947051732,False,False,0.5290517112597639,False,23,0.043478260869565216,23889.278998544774,23888.084534594847,0.01816709080291636,False,INCUMBENT_PRESERVED,,
V0,2025-06-30,02558157000162,VIVT3,50617.511389925545,50950.29797641747,False,False,0.45941579607505534,False,23,0.043478260869565216,23889.278998544774,23888.084534594847,0.01816709080291636,False,INCUMBENT_PRESERVED,,
V0,2025-06-30,02998609000127,AURE3,23889.278998544774,0,False,True,-0.28929366564741354,False,23,0,23889.278998544774,23888.084534594847,0.01816709080291636,False,CONFIRMED_MAINTENANCE_FAIL,research/monthly_reaudited_2014_2026/maintenance_reviews.csv,27
V0,2025-06-30,02998611000104,TRPL4,66542.66356190025,68970.2029698896,False,False,-0.022556734839565884,True,23,0.08695652173913043,23889.278998544774,23888.084534594847,0.01816709080291636,False,INCUMBENT_PRESERVED,,
V0,2025-06-30,03220438000173,EQTL3,75798.79737424428,77756.23340466902,False,False,0.19848803582596974,True,23,0.08695652173913043,23889.278998544774,23888.084534594847,0.01816709080291636,False,INCUMBENT_PRESERVED,,
V0,2025-06-30,03983431000103,,0.0,0.0,False,False,,False,23,0,23889.278998544774,23888.084534594847,0.01816709080291636,False,INCUMBENT_PRESERVED,,
V0,2025-06-30,07859971000130,TAEE4,21050.34319814324,22884.796237797356,False,False,0.07552668076586744,False,23,0.043478260869565216,23889.278998544774,23888.084534594847,0.01816709080291636,False,INCUMBENT_PRESERVED,,
V0,2025-06-30,17155730000164,CMIG4,92703.85003939747,93802.70704353398,False,False,0.2173373205018181,True,23,0.08695652173913043,23889.278998544774,23888.084534594847,0.01816709080291636,False,INCUMBENT_PRESERVED,,
V0,2025-06-30,17281106000103,CSMG3,37479.88096507517,38479.905575684796,False,False,0.43666173431169586,False,23,0.043478260869565216,23889.278998544774,23888.084534594847,0.01816709080291636,False,INCUMBENT_PRESERVED,,
V0,2025-06-30,17344597000194,BBSE3,44921.8993385836,45543.9564257961,False,False,0.19838670686397397,False,23,0.043478260869565216,23889.278998544774,23888.084534594847,0.01816709080291636,False,INCUMBENT_PRESERVED,,
V0,2025-06-30,28195667000106,ABCB4,47330.59519918467,47830.31869847039,False,False,0.09559348680455915,False,23,0.043478260869565216,23889.278998544774,23888.084534594847,0.01816709080291636,False,INCUMBENT_PRESERVED,,
V0,2025-06-30,43776517000180,SBSP3,129399.75671837563,129399.75671837563,False,False,0.6410845462497932,True,23,0.08695652173913043,23889.278998544774,23888.084534594847,0.01816709080291636,False,INCUMBENT_PRESERVED,,
V0,2025-06-30,60746948000112,BBDC4,36779.70511071519,37815.29046846796,False,False,0.46434656119016293,False,23,0.043478260869565216,23889.278998544774,23888.084534594847,0.01816709080291636,False,INCUMBENT_PRESERVED,,
V0,2025-06-30,60872504000123,ITUB4,52381.734373551786,52624.919059272375,False,False,0.34772203166942717,False,23,0.043478260869565216,23889.278998544774,23888.084534594847,0.01816709080291636,False,INCUMBENT_PRESERVED,,
V0,2025-06-30,61186680000174,BMGB4,4076.4684081920163,6772.99583342526,False,False,0.18773886762575853,False,23,0.043478260869565216,23889.278998544774,23888.084534594847,0.01816709080291636,False,INCUMBENT_PRESERVED,,
V0,2025-06-30,76483817000120,CPLE6,140431.0618822671,140431.0618822671,False,False,0.4475017721098673,True,23,0.08695652173913043,23889.278998544774,23888.084534594847,0.01816709080291636,False,INCUMBENT_PRESERVED,,
V0,2025-06-30,76484013000145,SAPR4,101971.43764591805,102599.60955366032,False,False,0.4316217396460422,True,23,0.08695652173913043,23889.278998544774,23888.084534594847,0.01816709080291636,False,INCUMBENT_PRESERVED,,
V0,2025-06-30,90400888000142,SANB4,23605.571518068293,25310.248834078106,False,False,0.1327147632280441,False,23,0.043478260869565216,23889.278998544774,23888.084534594847,0.01816709080291636,False,INCUMBENT_PRESERVED,,
V0,2025-06-30,92702067000196,BRSR6,35368.39347524978,36475.65696342712,False,False,0.1263364531066964,False,23,0.043478260869565216,23889.278998544774,23888.084534594847,0.01816709080291636,False,INCUMBENT_PRESERVED,,
V10,2015-06-30,02149205000169,PSSA3,17544.67960510159,17544.67960510159,False,False,0.36014540666577277,False,9,0.1111111111111111,0.0,0.0,0.0,False,INCUMBENT_PRESERVED,,
V10,2015-06-30,02474103000119,TBLE3,13316.011676556034,13316.011676556034,False,False,0.09384952568462501,False,9,0.1111111111111111,0.0,0.0,0.0,False,INCUMBENT_PRESERVED,,
V10,2015-06-30,02558115000121,TIMP3,14024.48780175289,14024.48780175289,False,False,-0.19394675535687023,False,9,0.1111111111111111,0.0,0.0,0.0,False,INCUMBENT_PRESERVED,,
V10,2015-06-30,02558157000162,VIVT4,12988.489761369212,12988.489761369212,False,False,0.07143452012423701,False,9,0.1111111111111111,0.0,0.0,0.0,False,INCUMBENT_PRESERVED,,
V10,2015-06-30,17155730000164,CMIG4,12153.78564684656,12153.78564684656,False,False,-0.18228241349722007,False,9,0.1111111111111111,0.0,0.0,0.0,False,INCUMBENT_PRESERVED,,
V10,2015-06-30,17281106000103,CSMG3,10439.744042312166,10439.744042312166,False,False,-0.6577173990005318,False,9,0.1111111111111111,0.0,0.0,0.0,False,INCUMBENT_PRESERVED,,
V10,2015-06-30,43776517000180,SBSP3,12992.145683512113,12992.145683512113,False,False,-0.2852304791909088,False,9,0.1111111111111111,0.0,0.0,0.0,False,INCUMBENT_PRESERVED,,
V10,2015-06-30,60746948000112,BBDC4,13169.375016504577,13169.375016504577,False,False,0.10628532202254815,False,9,0.1111111111111111,0.0,0.0,0.0,False,INCUMBENT_PRESERVED,,
V10,2015-06-30,60872504000123,ITUB4,13063.419143351397,13063.419143351397,False,False,0.11315192218549197,False,9,0.1111111111111111,0.0,0.0,0.0,False,INCUMBENT_PRESERVED,,
V10,2016-06-30,02149205000169,PSSA3,15066.411678652395,20622.35273230914,False,False,-0.3281971565683103,False,8,0.125,31024.30212413227,30177.353943881142,0.1780082365553389,False,INCUMBENT_PRESERVED,,
V10,2016-06-30,02474103000119,TBLE3,16758.758239616087,20752.472276253604,False,False,0.1619857159359559,False,8,0.125,31024.30212413227,30177.353943881142,0.1780082365553389,False,INCUMBENT_PRESERVED,,
V10,2016-06-30,02558115000121,TIMP3,14304.6188357641,20563.7807237246,False,False,-0.315015625,False,8,0.125,31024.30212413227,30177.353943881142,0.1780082365553389,False,INCUMBENT_PRESERVED,,
V10,2016-06-30,02558157000162,VIVT4,16874.853375254,20761.398489389747,False,False,0.060480061623882087,False,8,0.125,31024.30212413227,30177.353943881142,0.1780082365553389,False,INCUMBENT_PRESERVED,,
V10,2016-06-30,17155730000164,CMIG4,17474.961227808533,20807.539015150272,False,False,-0.3364978060323811,False,8,0.125,31024.30212413227,30177.353943881142,0.1780082365553389,False,INCUMBENT_PRESERVED,,
V10,2016-06-30,17281106000103,CSMG3,31024.30212413227,0,False,True,1.1815928366388184,False,8,0,31024.30212413227,30177.353943881142,0.1780082365553389,False,CONFIRMED_MAINTENANCE_FAIL,research/monthly_reaudited_2014_2026/maintenance_reviews.csv,31
V10,2016-06-30,43776517000180,SBSP3,23598.61674391494,23598.61674391494,False,False,0.779398315167485,False,8,0.125,31024.30212413227,30177.353943881142,0.1780082365553389,False,INCUMBENT_PRESERVED,,
V10,2016-06-30,60746948000112,BBDC4,18234.338756398614,20865.925317330333,False,False,0.029616325386228715,False,8,0.125,31024.30212413227,30177.353943881142,0.1780082365553389,False,INCUMBENT_PRESERVED,,
V10,2016-06-30,60872504000123,ITUB4,16190.990806933216,20708.818310150382,False,False,0.02706717352847976,False,8,0.125,31024.30212413227,30177.353943881142,0.1780082365553389,False,INCUMBENT_PRESERVED,,
V10,2017-06-30,02149205000169,PSSA3,30800.450563948747,30800.450563948747,False,False,0.1898252031074923,False,9,0.1111111111111111,0.0,0.0,0.0,False,INCUMBENT_PRESERVED,,
V10,2017-06-30,02474103000119,TBLE3,28044.146655001226,28044.146655001226,False,False,-0.05898309875873042,False,9,0.1111111111111111,0.0,0.0,0.0,False,INCUMBENT_PRESERVED,,
V10,2017-06-30,02558115000121,TIMP3,31166.231604655124,31166.231604655124,False,False,0.4396962142197598,False,9,0.1111111111111111,0.0,0.0,0.0,False,INCUMBENT_PRESERVED,,
V10,2017-06-30,02558157000162,VIVT4,27957.214955225223,27957.214955225223,False,False,0.07352179252844881,False,9,0.1111111111111111,0.0,0.0,0.0,False,INCUMBENT_PRESERVED,,
V10,2017-06-30,17155730000164,CMIG4,28044.580700126073,28044.580700126073,False,False,0.18692472305145302,False,9,0.1111111111111111,0.0,0.0,0.0,False,INCUMBENT_PRESERVED,,
V10,2017-06-30,43776517000180,SBSP3,30082.585806908828,30082.585806908828,False,False,0.1293303920858866,False,9,0.1111111111111111,0.0,0.0,0.0,False,INCUMBENT_PRESERVED,,
V10,2017-06-30,60746948000112,BBDC4,28369.41121638854,28369.41121638854,False,False,0.2786852354038498,False,9,0.1111111111111111,0.0,0.0,0.0,False,INCUMBENT_PRESERVED,,
V10,2017-06-30,60872504000123,ITUB4,30138.26967695447,30138.26967695447,False,False,0.40138755271795934,False,9,0.1111111111111111,0.0,0.0,0.0,False,INCUMBENT_PRESERVED,,
V10,2017-06-30,76484013000145,SAPR4,0,0,True,False,,False,9,0.1111111111111111,0.0,0.0,0.0,True,ENTRY_CASH_ONLY,,
V10,2018-06-29,02149205000169,PSSA3,45303.24723293062,45303.24723293062,False,False,0.4708631336048401,False,10,0.1,0.0,0.0,0.0,False,INCUMBENT_PRESERVED,,
V10,2018-06-29,02474103000119,TBLE3,31811.177014088124,31811.177014088124,False,False,0.09909563016693679,False,10,0.1,0.0,0.0,0.0,False,INCUMBENT_PRESERVED,,
V10,2018-06-29,02558115000121,TIMP3,42649.14515128654,42649.14515128654,False,False,0.36844087191203045,False,10,0.1,0.0,0.0,0.0,False,INCUMBENT_PRESERVED,,
V10,2018-06-29,02558157000162,VIVT4,31332.538935735065,31332.538935735065,False,False,0.07178675268417867,False,10,0.1,0.0,0.0,0.0,False,INCUMBENT_PRESERVED,,
V10,2018-06-29,17155730000164,CMIG4,31337.97527817154,31337.97527817154,False,False,-0.014353896531342225,False,10,0.1,0.0,0.0,0.0,False,INCUMBENT_PRESERVED,,
V10,2018-06-29,17344597000194,BBSE3,0,0,True,False,,False,10,0.1,0.0,0.0,0.0,True,ENTRY_CASH_ONLY,,
V10,2018-06-29,43776517000180,SBSP3,24011.636358111537,24011.636358111537,False,False,-0.24282564786407346,False,10,0.1,0.0,0.0,0.0,False,INCUMBENT_PRESERVED,,
V10,2018-06-29,60746948000112,BBDC4,30955.659285983063,30955.659285983063,False,False,0.09083292096946849,False,10,0.1,0.0,0.0,0.0,False,INCUMBENT_PRESERVED,,
V10,2018-06-29,60872504000123,ITUB4,35069.12001011024,35069.12001011024,False,False,0.16360761204967877,False,10,0.1,0.0,0.0,0.0,False,INCUMBENT_PRESERVED,,
V10,2018-06-29,76484013000145,SAPR4,19261.129652451466,19261.129652451466,False,False,-0.12558753630225927,False,10,0.1,0.0,0.0,0.0,False,INCUMBENT_PRESERVED,,
V10,2019-06-28,02149205000169,PSSA3,61084.6223222226,61084.6223222226,False,False,0.34834975533101775,False,10,0.1,0.0,0.0,0.0,False,INCUMBENT_PRESERVED,,
V10,2019-06-28,02474103000119,TBLE3,55253.40683838968,55253.40683838968,False,False,0.7369180277083041,False,10,0.1,0.0,0.0,0.0,False,INCUMBENT_PRESERVED,,
V10,2019-06-28,02558115000121,TIMP3,40136.85831996196,40136.85831996196,False,False,-0.09894442070852505,False,10,0.1,0.0,0.0,0.0,False,INCUMBENT_PRESERVED,,
V10,2019-06-28,02558157000162,VIVT4,41971.39400986315,41971.39400986315,False,False,0.22312246953066617,False,10,0.1,0.0,0.0,0.0,False,INCUMBENT_PRESERVED,,
V10,2019-06-28,17155730000164,CMIG4,66730.79937319753,66730.79937319753,False,False,1.1225929955269298,False,10,0.1,0.0,0.0,0.0,False,INCUMBENT_PRESERVED,,
V10,2019-06-28,17344597000194,BBSE3,21409.239617469524,21409.239617469524,False,False,0.3904722780289669,False,10,0.1,0.0,0.0,0.0,False,INCUMBENT_PRESERVED,,
V10,2019-06-28,43776517000180,SBSP3,53873.94525289905,53873.94525289905,False,False,1.0796761736842586,False,10,0.1,0.0,0.0,0.0,False,INCUMBENT_PRESERVED,,
V10,2019-06-28,60746948000112,BBDC4,53886.713321680974,53886.713321680974,False,False,0.740770979026806,False,10,0.1,0.0,0.0,0.0,False,INCUMBENT_PRESERVED,,
V10,2019-06-28,60872504000123,ITUB4,50729.782539175314,50729.782539175314,False,False,0.4465655974415723,False,10,0.1,0.0,0.0,0.0,False,INCUMBENT_PRESERVED,,
V10,2019-06-28,76484013000145,SAPR4,42545.0834434658,42545.0834434658,False,False,0.7740566254246724,False,10,0.1,0.0,0.0,0.0,False,INCUMBENT_PRESERVED,,
V10,2020-06-30,02149205000169,PSSA3,62383.423805597,62383.423805597,False,False,0.021262331401890266,False,10,0.1,0.0,0.0,0.0,False,INCUMBENT_PRESERVED,,
V10,2020-06-30,02474103000119,TBLE3,55278.15610557227,55278.15610557227,False,False,0.00044792291731399203,False,10,0.1,0.0,0.0,0.0,False,INCUMBENT_PRESERVED,,
V10,2020-06-30,02558115000121,TIMP3,53825.76840965176,53825.76840965176,False,False,0.26128914538565673,False,10,0.1,0.0,0.0,0.0,False,INCUMBENT_PRESERVED,,
V10,2020-06-30,02558157000162,VIVT4,45774.37100130656,45774.37100130656,False,False,0.020986326713086978,False,10,0.1,0.0,0.0,0.0,False,INCUMBENT_PRESERVED,,
V10,2020-06-30,17155730000164,CMIG4,50810.547121407726,50810.547121407726,False,False,-0.24304293591723614,False,10,0.1,0.0,0.0,0.0,False,INCUMBENT_PRESERVED,,
V10,2020-06-30,17344597000194,BBSE3,32983.81014220115,32983.81014220115,False,False,-0.1112302243621699,False,10,0.1,0.0,0.0,0.0,False,INCUMBENT_PRESERVED,,
V10,2020-06-30,43776517000180,SBSP3,67956.89930399998,67956.89930399998,False,False,0.2614056569458889,False,10,0.1,0.0,0.0,0.0,False,INCUMBENT_PRESERVED,,
V10,2020-06-30,60746948000112,BBDC4,38285.13314927545,38285.13314927545,False,False,-0.3588439938793192,False,10,0.1,0.0,0.0,0.0,False,INCUMBENT_PRESERVED,,
V10,2020-06-30,60872504000123,ITUB4,41349.404219865435,41349.404219865435,False,False,-0.2547732024524608,False,10,0.1,0.0,0.0,0.0,False,INCUMBENT_PRESERVED,,
V10,2020-06-30,76484013000145,SAPR4,57466.40432532069,57466.40432532069,False,False,0.333909534092075,False,10,0.1,0.0,0.0,0.0,False,INCUMBENT_PRESERVED,,
V10,2021-06-30,02149205000169,PSSA3,69379.89818145831,69379.89818145831,False,False,0.11215277952143432,False,10,0.1,0.0,0.0,0.0,False,INCUMBENT_PRESERVED,,
V10,2021-06-30,02474103000119,TBLE3,54470.40760343844,54470.40760343844,False,False,-0.014612435707717197,False,10,0.1,0.0,0.0,0.0,False,INCUMBENT_PRESERVED,,
V10,2021-06-30,02558115000121,TIMS3,46570.351235144975,46570.351235144975,False,False,-0.1509695236395867,False,10,0.1,0.0,0.0,0.0,False,INCUMBENT_PRESERVED,,
V10,2021-06-30,02558157000162,VIVT3,46998.3662339147,46998.3662339147,False,False,-0.05715758207174959,False,10,0.1,0.0,0.0,0.0,False,INCUMBENT_PRESERVED,,
V10,2021-06-30,17155730000164,CMIG4,71275.25450866521,71275.25450866521,False,False,0.40234581216260956,False,10,0.1,0.0,0.0,0.0,False,INCUMBENT_PRESERVED,,
V10,2021-06-30,17344597000194,BBSE3,39627.40693655694,39627.40693655694,False,False,-0.11073379016302565,False,10,0.1,0.0,0.0,0.0,False,INCUMBENT_PRESERVED,,
V10,2021-06-30,43776517000180,SBSP3,45256.81786966677,45256.81786966677,False,False,-0.36013460427498567,False,10,0.1,0.0,0.0,0.0,False,INCUMBENT_PRESERVED,,
V10,2021-06-30,60746948000112,BBDC4,58512.37192642658,58512.37192642658,False,False,0.40280078344661385,False,10,0.1,0.0,0.0,0.0,False,INCUMBENT_PRESERVED,,
V10,2021-06-30,60872504000123,ITUB4,54008.08905241619,54008.08905241619,False,False,0.1992874473784667,False,10,0.1,0.0,0.0,0.0,False,INCUMBENT_PRESERVED,,
V10,2021-06-30,76484013000145,SAPR4,44144.12068909449,44144.12068909449,False,False,-0.30821859934995244,False,10,0.1,0.0,0.0,0.0,False,INCUMBENT_PRESERVED,,
V10,2022-06-30,02149205000169,PSSA3,49445.80555353231,49445.80555353231,False,False,-0.3042546372484275,False,10,0.1,0.0,0.0,0.0,False,INCUMBENT_PRESERVED,,
V10,2022-06-30,02474103000119,TBLE3,61221.64070111048,61221.64070111048,False,False,0.12367907450331961,False,10,0.1,0.0,0.0,0.0,False,INCUMBENT_PRESERVED,,
V10,2022-06-30,02558115000121,TIMS3,55553.37528119157,55553.37528119157,False,False,0.14890253060752778,False,10,0.1,0.0,0.0,0.0,False,INCUMBENT_PRESERVED,,
V10,2022-06-30,02558157000162,VIVT3,58160.35773677924,58160.35773677924,False,False,0.2080408836425578,False,10,0.1,0.0,0.0,0.0,False,INCUMBENT_PRESERVED,,
V10,2022-06-30,17155730000164,CMIG4,88382.5842686233,88382.5842686233,False,False,0.2400177996962225,False,10,0.1,0.0,0.0,0.0,False,INCUMBENT_PRESERVED,,
V10,2022-06-30,17344597000194,BBSE3,57675.94580484478,57675.94580484478,False,False,0.19823190350111441,False,10,0.1,0.0,0.0,0.0,False,INCUMBENT_PRESERVED,,
V10,2022-06-30,43776517000180,SBSP3,57478.38488890942,57478.38488890942,False,False,0.17722085306997837,False,10,0.1,0.0,0.0,0.0,False,INCUMBENT_PRESERVED,,
V10,2022-06-30,60746948000112,BBDC4,49014.67003952203,49014.67003952203,False,False,-0.2231737506986512,False,10,0.1,0.0,0.0,0.0,False,INCUMBENT_PRESERVED,,
V10,2022-06-30,60872504000123,ITUB4,48507.858190566025,48507.858190566025,False,False,-0.14772802354345083,False,10,0.1,0.0,0.0,0.0,False,INCUMBENT_PRESERVED,,
V10,2022-06-30,76484013000145,SAPR4,49140.30870780806,49140.30870780806,False,False,-0.04954846843926686,False,10,0.1,0.0,0.0,0.0,False,INCUMBENT_PRESERVED,,
V10,2023-06-30,02149205000169,PSSA3,84431.11328851535,84431.11328851535,False,False,0.6704906988821635,False,10,0.1,0.0,0.0,0.0,False,INCUMBENT_PRESERVED,,
V10,2023-06-30,02474103000119,TBLE3,75217.4985524605,75217.4985524605,False,False,0.19655556703095822,False,10,0.1,0.0,0.0,0.0,False,INCUMBENT_PRESERVED,,
V10,2023-06-30,02558115000121,TIMS3,72203.3966524263,72203.3966524263,False,False,0.22291380131502714,False,10,0.1,0.0,0.0,0.0,False,INCUMBENT_PRESERVED,,
V10,2023-06-30,02558157000162,VIVT3,63187.4848202237,63187.4848202237,False,False,-0.02222763077729084,False,10,0.1,0.0,0.0,0.0,False,INCUMBENT_PRESERVED,,
V10,2023-06-30,17155730000164,CMIG4,118277.33599065094,118277.33599065094,False,False,0.3382425618057039,False,10,0.1,0.0,0.0,0.0,False,INCUMBENT_PRESERVED,,
V10,2023-06-30,17344597000194,BBSE3,74795.56328260021,74795.56328260021,False,False,0.2927878882762087,False,10,0.1,0.0,0.0,0.0,False,INCUMBENT_PRESERVED,,
V10,2023-06-30,43776517000180,SBSP3,79641.73276089913,79641.73276089913,False,False,0.3799579425859363,False,10,0.1,0.0,0.0,0.0,False,INCUMBENT_PRESERVED,,
V10,2023-06-30,60746948000112,BBDC4,58931.110691565176,58931.110691565176,False,False,0.021347704924905786,False,10,0.1,0.0,0.0,0.0,False,INCUMBENT_PRESERVED,,
V10,2023-06-30,60872504000123,ITUB4,68802.33965250893,68802.33965250893,False,False,0.3196024167491105,False,10,0.1,0.0,0.0,0.0,False,INCUMBENT_PRESERVED,,
V10,2023-06-30,76484013000145,SAPR4,69919.21698499634,69919.21698499634,False,False,0.275861066823641,False,10,0.1,0.0,0.0,0.0,False,INCUMBENT_PRESERVED,,
V10,2024-06-28,02149205000169,PSSA3,97303.65438808416,97303.65438808416,False,False,0.1478145473671495,False,10,0.1,0.0,0.0,0.0,False,INCUMBENT_PRESERVED,,
V10,2024-06-28,02474103000119,TBLE3,83305.61170493603,83305.61170493603,False,False,0.024480850495309125,False,10,0.1,0.0,0.0,0.0,False,INCUMBENT_PRESERVED,,
V10,2024-06-28,02558115000121,TIMS3,85210.28270916911,85210.28270916911,False,False,0.16375540671988675,False,10,0.1,0.0,0.0,0.0,False,INCUMBENT_PRESERVED,,
V10,2024-06-28,02558157000162,VIVT3,75048.80709805664,75048.80709805664,False,False,0.10460658523467203,False,10,0.1,0.0,0.0,0.0,False,INCUMBENT_PRESERVED,,
V10,2024-06-28,17155730000164,CMIG4,125318.3547427029,125318.3547427029,False,False,0.05952973740132683,False,10,0.1,0.0,0.0,0.0,False,INCUMBENT_PRESERVED,,
V10,2024-06-28,17344597000194,BBSE3,88571.020779275,88571.020779275,False,False,0.17093453137056858,False,10,0.1,0.0,0.0,0.0,False,INCUMBENT_PRESERVED,,
V10,2024-06-28,43776517000180,SBSP3,107393.31005297948,107393.31005297948,False,False,0.3484552172589752,False,10,0.1,0.0,0.0,0.0,False,INCUMBENT_PRESERVED,,
V10,2024-06-28,60746948000112,BBDC4,59699.3164231072,59699.3164231072,False,False,-0.17912822634172343,False,10,0.1,0.0,0.0,0.0,False,INCUMBENT_PRESERVED,,
V10,2024-06-28,60872504000123,ITUB4,86596.37069252516,86596.37069252516,False,False,0.2047326778627223,False,10,0.1,0.0,0.0,0.0,False,INCUMBENT_PRESERVED,,
V10,2024-06-28,76484013000145,SAPR4,95715.98224699787,95715.98224699787,False,False,0.3512938456471828,False,10,0.1,0.0,0.0,0.0,False,INCUMBENT_PRESERVED,,
V10,2025-06-30,02149205000169,PSSA3,185686.54748240457,185686.54748240457,False,False,0.9083203878634984,False,10,0.1,0.0,0.0,0.0,False,INCUMBENT_PRESERVED,,
V10,2025-06-30,02474103000119,TBLE3,98678.911012314,98678.911012314,False,False,0.08260846981202108,False,10,0.1,0.0,0.0,0.0,False,INCUMBENT_PRESERVED,,
V10,2025-06-30,02558115000121,TIMS3,134306.32851178825,134306.32851178825,False,False,0.5290517112597641,False,10,0.1,0.0,0.0,0.0,False,INCUMBENT_PRESERVED,,
V10,2025-06-30,02558157000162,VIVT3,115298.71934645427,115298.71934645427,False,False,0.45941579607505556,False,10,0.1,0.0,0.0,0.0,False,INCUMBENT_PRESERVED,,
V10,2025-06-30,17155730000164,CMIG4,152554.71017217825,152554.71017217825,False,False,0.2173373205018181,False,10,0.1,0.0,0.0,0.0,False,INCUMBENT_PRESERVED,,
V10,2025-06-30,17344597000194,BBSE3,107285.55994638418,107285.55994638418,False,False,0.1983867068639742,False,10,0.1,0.0,0.0,0.0,False,INCUMBENT_PRESERVED,,
V10,2025-06-30,43776517000180,SBSP3,176241.50149855716,176241.50149855716,False,False,0.6410845462497932,False,10,0.1,0.0,0.0,0.0,False,INCUMBENT_PRESERVED,,
V10,2025-06-30,60746948000112,BBDC4,101510.55073394852,101510.55073394852,False,False,0.4643465611901634,False,10,0.1,0.0,0.0,0.0,False,INCUMBENT_PRESERVED,,
V10,2025-06-30,60872504000123,ITUB4,120256.49601289134,120256.49601289134,False,False,0.3482399704452013,False,10,0.1,0.0,0.0,0.0,False,INCUMBENT_PRESERVED,,
V10,2025-06-30,76484013000145,SAPR4,138598.25245925755,138598.25245925755,False,False,0.4316217396460422,False,10,0.1,0.0,0.0,0.0,False,INCUMBENT_PRESERVED,,
VVAL,2015-06-30,00000000000191,BBAS3,0,0,True,False,,False,12,0.08333333333333333,0.0,0.0,0.0,True,ENTRY_CASH_ONLY,,
VVAL,2015-06-30,02149205000169,PSSA3,15381.971598518201,15381.971598518201,False,False,0.3601454066657732,False,12,0.08333333333333333,0.0,0.0,0.0,False,INCUMBENT_PRESERVED,,
VVAL,2015-06-30,02429144000193,CPFE3,12019.357557642477,12019.357557642477,False,False,-0.002776457408304678,False,12,0.08333333333333333,0.0,0.0,0.0,False,INCUMBENT_PRESERVED,,
VVAL,2015-06-30,02474103000119,TBLE3,11832.585687703811,11832.585687703811,False,False,0.09384952568462501,False,12,0.08333333333333333,0.0,0.0,0.0,False,INCUMBENT_PRESERVED,,
VVAL,2015-06-30,02998609000127,GETI4,12330.536995240278,12330.536995240278,False,False,-0.027545656602697477,False,12,0.08333333333333333,0.0,0.0,0.0,False,INCUMBENT_PRESERVED,,
VVAL,2015-06-30,03378521000175,LIGT3,13390.23387521443,13390.23387521443,False,False,-0.17434054730983295,False,12,0.08333333333333333,0.0,0.0,0.0,False,INCUMBENT_PRESERVED,,
VVAL,2015-06-30,03983431000103,ENBR3,14194.7798320328,14194.7798320328,False,False,0.10743062321850516,False,12,0.08333333333333333,0.0,0.0,0.0,False,INCUMBENT_PRESERVED,,
VVAL,2015-06-30,17281106000103,CSMG3,9338.188937540412,9338.188937540412,False,False,-0.6577173990005318,False,12,0.08333333333333333,0.0,0.0,0.0,False,INCUMBENT_PRESERVED,,
VVAL,2015-06-30,43776517000180,SBSP3,11247.009883257782,11247.009883257782,False,False,-0.2852304791909088,False,12,0.08333333333333333,0.0,0.0,0.0,False,INCUMBENT_PRESERVED,,
VVAL,2015-06-30,60746948000112,BBDC4,11890.091505687944,11890.091505687944,False,False,0.10628532202254792,False,12,0.08333333333333333,0.0,0.0,0.0,False,INCUMBENT_PRESERVED,,
VVAL,2015-06-30,60872504000123,ITUB4,0,0,True,False,,False,12,0.08333333333333333,0.0,0.0,0.0,True,ENTRY_CASH_ONLY,,
VVAL,2015-06-30,76483817000120,CPLE6,12550.02623389462,12550.02623389462,False,False,0.10632563471465262,False,12,0.08333333333333333,0.0,0.0,0.0,False,INCUMBENT_PRESERVED,,
VVAL,2016-06-30,00000000000191,BBAS3,10498.724752626082,13370.803038589162,False,False,-0.2375158660684018,False,12,0.08333333333333333,22674.21553730213,22371.030208055196,0.12842870758300298,False,INCUMBENT_PRESERVED,,
VVAL,2016-06-30,02149205000169,PSSA3,11603.033817192316,13680.580695777178,False,False,-0.3281971565683103,False,12,0.08333333333333333,22674.21553730213,22371.030208055196,0.12842870758300298,False,INCUMBENT_PRESERVED,,
VVAL,2016-06-30,02429144000193,CPFE3,13893.108621593827,14322.98600644214,False,False,0.10773237291159776,False,12,0.08333333333333333,22674.21553730213,22371.030208055196,0.12842870758300298,False,INCUMBENT_PRESERVED,,
VVAL,2016-06-30,02474103000119,TBLE3,13773.002954335267,14289.294304171295,False,False,0.16198571593595568,False,12,0.08333333333333333,22674.21553730213,22371.030208055196,0.12842870758300298,False,INCUMBENT_PRESERVED,,
VVAL,2016-06-30,02998609000127,TIET11,12955.691945543704,14060.024530317836,False,False,-0.04644659668661977,False,12,0.08333333333333333,22674.21553730213,22371.030208055196,0.12842870758300298,False,INCUMBENT_PRESERVED,,
VVAL,2016-06-30,03378521000175,LIGT3,13174.06058632941,14121.280684157793,False,False,-0.3343177790903721,False,12,0.08333333333333333,22674.21553730213,22371.030208055196,0.12842870758300298,False,INCUMBENT_PRESERVED,,
VVAL,2016-06-30,03983431000103,ENBR3,17690.448204362423,17690.448204362423,False,False,0.24626436011646247,False,12,0.08333333333333333,22674.21553730213,22371.030208055196,0.12842870758300298,False,INCUMBENT_PRESERVED,,
VVAL,2016-06-30,17281106000103,CSMG3,22674.21553730213,0,False,True,1.1815928366388184,False,12,0,22674.21553730213,22371.030208055196,0.12842870758300298,False,CONFIRMED_MAINTENANCE_FAIL,research/monthly_reaudited_2014_2026/maintenance_reviews.csv,55
VVAL,2016-06-30,43776517000180,SBSP3,20012.91043694095,20012.91043694095,False,False,0.779398315167485,False,12,0.08333333333333333,22674.21553730213,22371.030208055196,0.12842870758300298,False,INCUMBENT_PRESERVED,,
VVAL,2016-06-30,60746948000112,BBDC4,13729.374552979923,14277.055788349617,False,False,0.029616325386228937,False,12,0.08333333333333333,22674.21553730213,22371.030208055196,0.12842870758300298,False,INCUMBENT_PRESERVED,,
VVAL,2016-06-30,60872504000123,ITUB4,10956.745575785848,13499.28574519222,False,False,0.027067173528479982,False,12,0.08333333333333333,22674.21553730213,22371.030208055196,0.12842870758300298,False,INCUMBENT_PRESERVED,,
VVAL,2016-06-30,76483817000120,CPLE6,13228.944904834294,14136.67667804061,False,False,-0.12689378569273668,False,12,0.08333333333333333,22674.21553730213,22371.030208055196,0.12842870758300298,False,INCUMBENT_PRESERVED,,
VVAL,2016-06-30,92702067000196,BRSR6,0,10425.730448238013,True,False,,False,12,0.08333333333333333,22674.21553730213,22371.030208055196,0.12842870758300298,False,ENTRY_CASH_ONLY,,
VVAL,2017-06-30,00000000000191,BBAS3,22149.40926885613,22149.40926885613,False,False,0.6094049307894902,False,12,0.08333333333333333,28608.747520307665,27313.98987529656,0.10838385129835754,False,INCUMBENT_PRESERVED,,
VVAL,2017-06-30,02149205000169,PSSA3,20916.386058259788,20916.386058259788,False,False,0.1898252031074925,False,12,0.08333333333333333,28608.747520307665,27313.98987529656,0.10838385129835754,False,INCUMBENT_PRESERVED,,
VVAL,2017-06-30,02429144000193,CPFE3,20877.46683201301,20891.327767634804,False,False,0.29865881396042737,False,12,0.08333333333333333,28608.747520307665,27313.98987529656,0.10838385129835754,False,INCUMBENT_PRESERVED,,
VVAL,2017-06-30,02474103000119,TBLE3,18863.466810685182,20666.23955149867,False,False,-0.0589830987587302,False,12,0.08333333333333333,28608.747520307665,27313.98987529656,0.10838385129835754,False,INCUMBENT_PRESERVED,,
VVAL,2017-06-30,02998609000127,TIET11,18857.6363404145,20665.58792779531,False,False,-0.003798798938927428,False,12,0.08333333333333333,28608.747520307665,27313.98987529656,0.10838385129835754,False,INCUMBENT_PRESERVED,,
VVAL,2017-06-30,03378521000175,LIGT3,28608.747520307665,0,False,True,0.9884649511978705,False,12,0,28608.747520307665,27313.98987529656,0.10838385129835754,False,CONFIRMED_MAINTENANCE_FAIL,research/monthly_reaudited_2014_2026/maintenance_reviews.csv,57
VVAL,2017-06-30,03983431000103,ENBR3,20721.476617337146,20873.894024445006,False,False,0.0841828378016305,False,12,0.08333333333333333,28608.747520307665,27313.98987529656,0.10838385129835754,False,INCUMBENT_PRESERVED,,
VVAL,2017-06-30,43776517000180,SBSP3,22650.765175955825,22650.765175955825,False,False,0.12933039208588681,False,12,0.08333333333333333,28608.747520307665,27313.98987529656,0.10838385129835754,False,INCUMBENT_PRESERVED,,
VVAL,2017-06-30,60746948000112,BBDC4,19903.319416827722,20782.45532393288,False,False,0.27868523540385004,False,12,0.08333333333333333,28608.747520307665,27313.98987529656,0.10838385129835754,False,INCUMBENT_PRESERVED,,
VVAL,2017-06-30,60872504000123,ITUB4,20543.782089064254,20854.03456865427,False,False,0.4013875527179591,False,12,0.08333333333333333,28608.747520307665,27313.98987529656,0.10838385129835754,False,INCUMBENT_PRESERVED,,
VVAL,2017-06-30,76483817000120,CPLE6,16626.67831029979,20416.25209961492,False,False,-0.10265230193057306,False,12,0.08333333333333333,28608.747520307665,27313.98987529656,0.10838385129835754,False,INCUMBENT_PRESERVED,,
VVAL,2017-06-30,76484013000145,SAPR4,0,18558.025028362306,True,False,,False,12,0.08333333333333333,28608.747520307665,27313.98987529656,0.10838385129835754,False,ENTRY_CASH_ONLY,,
VVAL,2017-06-30,92702067000196,BRSR6,21292.484893444027,21292.484893444027,False,False,0.614610933340741,False,12,0.08333333333333333,28608.747520307665,27313.98987529656,0.10838385129835754,False,INCUMBENT_PRESERVED,,
VVAL,2018-06-29,00000000000191,BBAS3,24527.384392592943,24527.384392592943,False,False,0.10736065666006,False,13,0.07692307692307693,0.0,0.0,0.0,False,INCUMBENT_PRESERVED,,
VVAL,2018-06-29,02149205000169,PSSA3,31079.346351264026,31079.346351264026,False,False,0.4708631336048401,False,13,0.07692307692307693,0.0,0.0,0.0,False,INCUMBENT_PRESERVED,,
VVAL,2018-06-29,02429144000193,CPFE3,22952.298448349746,22952.298448349746,False,False,-0.17327105695934142,False,13,0.07692307692307693,0.0,0.0,0.0,False,INCUMBENT_PRESERVED,,
VVAL,2018-06-29,02474103000119,TBLE3,24442.282433186112,24442.282433186112,False,False,0.09909563016693679,False,13,0.07692307692307693,0.0,0.0,0.0,False,INCUMBENT_PRESERVED,,
VVAL,2018-06-29,02998609000127,TIET11,20020.973468267886,20020.973468267886,False,False,-0.2521463278876086,False,13,0.07692307692307693,0.0,0.0,0.0,False,INCUMBENT_PRESERVED,,
VVAL,2018-06-29,03983431000103,ENBR3,25380.02063729636,25380.02063729636,False,False,0.020923768037549584,False,13,0.07692307692307693,0.0,0.0,0.0,False,INCUMBENT_PRESERVED,,
VVAL,2018-06-29,17344597000194,BBSE3,0,0,True,False,,False,13,0.07692307692307693,0.0,0.0,0.0,True,ENTRY_CASH_ONLY,,
VVAL,2018-06-29,43776517000180,SBSP3,18791.952013796832,18791.952013796832,False,False,-0.24282564786407346,False,13,0.07692307692307693,0.0,0.0,0.0,False,INCUMBENT_PRESERVED,,
VVAL,2018-06-29,60746948000112,BBDC4,22871.415860745747,22871.415860745747,False,False,0.09083292096946827,False,13,0.07692307692307693,0.0,0.0,0.0,False,INCUMBENT_PRESERVED,,
VVAL,2018-06-29,60872504000123,ITUB4,24659.559564458916,24659.559564458916,False,False,0.16360761204967877,False,13,0.07692307692307693,0.0,0.0,0.0,False,INCUMBENT_PRESERVED,,
VVAL,2018-06-29,76483817000120,CPLE6,22274.368551309715,22274.368551309715,False,False,-0.06473019468120178,False,13,0.07692307692307693,0.0,0.0,0.0,False,INCUMBENT_PRESERVED,,
VVAL,2018-06-29,76484013000145,SAPR4,21680.09237109496,21680.09237109496,False,False,-0.12558753630225916,False,13,0.07692307692307693,0.0,0.0,0.0,False,INCUMBENT_PRESERVED,,
VVAL,2018-06-29,92702067000196,BRSR6,25743.863227729384,25743.863227729384,False,False,0.19749903776310118,False,13,0.07692307692307693,0.0,0.0,0.0,False,INCUMBENT_PRESERVED,,
VVAL,2019-06-28,00000000000191,BBAS3,48547.252673791525,48547.252673791525,False,False,0.9793081845470801,False,13,0.07692307692307693,0.0,0.0,0.0,False,INCUMBENT_PRESERVED,,
VVAL,2019-06-28,02149205000169,PSSA3,41905.829048574815,41905.829048574815,False,False,0.348349755331018,False,13,0.07692307692307693,0.0,0.0,0.0,False,INCUMBENT_PRESERVED,,
VVAL,2019-06-28,02429144000193,CPFE3,34400.78243751576,34400.78243751576,False,False,0.42688040296807683,False,13,0.07692307692307693,0.0,0.0,0.0,False,INCUMBENT_PRESERVED,,
VVAL,2019-06-28,02474103000119,TBLE3,42454.240996538945,42454.240996538945,False,False,0.7369180277083038,False,13,0.07692307692307693,0.0,0.0,0.0,False,INCUMBENT_PRESERVED,,
VVAL,2019-06-28,02998609000127,TIET11,32061.006415020594,32061.006415020594,False,False,0.3222217742880493,False,13,0.07692307692307693,0.0,0.0,0.0,False,INCUMBENT_PRESERVED,,
VVAL,2019-06-28,03983431000103,ENBR3,38100.63623880955,38100.63623880955,False,False,0.437404155465033,False,13,0.07692307692307693,0.0,0.0,0.0,False,INCUMBENT_PRESERVED,,
VVAL,2019-06-28,17344597000194,BBSE3,22001.705733557465,22001.705733557465,False,False,0.3904722780289669,False,13,0.07692307692307693,0.0,0.0,0.0,False,INCUMBENT_PRESERVED,,
VVAL,2019-06-28,43776517000180,SBSP3,42851.89978519403,42851.89978519403,False,False,1.0796761736842586,False,13,0.07692307692307693,0.0,0.0,0.0,False,INCUMBENT_PRESERVED,,
VVAL,2019-06-28,60746948000112,BBDC4,39838.4630549513,39838.4630549513,False,False,0.7407709790268067,False,13,0.07692307692307693,0.0,0.0,0.0,False,INCUMBENT_PRESERVED,,
VVAL,2019-06-28,60872504000123,ITUB4,36495.32852922131,36495.32852922131,False,False,0.44656559744157254,False,13,0.07692307692307693,0.0,0.0,0.0,False,INCUMBENT_PRESERVED,,
VVAL,2019-06-28,76483817000120,CPLE6,53073.55063794163,53073.55063794163,False,False,1.3161052570988265,False,13,0.07692307692307693,0.0,0.0,0.0,False,INCUMBENT_PRESERVED,,
VVAL,2019-06-28,76484013000145,SAPR4,40433.096318236625,40433.096318236625,False,False,0.7740566254246724,False,13,0.07692307692307693,0.0,0.0,0.0,False,INCUMBENT_PRESERVED,,
VVAL,2019-06-28,92702067000196,BRSR6,44072.21816954025,44072.21816954025,False,False,0.7119504473621083,False,13,0.07692307692307693,0.0,0.0,0.0,False,INCUMBENT_PRESERVED,,
VVAL,2020-06-30,00000000000191,BBAS3,31755.45526152201,31755.45526152201,False,False,-0.378911123455839,False,13,0.07692307692307693,0.0,0.0,0.0,False,INCUMBENT_PRESERVED,,
VVAL,2020-06-30,02149205000169,PSSA3,42796.933120474765,42796.933120474765,False,False,0.021262331401890266,False,13,0.07692307692307693,0.0,0.0,0.0,False,INCUMBENT_PRESERVED,,
VVAL,2020-06-30,02429144000193,CPFE3,36982.50192551902,36982.50192551902,False,False,0.007558330594807483,False,13,0.07692307692307693,0.0,0.0,0.0,False,INCUMBENT_PRESERVED,,
VVAL,2020-06-30,02474103000119,TBLE3,42473.257224018475,42473.257224018475,False,False,0.0004479229173142141,False,13,0.07692307692307693,0.0,0.0,0.0,False,INCUMBENT_PRESERVED,,
VVAL,2020-06-30,02998609000127,TIET11,48686.48735321045,48686.48735321045,False,False,0.405530938750744,False,13,0.07692307692307693,0.0,0.0,0.0,False,INCUMBENT_PRESERVED,,
VVAL,2020-06-30,03983431000103,ENBR3,37383.51114542273,37383.51114542273,False,False,-0.05013455595010907,False,13,0.07692307692307693,0.0,0.0,0.0,False,INCUMBENT_PRESERVED,,
VVAL,2020-06-30,17344597000194,BBSE3,28316.441133763074,28316.441133763074,False,False,-0.11123022436216978,False,13,0.07692307692307693,0.0,0.0,0.0,False,INCUMBENT_PRESERVED,,
VVAL,2020-06-30,43776517000180,SBSP3,54062.29567706438,54062.29567706438,False,False,0.2614056569458887,False,13,0.07692307692307693,0.0,0.0,0.0,False,INCUMBENT_PRESERVED,,
VVAL,2020-06-30,60746948000112,BBDC4,29152.4884110979,29152.4884110979,False,False,-0.3588439938793193,False,13,0.07692307692307693,0.0,0.0,0.0,False,INCUMBENT_PRESERVED,,
VVAL,2020-06-30,60872504000123,ITUB4,31248.000998620577,31248.000998620577,False,False,-0.25477320245246093,False,13,0.07692307692307693,0.0,0.0,0.0,False,INCUMBENT_PRESERVED,,
VVAL,2020-06-30,76483817000120,CPLE6,68868.27374363116,68868.27374363116,False,False,0.2976006488323786,False,13,0.07692307692307693,0.0,0.0,0.0,False,INCUMBENT_PRESERVED,,
VVAL,2020-06-30,76484013000145,SAPR4,53934.09267175902,53934.09267175902,False,False,0.33390953409207524,False,13,0.07692307692307693,0.0,0.0,0.0,False,INCUMBENT_PRESERVED,,
VVAL,2020-06-30,92702067000196,BRSR6,29374.637151587835,29374.637151587835,False,False,-0.3989682954953494,False,13,0.07692307692307693,0.0,0.0,0.0,False,INCUMBENT_PRESERVED,,
VVAL,2021-06-30,00000000000191,BBAS3,38199.19131143622,38199.19131143622,False,False,0.06259091333784661,False,14,0.07142857142857142,0.0,0.0,0.0,False,INCUMBENT_PRESERVED,,
VVAL,2021-06-30,02149205000169,PSSA3,48307.0691448698,48307.0691448698,False,False,0.11215277952143365,False,14,0.07142857142857142,0.0,0.0,0.0,False,INCUMBENT_PRESERVED,,
VVAL,2021-06-30,02429144000193,CPFE3,38019.38874665248,38019.38874665248,False,False,-0.021184906263332803,False,14,0.07142857142857142,0.0,0.0,0.0,False,INCUMBENT_PRESERVED,,
VVAL,2021-06-30,02474103000119,TBLE3,41930.85989642929,41930.85989642929,False,False,-0.014612435707717308,False,14,0.07142857142857142,0.0,0.0,0.0,False,INCUMBENT_PRESERVED,,
VVAL,2021-06-30,02998609000127,AESB3,46179.27757575514,46179.27757575514,False,False,-0.05149703570245301,False,14,0.07142857142857142,0.0,0.0,0.0,False,INCUMBENT_PRESERVED,,
VVAL,2021-06-30,03983431000103,ENBR3,40815.06366494688,40815.06366494688,False,False,0.06892364133693207,False,14,0.07142857142857142,0.0,0.0,0.0,False,INCUMBENT_PRESERVED,,
VVAL,2021-06-30,17281106000103,CSMG3,0,0,True,False,,False,14,0.07142857142857142,0.0,0.0,0.0,True,ENTRY_CASH_ONLY,,
VVAL,2021-06-30,17344597000194,BBSE3,31199.50544393724,31199.50544393724,False,False,-0.11073379016302576,False,14,0.07142857142857142,0.0,0.0,0.0,False,INCUMBENT_PRESERVED,,
VVAL,2021-06-30,43776517000180,SBSP3,36001.42585119041,36001.42585119041,False,False,-0.36013460427498567,False,14,0.07142857142857142,0.0,0.0,0.0,False,INCUMBENT_PRESERVED,,
VVAL,2021-06-30,60746948000112,BBDC4,45116.96919439771,45116.96919439771,False,False,0.40280078344661385,False,14,0.07142857142857142,0.0,0.0,0.0,False,INCUMBENT_PRESERVED,,
VVAL,2021-06-30,60872504000123,ITUB4,41690.048458165395,41690.048458165395,False,False,0.19928744737846715,False,14,0.07142857142857142,0.0,0.0,0.0,False,INCUMBENT_PRESERVED,,
VVAL,2021-06-30,76483817000120,CPLE6,71999.60842306449,71999.60842306449,False,False,0.04546846478379907,False,14,0.07142857142857142,0.0,0.0,0.0,False,INCUMBENT_PRESERVED,,
VVAL,2021-06-30,76484013000145,SAPR4,38585.51388192603,38585.51388192603,False,False,-0.30821859934995244,False,14,0.07142857142857142,0.0,0.0,0.0,False,INCUMBENT_PRESERVED,,
VVAL,2021-06-30,92702067000196,BRSR6,36895.80103604982,36895.80103604982,False,False,0.035163183248104746,False,14,0.07142857142857142,0.0,0.0,0.0,False,INCUMBENT_PRESERVED,,
VVAL,2022-06-30,00000000000191,BBAS3,44049.25512877276,44049.25512877276,False,False,0.12643421323501047,False,15,0.06666666666666667,0.0,0.0,0.0,False,INCUMBENT_PRESERVED,,
VVAL,2022-06-30,02149205000169,PSSA3,34455.44303994112,34455.44303994112,False,False,-0.3042546372484275,False,15,0.06666666666666667,0.0,0.0,0.0,False,INCUMBENT_PRESERVED,,
VVAL,2022-06-30,02429144000193,CPFE3,49928.60720035866,49928.60720035866,False,False,0.30484313720324185,False,15,0.06666666666666667,0.0,0.0,0.0,False,INCUMBENT_PRESERVED,,
VVAL,2022-06-30,02474103000119,TBLE3,47116.82984154804,47116.82984154804,False,False,0.12367907450331983,False,15,0.06666666666666667,0.0,0.0,0.0,False,INCUMBENT_PRESERVED,,
VVAL,2022-06-30,02998609000127,AESB3,36726.14554483055,36726.14554483055,False,False,-0.22962980854505954,False,15,0.06666666666666667,0.0,0.0,0.0,False,INCUMBENT_PRESERVED,,
VVAL,2022-06-30,03983431000103,ENBR3,52345.506757532654,52345.506757532654,False,False,0.2825045965195552,False,15,0.06666666666666667,0.0,0.0,0.0,False,INCUMBENT_PRESERVED,,
VVAL,2022-06-30,17281106000103,CSMG3,13071.39065447023,13071.39065447023,False,False,-0.2203482468367226,False,15,0.06666666666666667,0.0,0.0,0.0,False,INCUMBENT_PRESERVED,,
VVAL,2022-06-30,17344597000194,BBSE3,41784.47535717598,41784.47535717598,False,False,0.1982319035011142,False,15,0.06666666666666667,0.0,0.0,0.0,False,INCUMBENT_PRESERVED,,
VVAL,2022-06-30,43776517000180,SBSP3,43701.21669540148,43701.21669540148,False,False,0.17722085306997837,False,15,0.06666666666666667,0.0,0.0,0.0,False,INCUMBENT_PRESERVED,,
VVAL,2022-06-30,60746948000112,BBDC4,36132.51493489301,36132.51493489301,False,False,-0.22317375069865142,False,15,0.06666666666666667,0.0,0.0,0.0,False,INCUMBENT_PRESERVED,,
VVAL,2022-06-30,60872504000123,ITUB4,36169.38798183882,36169.38798183882,False,False,-0.1477280235434506,False,15,0.06666666666666667,0.0,0.0,0.0,False,INCUMBENT_PRESERVED,,
VVAL,2022-06-30,76483817000120,CPLE6,98005.63301913613,98005.63301913613,False,False,0.36119675044983746,False,15,0.06666666666666667,0.0,0.0,0.0,False,INCUMBENT_PRESERVED,,
VVAL,2022-06-30,76484013000145,SAPR4,38061.55471111646,38061.55471111646,False,False,-0.04954846843926708,False,15,0.06666666666666667,0.0,0.0,0.0,False,INCUMBENT_PRESERVED,,
VVAL,2022-06-30,90400888000142,SANB4,0,0,True,False,,False,15,0.06666666666666667,0.0,0.0,0.0,True,ENTRY_CASH_ONLY,,
VVAL,2022-06-30,92702067000196,BRSR6,31246.410720571454,31246.410720571454,False,False,-0.24317694863054373,False,15,0.06666666666666667,0.0,0.0,0.0,False,INCUMBENT_PRESERVED,,
VVAL,2023-06-30,00000000000191,BBAS3,72242.18974792259,72242.18974792259,False,False,0.6400320399682387,False,15,0.06666666666666667,0.0,0.0,0.0,False,INCUMBENT_PRESERVED,,
VVAL,2023-06-30,02149205000169,PSSA3,58340.405076869225,58340.405076869225,False,False,0.6704906988821637,False,15,0.06666666666666667,0.0,0.0,0.0,False,INCUMBENT_PRESERVED,,
VVAL,2023-06-30,02429144000193,CPFE3,57831.686796284775,57831.686796284775,False,False,0.15765526705583421,False,15,0.06666666666666667,0.0,0.0,0.0,False,INCUMBENT_PRESERVED,,
VVAL,2023-06-30,02474103000119,TBLE3,56496.145626072524,56496.145626072524,False,False,0.19655556703095778,False,15,0.06666666666666667,0.0,0.0,0.0,False,INCUMBENT_PRESERVED,,
VVAL,2023-06-30,02998609000127,AESB3,45835.3830300176,45835.3830300176,False,False,0.16135705375908893,False,15,0.06666666666666667,0.0,0.0,0.0,False,INCUMBENT_PRESERVED,,
VVAL,2023-06-30,03983431000103,ENBR3,64689.91446371072,64689.91446371072,False,False,0.23582554589371085,False,15,0.06666666666666667,0.0,0.0,0.0,False,INCUMBENT_PRESERVED,,
VVAL,2023-06-30,17281106000103,CSMG3,36996.29232223299,36996.29232223299,False,False,1.011314775034562,False,15,0.06666666666666667,0.0,0.0,0.0,False,INCUMBENT_PRESERVED,,
VVAL,2023-06-30,17344597000194,BBSE3,54055.89889279381,54055.89889279381,False,False,0.2927878882762087,False,15,0.06666666666666667,0.0,0.0,0.0,False,INCUMBENT_PRESERVED,,
VVAL,2023-06-30,43776517000180,SBSP3,60351.852394620495,60351.852394620495,False,False,0.37995794258593585,False,15,0.06666666666666667,0.0,0.0,0.0,False,INCUMBENT_PRESERVED,,
VVAL,2023-06-30,60746948000112,BBDC4,40375.913613103214,40375.913613103214,False,False,0.021347704924906008,False,15,0.06666666666666667,0.0,0.0,0.0,False,INCUMBENT_PRESERVED,,
VVAL,2023-06-30,60872504000123,ITUB4,49210.13859177267,49210.13859177267,False,False,0.3191974991630009,False,15,0.06666666666666667,0.0,0.0,0.0,False,INCUMBENT_PRESERVED,,
VVAL,2023-06-30,76483817000120,CPLE6,120958.86372557067,120958.86372557067,False,False,0.23420317791277157,False,15,0.06666666666666667,0.0,0.0,0.0,False,INCUMBENT_PRESERVED,,
VVAL,2023-06-30,76484013000145,SAPR4,50632.50852334535,50632.50852334535,False,False,0.275861066823641,False,15,0.06666666666666667,0.0,0.0,0.0,False,INCUMBENT_PRESERVED,,
VVAL,2023-06-30,90400888000142,SANB4,12921.1055393844,12921.1055393844,False,False,0.13745390812600555,False,15,0.06666666666666667,0.0,0.0,0.0,False,INCUMBENT_PRESERVED,,
VVAL,2023-06-30,92702067000196,BRSR6,59819.563351466684,59819.563351466684,False,False,0.806760078996358,False,15,0.06666666666666667,0.0,0.0,0.0,False,INCUMBENT_PRESERVED,,
VVAL,2024-06-28,00000000000191,BBAS3,85081.80542127979,85081.80542127979,False,False,0.17773015627237987,False,14,0.07142857142857142,0.0,0.0,0.0,False,INCUMBENT_PRESERVED,,
VVAL,2024-06-28,02149205000169,PSSA3,69876.34927570503,69876.34927570503,False,False,0.1478145473671495,False,14,0.07142857142857142,0.0,0.0,0.0,False,INCUMBENT_PRESERVED,,
VVAL,2024-06-28,02429144000193,CPFE3,62004.42203771479,62004.42203771479,False,False,0.05621138629653255,False,14,0.07142857142857142,0.0,0.0,0.0,False,INCUMBENT_PRESERVED,,
VVAL,2024-06-28,02474103000119,TBLE3,63153.75907301093,63153.75907301093,False,False,0.02448085049530868,False,14,0.07142857142857142,0.0,0.0,0.0,False,INCUMBENT_PRESERVED,,
VVAL,2024-06-28,02998609000127,AESB3,54792.15985293906,54792.15985293906,False,False,-0.06266345595418177,False,14,0.07142857142857142,0.0,0.0,0.0,False,INCUMBENT_PRESERVED,,
VVAL,2024-06-28,03983431000103,,0.0,0.0,False,False,,False,14,0,0.0,0.0,0.0,False,INCUMBENT_PRESERVED,,
VVAL,2024-06-28,17281106000103,CSMG3,63529.28055403115,63529.28055403115,False,False,0.17663272166396182,False,14,0.07142857142857142,0.0,0.0,0.0,False,INCUMBENT_PRESERVED,,
VVAL,2024-06-28,17344597000194,BBSE3,64688.232203054984,64688.232203054984,False,False,0.17093453137056835,False,14,0.07142857142857142,0.0,0.0,0.0,False,INCUMBENT_PRESERVED,,
VVAL,2024-06-28,43776517000180,SBSP3,81381.77023276957,81381.77023276957,False,False,0.348455217258975,False,14,0.07142857142857142,0.0,0.0,0.0,False,INCUMBENT_PRESERVED,,
VVAL,2024-06-28,60746948000112,BBDC4,45956.0102382307,45956.0102382307,False,False,-0.1791282263417231,False,14,0.07142857142857142,0.0,0.0,0.0,False,INCUMBENT_PRESERVED,,
VVAL,2024-06-28,60872504000123,ITUB4,66498.90118567809,66498.90118567809,False,False,0.20308415043614558,False,14,0.07142857142857142,0.0,0.0,0.0,False,INCUMBENT_PRESERVED,,
VVAL,2024-06-28,76483817000120,CPLE6,139132.27827773933,139132.27827773933,False,False,0.15024458722925993,False,14,0.07142857142857142,0.0,0.0,0.0,False,INCUMBENT_PRESERVED,,
VVAL,2024-06-28,76484013000145,SAPR4,70642.55024852848,70642.55024852848,False,False,0.3512938456471828,False,14,0.07142857142857142,0.0,0.0,0.0,False,INCUMBENT_PRESERVED,,
VVAL,2024-06-28,90400888000142,SANB4,41191.90326269423,41191.90326269423,False,False,-0.058173939293780896,False,14,0.07142857142857142,0.0,0.0,0.0,False,INCUMBENT_PRESERVED,,
VVAL,2024-06-28,92702067000196,BRSR6,52889.38278302115,52889.38278302115,False,False,-0.20662621113602653,False,14,0.07142857142857142,0.0,0.0,0.0,False,INCUMBENT_PRESERVED,,
VVAL,2025-06-30,00000000000191,BBAS3,74376.66426389286,79874.34834937468,False,False,-0.12756717669992879,False,13,0.07692307692307693,46072.44718061141,46070.14355825238,0.03540153785389325,False,INCUMBENT_PRESERVED,,
VVAL,2025-06-30,02149205000169,PSSA3,133401.61779442098,133401.61779442098,False,False,0.9083203878634984,False,13,0.07692307692307693,46072.44718061141,46070.14355825238,0.03540153785389325,False,INCUMBENT_PRESERVED,,
VVAL,2025-06-30,02429144000193,CPFE3,85421.7787069867,88559.26796847828,False,False,0.33973503444953823,False,13,0.07692307692307693,46072.44718061141,46070.14355825238,0.03540153785389325,False,INCUMBENT_PRESERVED,,
VVAL,2025-06-30,02474103000119,TBLE3,72115.89885765448,78096.67859936977,False,False,0.08260846981202086,False,13,0.07692307692307693,46072.44718061141,46070.14355825238,0.03540153785389325,False,INCUMBENT_PRESERVED,,
VVAL,2025-06-30,02998609000127,AURE3,46072.44718061141,0,False,True,-0.28929366564741343,False,13,0,46072.44718061141,46070.14355825238,0.03540153785389325,False,CONFIRMED_MAINTENANCE_FAIL,research/monthly_reaudited_2014_2026/maintenance_reviews.csv,76
VVAL,2025-06-30,03983431000103,,0.0,0.0,False,False,,False,13,0,46072.44718061141,46070.14355825238,0.03540153785389325,False,INCUMBENT_PRESERVED,,
VVAL,2025-06-30,17281106000103,CSMG3,93109.63223595954,94604.32891253386,False,False,0.43666173431169564,False,13,0.07692307692307693,46072.44718061141,46070.14355825238,0.03540153785389325,False,INCUMBENT_PRESERVED,,
VVAL,2025-06-30,17344597000194,BBSE3,78047.7400557824,82760.96381474301,False,False,0.19838670686397397,False,13,0.07692307692307693,46072.44718061141,46070.14355825238,0.03540153785389325,False,INCUMBENT_PRESERVED,,
VVAL,2025-06-30,43776517000180,SBSP3,133554.36547544957,133554.36547544957,False,False,0.6410845462497929,False,13,0.07692307692307693,46072.44718061141,46070.14355825238,0.03540153785389325,False,INCUMBENT_PRESERVED,,
VVAL,2025-06-30,60746948000112,BBDC4,73814.40191147778,79432.23402265293,False,False,0.46434656119016293,False,13,0.07692307692307693,46072.44718061141,46070.14355825238,0.03540153785389325,False,INCUMBENT_PRESERVED,,
VVAL,2025-06-30,60872504000123,ITUB4,90467.27457492832,92526.60812392512,False,False,0.34819270051853835,False,13,0.07692307692307693,46072.44718061141,46070.14355825238,0.03540153785389325,False,INCUMBENT_PRESERVED,,
VVAL,2025-06-30,76483817000120,CPLE6,201394.21936471085,201394.21936471085,False,False,0.4475017721098671,False,13,0.07692307692307693,46072.44718061141,46070.14355825238,0.03540153785389325,False,INCUMBENT_PRESERVED,,
VVAL,2025-06-30,76484013000145,SAPR4,101594.00351338979,101594.00351338979,False,False,0.4316217396460422,False,13,0.07692307692307693,46072.44718061141,46070.14355825238,0.03540153785389325,False,INCUMBENT_PRESERVED,,
VVAL,2025-06-30,90400888000142,SANB4,53860.447002528286,63742.175276742724,False,False,0.13271476322804432,False,13,0.07692307692307693,46072.44718061141,46070.14355825238,0.03540153785389325,False,INCUMBENT_PRESERVED,,
VVAL,2025-06-30,92702067000196,BRSR6,64129.45981886189,71816.83591850428,False,False,0.1263364531066966,False,13,0.07692307692307693,46072.44718061141,46070.14355825238,0.03540153785389325,False,INCUMBENT_PRESERVED,,
