year,ticker,lineage,sector,median_volume,sessions,total_volume
2014,ABCB4,28195667000106,Bancos,2608382.0,126,386458472.0
2014,BAZA3,04902979000144,Bancos,8220.0,105,1745470.0
2014,BBAS3,00000000000191,Bancos,133849630.5,126,20055222322.0
2014,BBDC3,60746948000112,Bancos,31182201.5,126,5119505130.0
2014,BBDC4,60746948000112,Bancos,218019442.5,126,30874424718.0
2014,BBSE3,17344597000194,Seguros,117685133.0,126,16271700564.0
2014,BEES3,28127603000178,Bancos,13000.0,125,4317309.0
2014,BEES4,28127603000178,Bancos,2190.0,70,476840.0
2014,BICB4,07450604000189,Bancos,401103.5,126,84959743.0
2014,BMEB4,17184037000110,Bancos,10506.0,87,1548580.0
2014,BMIN4,34169557000172,Bancos,1300.0,60,182790.0
2014,BPNM4,59285411000113,Bancos,333386.0,125,146040604.0
2014,BRIV4,60770336000165,Bancos,3414.0,69,1388362.0
2014,BRSR6,92702067000196,Bancos,8583133.5,126,1278443201.0
2014,CESP3,60933603000178,Energia,68526.0,121,16084129.0
2014,CESP6,60933603000178,Energia,22118636.0,126,3832074963.0
2014,CLSC4,83878892000155,Energia,158963.0,126,42673499.0
2014,CMGR4,03467321000199,Energia,1001.0,4,4552.0
2014,CMIG3,17155730000164,Energia,1144091.5,126,196005014.0
2014,CMIG4,17155730000164,Energia,62079538.5,126,9119195682.0
2014,COCE5,07047251000170,Energia,1509111.0,126,368595584.0
2014,CPFE3,02429144000193,Energia,21274561.5,126,3145498360.0
2014,CPLE3,76483817000120,Energia,1115910.0,126,241314976.0
2014,CPLE6,76483817000120,Energia,16273536.0,126,2257307581.0
2014,CPRE3,08439659000150,Energia,27048.5,126,53858147.0
2014,CRIV4,17167412000113,Bancos,12642.0,87,2719866.0
2014,CSAB4,15144017000190,Seguros,4508.0,12,109432.0
2014,CSMG3,17281106000103,Saneamento,6182284.5,126,1069162160.0
2014,DAYC4,62232889000190,Bancos,665713.0,126,204175428.0
2014,DTCY3,03303999000136,Telecom,960.0,59,1314446.0
2014,EBTP4,02558124000112,Telecom,17975.0,103,6924675.0
2014,ELET3,00001180000126,Energia,12257007.5,126,1942302155.0
2014,ELET6,00001180000126,Energia,14684680.5,126,2322688131.0
2014,ELPL4,61695227000193,Energia,7952793.0,126,1375848679.0
2014,EMAE4,02302101000142,Energia,2236.0,43,356192.0
2014,ENBR3,03983431000103,Energia,21619541.0,126,2912744962.0
2014,ENEV3,04423567000121,Energia,4448516.0,113,694122457.0
2014,EQTL3,03220438000173,Energia,16353711.0,126,2409997771.0
2014,GEPA4,02998301000181,Energia,17190.0,49,8112669.0
2014,GETI3,02998609000127,Energia,4031109.5,126,601678415.0
2014,GETI4,02998609000127,Energia,11177245.0,126,1490950636.0
2014,IDVL4,61024352000171,Bancos,31522.0,125,30240016.0
2014,INET3,00359742000108,Telecom,121496.0,125,60238940.0
2014,ITUB3,60872504000123,Bancos,2617407.5,126,509211080.0
2014,ITUB4,60872504000123,Bancos,339391782.5,126,44136051945.0
2014,LIGT3,03378521000175,Energia,16139690.5,126,2297741997.0
2014,MLFT4,60543816000193,Telecom,30420.0,115,6208670.0
2014,NETC4,00108786000165,Telecom,71452.0,103,29214913.0
2014,OIBR3,76535764000143,Telecom,5608022.5,126,1266052977.0
2014,OIBR4,76535764000143,Telecom,48769345.5,126,8922523878.0
2014,PINE4,62144175000120,Bancos,361310.0,126,79352416.0
2014,PRBC4,14388334000199,Bancos,54756.0,123,18050614.0
2014,PSSA3,02149205000169,Seguros,18014542.5,126,2649542076.0
2014,RDTR3,12126500000153,Energia,2308.5,76,2760721.0
2014,SANB3,90400888000142,Bancos,33378.0,126,12784447.0
2014,SANB4,90400888000142,Bancos,44288.0,126,14759937.0
2014,SAPR4,76484013000145,Saneamento,56523.5,126,17642767.0
2014,SBSP3,43776517000180,Saneamento,28588193.0,126,4250657871.0
2014,TBLE3,02474103000119,Energia,24744079.5,126,3484202698.0
2014,TELB4,00336701000104,Telecom,44654.5,126,11409940.0
2014,TIMP3,02558115000121,Telecom,46587180.0,126,7110390434.0
2014,TRPL4,02998611000104,Energia,5857969.5,126,880623865.0
2014,VIVT3,02558157000162,Telecom,431341.0,126,96796884.0
2014,VIVT4,02558157000162,Telecom,43641301.0,126,6298033779.0
2015,ABCB4,28195667000106,Bancos,2460709.0,126,354338279.0
2015,AELP3,01917705000130,Energia,3392.0,61,1476313.0
2015,BAZA3,04902979000144,Bancos,8235.0,116,2011380.0
2015,BBAS3,00000000000191,Bancos,133330340.5,126,17842175522.0
2015,BBDC3,60746948000112,Bancos,32667182.5,126,4491745684.0
2015,BBDC4,60746948000112,Bancos,263127571.0,126,33401260646.0
2015,BBSE3,17344597000194,Seguros,145026652.0,126,20326313477.0
2015,BEES3,28127603000178,Bancos,10898.0,119,2473549.0
2015,BGIP4,13009717000146,Bancos,2740.0,61,403214.0
2015,BICB4,07450604000189,Bancos,585805.5,126,154899657.0
2015,BMEB4,17184037000110,Bancos,4039.5,70,9621360.0
2015,BPAN4,59285411000113,Bancos,139440.0,126,69203665.0
2015,BRIV4,60770336000165,Bancos,13908.5,80,12464847.0
2015,BRSR3,92702067000196,Bancos,1900.0,44,186552.0
2015,BRSR6,92702067000196,Bancos,10816359.0,126,1424067640.0
2015,CBEE3,33050071000158,Energia,1075.0,44,146980.0
2015,CEEB3,15139629000194,Energia,15660.0,24,2209082.0
2015,CELP7,04895728000180,Energia,756.0,7,7112.0
2015,CESP3,60933603000178,Energia,58034.0,119,21200224.0
2015,CESP6,60933603000178,Energia,21699335.0,126,4379815912.0
2015,CLSC4,83878892000155,Energia,186610.5,126,86891239.0
2015,CMIG3,17155730000164,Energia,616729.5,126,126336541.0
2015,CMIG4,17155730000164,Energia,44699249.0,126,6167090579.0
2015,COCE5,07047251000170,Energia,738042.5,126,151441750.0
2015,CPFE3,02429144000193,Energia,22336186.0,126,3210222598.0
2015,CPLE3,76483817000120,Energia,974961.5,126,200374795.0
2015,CPLE6,76483817000120,Energia,16885987.5,126,2392460014.0
2015,CPRE3,08439659000150,Energia,7961.5,126,9967568.0
2015,CRIV4,17167412000113,Bancos,6939.0,83,2251147.0
2015,CSMG3,17281106000103,Saneamento,3473569.5,126,562553208.0
2015,CTAX3,04032433000180,Telecom,536.0,14,10441.0
2015,CTAX4,04032433000180,Telecom,3129.5,108,848695.0
2015,DAYC4,62232889000190,Bancos,177447.0,125,44795713.0
2015,EEEL3,92715812000131,Energia,1260.0,27,71745.0
2015,ELET3,00001180000126,Energia,10434846.5,126,1933305856.0
2015,ELET6,00001180000126,Energia,12491179.5,126,1834044849.0
2015,ELPL4,61695227000193,Energia,8471886.0,126,1410665169.0
2015,EMAE4,02302101000142,Energia,3364.5,56,439638.0
2015,ENBR3,03983431000103,Energia,17276110.5,126,2197717862.0
2015,ENGI3,00864214000106,Energia,2330.0,28,198401.0
2015,ENMT4,03467321000199,Energia,708.0,2,1416.0
2015,EQTL3,03220438000173,Energia,30545427.0,126,5663603279.0
2015,GETI3,02998609000127,Energia,4711452.0,126,760054912.0
2015,GETI4,02998609000127,Energia,10830401.5,126,1551480877.0
2015,IDVL4,61024352000171,Bancos,21462.0,107,14690792.0
2015,ITUB3,60872504000123,Bancos,2784454.0,126,500026966.0
2015,ITUB4,60872504000123,Bancos,425490078.5,126,58307779122.0
2015,LIGT3,03378521000175,Energia,13359703.0,126,1899045080.0
2015,MLFT4,60543816000193,Telecom,7115.0,102,3024250.0
2015,OIBR3,76535764000143,Telecom,3693384.5,126,611552156.0
2015,OIBR4,76535764000143,Telecom,19319571.0,126,3150378959.0
2015,PINE4,62144175000120,Bancos,197918.5,126,35930538.0
2015,PRBC4,14388334000199,Bancos,53444.0,115,52175545.0
2015,PSSA3,02149205000169,Seguros,17912082.0,126,2355740769.0
2015,SANB3,90400888000142,Bancos,31260.0,125,5733191.0
2015,SANB4,90400888000142,Bancos,42593.0,126,9076773.0
2015,SAPR4,76484013000145,Saneamento,224927.0,126,50156009.0
2015,SBSP3,43776517000180,Saneamento,19850128.5,126,2890881707.0
2015,TBLE3,02474103000119,Energia,22312575.5,126,3036185868.0
2015,TELB4,00336701000104,Telecom,22535.0,126,5367338.0
2015,TIMP3,02558115000121,Telecom,31325090.5,126,4411538106.0
2015,TRPL4,02998611000104,Energia,11007751.5,126,1665009214.0
2015,VIVT3,02558157000162,Telecom,655320.5,126,121287519.0
2015,VIVT4,02558157000162,Telecom,66017493.0,126,9976670239.0
2016,ABCB4,28195667000106,Bancos,2090825.0,126,353103123.0
2016,BAZA3,04902979000144,Bancos,12610.0,124,6683280.0
2016,BBAS3,00000000000191,Bancos,176267133.5,126,26654890009.0
2016,BBDC3,60746948000112,Bancos,36569612.5,126,5358489951.0
2016,BBDC4,60746948000112,Bancos,274959279.5,126,39967809531.0
2016,BBSE3,17344597000194,Seguros,139521014.0,126,19364241431.0
2016,BEES3,28127603000178,Bancos,8251.0,119,1970955.0
2016,BGIP3,13009717000146,Bancos,4516.0,21,115741.0
2016,BGIP4,13009717000146,Bancos,5702.0,98,1232405.0
2016,BMIN4,34169557000172,Bancos,1430.0,89,457020.0
2016,BPAN4,59285411000113,Bancos,32763.5,126,52951605.0
2016,BRIV3,60770336000165,Bancos,3793.0,27,411173.0
2016,BRIV4,60770336000165,Bancos,15491.0,59,2228212.0
2016,BRSR3,92702067000196,Bancos,1855.5,42,182860.0
2016,BRSR5,92702067000196,Bancos,1648.0,27,77610.0
2016,BRSR6,92702067000196,Bancos,7389759.5,126,1080357598.0
2016,CEBR3,00070698000111,Energia,37250.0,7,1367019.0
2016,CELP3,04895728000180,Energia,5976.0,43,2921834.0
2016,CELP5,04895728000180,Energia,1530.0,4,11610.0
2016,CESP3,60933603000178,Energia,19741.5,114,6815209.0
2016,CESP6,60933603000178,Energia,12858513.5,126,1776715358.0
2016,CLSC4,83878892000155,Energia,155980.0,126,27013093.0
2016,CMIG3,17155730000164,Energia,617237.5,126,104198941.0
2016,CMIG4,17155730000164,Energia,45805880.5,126,5956782874.0
2016,COCE5,07047251000170,Energia,328195.5,126,84394574.0
2016,CPFE3,02429144000193,Energia,28683144.5,126,4067141185.0
2016,CPLE3,76483817000120,Energia,379061.0,126,80573971.0
2016,CPLE6,76483817000120,Energia,17872726.0,126,2458233652.0
2016,CPRE3,08439659000150,Energia,5818.0,126,173659920.0
2016,CRIV3,17167412000113,Bancos,4132.0,29,852390.0
2016,CSAB4,15144017000190,Seguros,8003.0,9,204458.0
2016,CSMG3,17281106000103,Saneamento,3601525.0,126,609053572.0
2016,CTAX3,04032433000180,Telecom,131003.5,126,30177252.0
2016,DAYC4,62232889000190,Bancos,150853.0,106,84623406.0
2016,EEEL3,92715812000131,Energia,1455.0,38,217217.0
2016,EEEL4,92715812000131,Energia,245.0,34,86720.0
2016,ELET3,00001180000126,Energia,11341203.0,126,2246670667.0
2016,ELET6,00001180000126,Energia,18987273.5,126,2834901428.0
2016,ELPL4,61695227000193,Energia,5736833.0,126,866705092.0
2016,EMAE4,02302101000142,Energia,1640.5,54,222888.0
2016,ENBR3,03983431000103,Energia,27442460.0,126,3959290775.0
2016,ENGI4,00864214000106,Energia,2800.0,65,529367.0
2016,EQTL3,03220438000173,Energia,43915094.0,126,6121016674.0
2016,IDVL4,61024352000171,Bancos,6229.5,106,4038082.0
2016,ITUB3,60872504000123,Bancos,2900421.5,126,505203753.0
2016,ITUB4,60872504000123,Bancos,417339846.0,126,55561321369.0
2016,LIGT3,03378521000175,Energia,8186300.5,126,1311830369.0
2016,MLFT4,60543816000193,Telecom,25280.0,99,23481893.0
2016,PINE4,62144175000120,Bancos,45093.5,126,9118352.0
2016,PRBC4,14388334000199,Bancos,46767.0,119,7626514.0
2016,PSSA3,02149205000169,Seguros,16190052.5,126,2192934632.0
2016,SANB3,90400888000142,Bancos,31357.5,124,6907752.0
2016,SANB4,90400888000142,Bancos,59557.0,126,15285602.0
2016,SAPR4,76484013000145,Saneamento,490101.5,126,113176032.0
2016,SBSP3,43776517000180,Saneamento,48892369.5,126,7227521199.0
2016,TBLE3,02474103000119,Energia,31863994.5,126,4399292107.0
2016,TELB4,00336701000104,Telecom,54575.0,124,40974757.0
2016,TIET11,02998609000127,Energia,17226607.0,123,2694229431.0
2016,TIET3,04128563000110,Energia,1289.0,43,96603.0
2016,TIET4,02998609000127,Energia,2059.0,71,576473.0
2016,TIMP3,02558115000121,Telecom,19094435.0,126,2815108508.0
2016,TRPL4,02998611000104,Energia,19179968.5,126,3059962747.0
2016,VIVT3,02558157000162,Telecom,330946.5,126,62838756.0
2016,VIVT4,02558157000162,Telecom,72491582.0,126,10254599574.0
2017,ABCB4,28195667000106,Bancos,5721926.5,126,1010756219.0
2017,ALUP3,08364948000138,Energia,6619.0,95,1640375.0
2017,ATOM3,00359742000108,Telecom,100953.0,68,13489235.0
2017,BAZA3,04902979000144,Bancos,29000.5,94,3646741.0
2017,BBAS3,00000000000191,Bancos,202667684.5,126,28677669037.0
2017,BBDC3,60746948000112,Bancos,40917548.5,126,5693285688.0
2017,BBDC4,60746948000112,Bancos,271139506.5,126,38418834432.0
2017,BBSE3,17344597000194,Seguros,100694967.5,126,13975785177.0
2017,BEES3,28127603000178,Bancos,77040.5,126,20320303.0
2017,BEES4,28127603000178,Bancos,5706.0,105,1334369.0
2017,BGIP4,13009717000146,Bancos,15339.0,102,2856745.0
2017,BMEB4,17184037000110,Bancos,42341.0,125,11164654.0
2017,BMIN4,34169557000172,Bancos,52985.0,124,26173960.0
2017,BPAN4,59285411000113,Bancos,223617.0,126,59155399.0
2017,BRIV3,60770336000165,Bancos,3184.0,49,644923.0
2017,BRIV4,60770336000165,Bancos,10751.5,104,4063002.0
2017,BRSR6,92702067000196,Bancos,13952394.0,126,2231857022.0
2017,CEED3,08467115000100,Energia,16295.0,22,943186.0
2017,CELP3,04895728000180,Energia,11223.0,103,6938725.0
2017,CELP5,04895728000180,Energia,580.0,37,114941.0
2017,CESP3,60933603000178,Energia,36538.5,112,8562794.0
2017,CESP6,60933603000178,Energia,20183230.0,126,3303707107.0
2017,CLSC4,83878892000155,Energia,141954.5,126,28090542.0
2017,CMIG3,17155730000164,Energia,703483.5,126,127160080.0
2017,CMIG4,17155730000164,Energia,64640519.0,126,9098572346.0
2017,COCE5,07047251000170,Energia,264128.5,126,95834491.0
2017,CPFE3,02429144000193,Energia,29607057.5,126,4851034379.0
2017,CPLE3,76483817000120,Energia,951338.0,126,211099133.0
2017,CPLE6,76483817000120,Energia,18439689.0,126,2629700987.0
2017,CPRE3,08439659000150,Energia,7843.5,126,370325982.0
2017,CRIV4,17167412000113,Bancos,2210.0,74,528877.0
2017,CSMG3,17281106000103,Saneamento,26098815.0,126,4252835526.0
2017,CTAX3,04032433000180,Telecom,177013.0,126,26975070.0
2017,ELET3,00001180000126,Energia,26609030.5,126,3608794963.0
2017,ELET6,00001180000126,Energia,24772190.0,126,3550153693.0
2017,ELPL4,61695227000193,Energia,16709826.5,126,2384323541.0
2017,EMAE4,02302101000142,Energia,17365.0,95,3874537.0
2017,ENBR3,03983431000103,Energia,21000410.0,126,2903957835.0
2017,ENEV3,04423567000121,Energia,100874.5,126,32842309.0
2017,EQTL3,03220438000173,Energia,57863592.5,126,8184297126.0
2017,GEPA3,02998301000181,Energia,16250.0,24,740736.0
2017,GEPA4,02998301000181,Energia,19196.0,71,4832036.0
2017,IDVL3,61024352000171,Bancos,2293.0,38,221129.0
2017,IDVL4,61024352000171,Bancos,5720.0,84,997215.0
2017,ITUB3,60872504000123,Bancos,3651422.5,126,622657671.0
2017,ITUB4,60872504000123,Bancos,375529441.5,126,56163902828.0
2017,LIGT3,03378521000175,Energia,22380315.0,126,3504841030.0
2017,MLFT4,60543816000193,Telecom,138182.0,125,48220614.0
2017,PINE4,62144175000120,Bancos,50470.5,126,11006997.0
2017,PRBC4,14388334000199,Bancos,32693.0,125,7119597.0
2017,PSSA3,02149205000169,Seguros,12554455.5,126,1760104121.0
2017,REDE3,61584140000149,Energia,2359.0,65,368123.0
2017,REDE4,61584140000149,Energia,5330.0,76,1190341.0
2017,RNEW3,08534605000174,Energia,272913.0,74,45927902.0
2017,RNEW4,08534605000174,Energia,654439.0,65,105537311.0
2017,SANB3,90400888000142,Bancos,84793.0,124,14652120.0
2017,SANB4,90400888000142,Bancos,127350.0,126,22100540.0
2017,SAPR3,76484013000145,Saneamento,47709.5,80,10358560.0
2017,SAPR4,76484013000145,Saneamento,40941778.0,126,6530908207.0
2017,SBSP3,43776517000180,Saneamento,45376723.0,126,6617387081.0
2017,SULA4,29978814000187,Seguros,2900.0,16,199003.0
2017,TAEE3,07859971000130,Energia,3160.0,13,76479.0
2017,TAEE4,07859971000130,Energia,6692.5,18,160470.0
2017,TBLE3,02474103000119,Energia,27842333.5,126,3870435051.0
2017,TELB4,00336701000104,Telecom,290615.5,126,85857964.0
2017,TIET11,02998609000127,Energia,14192193.0,126,2422976472.0
2017,TIET3,04128563000110,Energia,94011.5,126,18273555.0
2017,TIET4,02998609000127,Energia,323565.0,126,93685586.0
2017,TIMP3,02558115000121,Telecom,25658179.0,126,3800135953.0
2017,TRPL3,02998611000104,Energia,11899.5,50,1597991.0
2017,TRPL4,02998611000104,Energia,23535385.0,126,3368703552.0
2017,VIVT3,02558157000162,Telecom,583588.0,126,125605190.0
2017,VIVT4,02558157000162,Telecom,79979381.0,126,10214784866.0
2018,ABCB4,28195667000106,Bancos,6576601.5,126,902334345.0
2018,ALUP3,08364948000138,Energia,6239.0,85,1351047.0
2018,ALUP4,08364948000138,Energia,5006.0,99,1036219.0
2018,ATOM3,00359742000108,Telecom,98756.5,126,35062225.0
2018,BAZA3,04902979000144,Bancos,15505.5,80,1857746.0
2018,BBAS3,00000000000191,Bancos,331684021.5,126,47166095841.0
2018,BBDC3,60746948000112,Bancos,48202002.0,126,8511392437.0
2018,BBDC4,60746948000112,Bancos,368185023.0,126,53040885860.0
2018,BBSE3,17344597000194,Seguros,78163796.5,126,11252600378.0
2018,BEES3,28127603000178,Bancos,50549.5,126,11354812.0
2018,BEES4,28127603000178,Bancos,3346.0,114,1005793.0
2018,BIDI4,00416968000101,Bancos,2986963.0,35,194913872.0
2018,BMEB4,17184037000110,Bancos,56137.0,124,12860178.0
2018,BMIN4,34169557000172,Bancos,5321.0,82,888730.0
2018,BNBR3,07237373000120,Bancos,11200.0,48,941014.0
2018,BPAN4,59285411000113,Bancos,196879.5,126,38120857.0
2018,BRIV4,60770336000165,Bancos,17200.5,114,5865021.0
2018,BRSR3,92702067000196,Bancos,46052.0,85,68711662.0
2018,BRSR6,92702067000196,Bancos,19668748.0,126,3451508675.0
2018,CBEE3,33050071000158,Energia,2265.5,38,264336.0
2018,CEED3,08467115000100,Energia,5900.0,11,90980.0
2018,CELP3,04895728000180,Energia,2975.0,111,1547460.0
2018,CESP6,60933603000178,Energia,18511482.0,126,3009424786.0
2018,CLSC4,83878892000155,Energia,166582.0,121,37081139.0
2018,CMIG3,17155730000164,Energia,6681060.0,126,1114783056.0
2018,CMIG4,17155730000164,Energia,74574285.5,126,10274133112.0
2018,COCE5,07047251000170,Energia,528249.0,126,129101994.0
2018,CPFE3,02429144000193,Energia,10048499.0,126,1547011218.0
2018,CPLE3,76483817000120,Energia,1125930.5,126,172873189.0
2018,CPLE6,76483817000120,Energia,16914331.5,126,2377617460.0
2018,CPRE3,08439659000150,Energia,62464.0,125,45555704.0
2018,CSMG3,17281106000103,Saneamento,21977730.5,126,3169551388.0
2018,EKTR3,02328280000197,Energia,5402.0,6,104694.0
2018,EKTR4,02328280000197,Energia,17137.0,68,3371124.0
2018,ELET3,00001180000126,Energia,56856850.0,126,8083413959.0
2018,ELET6,00001180000126,Energia,37870794.0,126,6218666871.0
2018,ELPL3,61695227000193,Energia,22936566.0,126,3569977580.0
2018,EMAE4,02302101000142,Energia,8749.0,114,3098741.0
2018,ENBR3,03983431000103,Energia,26375434.0,126,4127194500.0
2018,ENEV3,04423567000121,Energia,2570485.0,126,530904678.0
2018,ENGI3,00864214000106,Energia,4326.5,90,768722.0
2018,ENGI4,00864214000106,Energia,5915.0,98,1217101.0
2018,EQTL3,03220438000173,Energia,62803803.0,126,8939185424.0
2018,GEPA3,02998301000181,Energia,19000.0,85,2308179.0
2018,GEPA4,02998301000181,Energia,21535.0,101,3846441.0
2018,IDVL4,61024352000171,Bancos,27686.0,124,12604987.0
2018,IRBR3,33376989000191,Seguros,42834584.0,126,7268831995.0
2018,ITUB3,60872504000123,Bancos,6085361.5,126,983282715.0
2018,ITUB4,60872504000123,Bancos,568334233.5,126,82852018964.0
2018,JPSA3,60543816000193,Telecom,272109.5,84,48613197.0
2018,LIGT3,03378521000175,Energia,13626977.0,126,2201497586.0
2018,LIQO3,04032433000180,Telecom,78334.5,82,7734828.0
2018,MERC4,33040601000187,Bancos,2251.0,30,185449.0
2018,OMGE3,09149503000106,Energia,3563979.5,126,633509950.0
2018,PINE4,62144175000120,Bancos,52517.0,125,12702644.0
2018,PSSA3,02149205000169,Seguros,23817843.0,126,3263595262.0
2018,REDE3,61584140000149,Energia,32575.5,124,6770454.0
2018,RNEW3,08534605000174,Energia,26570.0,126,8299412.0
2018,RNEW4,08534605000174,Energia,43895.0,126,13098935.0
2018,SANB3,90400888000142,Bancos,136520.0,125,20408153.0
2018,SANB4,90400888000142,Bancos,155356.5,126,27945298.0
2018,SAPR3,76484013000145,Saneamento,122038.0,126,21997950.0
2018,SAPR4,76484013000145,Saneamento,4438344.0,126,620568176.0
2018,SBSP3,43776517000180,Saneamento,41785671.5,126,6222131413.0
2018,TAEE3,07859971000130,Energia,3555.0,97,531326.0
2018,TAEE4,07859971000130,Energia,5462.5,104,956919.0
2018,TBLE3,02474103000119,Energia,33608466.5,126,4638261945.0
2018,TELB4,00336701000104,Telecom,98126.0,125,15655475.0
2018,TIET11,02998609000127,Energia,9993097.5,126,1465151664.0
2018,TIET3,04128563000110,Energia,62322.0,126,10122006.0
2018,TIET4,02998609000127,Energia,207336.5,126,35535944.0
2018,TIMP3,02558115000121,Telecom,47226948.0,126,6883023627.0
2018,TRPL4,02998611000104,Energia,17975598.5,126,2751748459.0
2018,VIVT3,02558157000162,Telecom,696049.0,126,188438014.0
2018,VIVT4,02558157000162,Telecom,87056567.0,126,11767262886.0
2019,ABCB4,28195667000106,Bancos,6827182.5,126,970216785.0
2019,ALUP3,08364948000138,Energia,9221.0,109,1883846.0
2019,ALUP4,08364948000138,Energia,9209.5,118,1850587.0
2019,ATOM3,00359742000108,Telecom,49535.0,126,12902509.0
2019,BAZA3,04902979000144,Bancos,38251.0,90,8998012.0
2019,BBAS3,00000000000191,Bancos,501877634.5,126,71511784943.0
2019,BBDC3,60746948000112,Bancos,91322164.0,126,12272168048.0
2019,BBDC4,60746948000112,Bancos,584748789.0,126,79141552744.0
2019,BBSE3,17344597000194,Seguros,125250536.5,126,16325926407.0
2019,BEES3,28127603000178,Bancos,79109.5,126,16155146.0
2019,BEES4,28127603000178,Bancos,10276.0,125,1730056.0
2019,BGIP4,13009717000146,Bancos,17802.0,76,2223013.0
2019,BIDI4,00416968000101,Bancos,21848178.0,126,3837529627.0
2019,BMEB3,17184037000110,Bancos,4503.0,72,1100671.0
2019,BMEB4,17184037000110,Bancos,69435.0,126,18942635.0
2019,BMIN4,34169557000172,Bancos,5452.0,55,1462297.0
2019,BNBR3,07237373000120,Bancos,8998.0,62,1626886.0
2019,BPAC3,30306294000145,Bancos,9790.0,106,2482904.0
2019,BPAC5,30306294000145,Bancos,5587.0,98,1413512.0
2019,BPAN4,59285411000113,Bancos,1550251.5,126,1136939996.0
2019,BRIV3,60770336000165,Bancos,5467.5,66,964120.0
2019,BRIV4,60770336000165,Bancos,15308.0,114,4233869.0
2019,BRSR3,92702067000196,Bancos,96317.0,126,19402715.0
2019,BRSR6,92702067000196,Bancos,24665317.0,126,3432512016.0
2019,CBEE3,33050071000158,Energia,6395.0,18,152023.0
2019,CEBR3,00070698000111,Energia,13366.5,34,2477007.0
2019,CEBR5,00070698000111,Energia,9003.0,51,1513939.0
2019,CEEB3,15139629000194,Energia,12300.0,67,2251761.0
2019,CELP3,04895728000180,Energia,102625.0,126,26900477.0
2019,CELP7,04895728000180,Energia,3249.0,82,771932.0
2019,CEPE5,10835932000108,Energia,17100.0,18,354987.0
2019,CESP3,60933603000178,Energia,603891.0,126,135043143.0
2019,CESP6,60933603000178,Energia,22322356.5,126,3400706320.0
2019,CLSC4,83878892000155,Energia,150613.0,121,38479994.0
2019,CMIG3,17155730000164,Energia,22872426.5,126,4069901202.0
2019,CMIG4,17155730000164,Energia,149540113.5,126,19634135886.0
2019,COCE5,07047251000170,Energia,298012.5,124,301965844.0
2019,CPFE3,02429144000193,Energia,18616171.0,126,3985406506.0
2019,CPLE3,76483817000120,Energia,5181343.5,126,884302429.0
2019,CPLE6,76483817000120,Energia,32839841.5,126,4761482406.0
2019,CRIV3,17167412000113,Bancos,8422.5,46,1262770.0
2019,CRIV4,17167412000113,Bancos,5872.5,84,2159443.0
2019,CSMG3,17281106000103,Saneamento,33314256.5,126,4854399374.0
2019,EEEL3,92715812000131,Energia,24250.0,12,352997.0
2019,ELET3,00001180000126,Energia,121924507.0,126,17573727722.0
2019,ELET6,00001180000126,Energia,82054099.5,126,11471886693.0
2019,ELPL3,61695227000193,Energia,183411.5,126,76178327.0
2019,EMAE4,02302101000142,Energia,31472.0,111,7053298.0
2019,ENBR3,03983431000103,Energia,46148266.5,126,6574770906.0
2019,ENEV3,04423567000121,Energia,13030899.0,126,2662457149.0
2019,ENGI3,00864214000106,Energia,54174.5,126,9311936.0
2019,ENGI4,00864214000106,Energia,45559.0,126,7787864.0
2019,EQTL3,03220438000173,Energia,94244457.0,126,13116797492.0
2019,GEPA4,02998301000181,Energia,43350.0,124,7225187.0
2019,GPAR3,08560444000193,Energia,1226.0,5,12233.0
2019,IDVL3,61024352000171,Bancos,4470.0,31,961677.0
2019,IDVL4,61024352000171,Bancos,67112.0,125,29174196.0
2019,IRBR3,33376989000191,Seguros,113265389.0,126,16433121692.0
2019,ITUB3,60872504000123,Bancos,8508586.0,126,1961820658.0
2019,ITUB4,60872504000123,Bancos,656299975.5,126,92071359322.0
2019,JPSA3,60543816000193,Telecom,1996123.5,126,751515777.0
2019,LIGT3,03378521000175,Energia,19558493.5,126,3207671040.0
2019,LIPR3,01104937000170,Energia,16386.0,53,1449311.0
2019,LIQO3,04032433000180,Telecom,428391.5,126,145414424.0
2019,OMGE3,09149503000106,Energia,3917883.5,126,682348759.0
2019,PINE4,62144175000120,Bancos,131698.5,126,46912112.0
2019,PSSA3,02149205000169,Seguros,36027628.5,126,5081095472.0
2019,REDE3,61584140000149,Energia,11370.0,117,4158222.0
2019,RNEW3,08534605000174,Energia,22530.0,124,11302517.0
2019,RNEW4,08534605000174,Energia,35527.0,125,18206386.0
2019,SANB3,90400888000142,Bancos,156561.0,126,25785077.0
2019,SANB4,90400888000142,Bancos,285074.5,126,42491748.0
2019,SAPR3,76484013000145,Saneamento,392595.0,126,66432746.0
2019,SAPR4,76484013000145,Saneamento,7332942.5,126,1154131420.0
2019,SBSP3,43776517000180,Saneamento,115858658.0,126,17390026676.0
2019,SULA3,29978814000187,Seguros,2592.0,71,366958.0
2019,SULA4,29978814000187,Seguros,3439.5,82,499138.0
2019,TAEE3,07859971000130,Energia,45216.5,126,6237451.0
2019,TAEE4,07859971000130,Energia,73171.5,126,9583070.0
2019,TBLE3,02474103000119,Energia,59970499.5,126,7959950183.0
2019,TELB3,00336701000104,Telecom,7803.0,31,919367.0
2019,TELB4,00336701000104,Telecom,98093.0,124,21876865.0
2019,TIET11,02998609000127,Energia,13285508.0,126,1940862869.0
2019,TIET3,04128563000110,Energia,105133.0,126,14891095.0
2019,TIET4,02998609000127,Energia,298194.5,126,45430583.0
2019,TIMP3,02558115000121,Telecom,47084879.0,126,6585866707.0
2019,TRPL3,02998611000104,Energia,43396.0,105,6028022.0
2019,TRPL4,02998611000104,Energia,27943415.0,126,3888513835.0
2019,VIVT3,02558157000162,Telecom,1397501.0,126,257570764.0
2019,VIVT4,02558157000162,Telecom,83806759.5,126,11367601858.0
2020,ABCB4,28195667000106,Bancos,13947970.0,126,1943587054.0
2020,AFLT3,10338320000100,Energia,30630.5,124,8978491.0
2020,ALUP3,08364948000138,Energia,203414.0,126,40898066.0
2020,ALUP4,08364948000138,Energia,138595.0,126,18993733.0
2020,ATOM3,00359742000108,Telecom,95044.5,126,32260267.0
2020,BAZA3,04902979000144,Bancos,69201.0,125,14846106.0
2020,BBAS3,00000000000191,Bancos,642329254.5,126,90081363174.0
2020,BBDC3,60746948000112,Bancos,102144642.0,126,14663571269.0
2020,BBDC4,60746948000112,Bancos,832234922.5,126,111166619521.0
2020,BBSE3,17344597000194,Seguros,133633880.0,126,18930224077.0
2020,BEES3,28127603000178,Bancos,212272.5,126,34525868.0
2020,BEES4,28127603000178,Bancos,26555.5,126,5399793.0
2020,BGIP3,13009717000146,Bancos,4790.0,19,159480.0
2020,BGIP4,13009717000146,Bancos,28731.0,113,6807584.0
2020,BIDI3,00416968000101,Bancos,3266226.5,126,606274441.0
2020,BIDI4,00416968000101,Bancos,26186774.0,126,3749882116.0
2020,BMEB3,17184037000110,Bancos,9749.0,91,6795493.0
2020,BMEB4,17184037000110,Bancos,97965.5,126,25553395.0
2020,BMGB4,61186680000174,Bancos,8083173.0,126,1695535400.0
2020,BMIN3,34169557000172,Bancos,11713.5,52,3634607.0
2020,BMIN4,34169557000172,Bancos,5970.0,75,2348150.0
2020,BNBR3,07237373000120,Bancos,45783.5,96,6530218.0
2020,BPAC3,30306294000145,Bancos,29875.0,115,5507140.0
2020,BPAC5,30306294000145,Bancos,31569.0,99,4103732.0
2020,BPAN4,59285411000113,Bancos,36949444.0,126,5456955259.0
2020,BRIV3,60770336000165,Bancos,5794.0,66,1064880.0
2020,BRIV4,60770336000165,Bancos,10506.0,108,3180100.0
2020,BRSR3,92702067000196,Bancos,88491.0,126,54555232.0
2020,BRSR6,92702067000196,Bancos,31954598.0,126,4498915113.0
2020,CBEE3,33050071000158,Energia,5985.0,56,1101214.0
2020,CEBR3,00070698000111,Energia,53788.0,46,6845581.0
2020,CEEB3,15139629000194,Energia,7760.0,65,689532.0
2020,CESP3,60933603000178,Energia,558961.0,126,143286091.0
2020,CESP6,60933603000178,Energia,63499813.5,126,9732364213.0
2020,CLSC3,83878892000155,Energia,11000.0,7,161861.0
2020,CLSC4,83878892000155,Energia,311085.0,125,102467968.0
2020,CMIG3,17155730000164,Energia,20001430.5,126,2963467560.0
2020,CMIG4,17155730000164,Energia,128709743.5,126,17498997449.0
2020,COCE5,07047251000170,Energia,1259757.5,126,294508423.0
2020,CPFE3,02429144000193,Energia,102617695.5,126,14593277347.0
2020,CPLE3,76483817000120,Energia,15898997.0,126,2415291465.0
2020,CPLE6,76483817000120,Energia,75901122.0,126,10615750268.0
2020,CPRE3,08439659000150,Energia,5374.5,78,767592.0
2020,CRIV3,17167412000113,Bancos,12433.0,117,4441854.0
2020,CRIV4,17167412000113,Bancos,9037.0,114,3040522.0
2020,CSMG3,17281106000103,Saneamento,45008272.0,126,6407293490.0
2020,CSRN3,08324196000181,Energia,2070.0,40,326878.0
2020,DTCY3,03303999000136,Telecom,7314.5,60,2127581.0
2020,ELET3,00001180000126,Energia,149533736.0,126,21456678091.0
2020,ELET6,00001180000126,Energia,100534875.5,126,13322736425.0
2020,EMAE4,02302101000142,Energia,233844.5,126,36857597.0
2020,ENBR3,03983431000103,Energia,53553333.5,126,7710222373.0
2020,ENEV3,04423567000121,Energia,65032580.5,126,9846892317.0
2020,ENGI3,00864214000106,Energia,83368.5,126,12942295.0
2020,ENGI4,00864214000106,Energia,84842.5,126,14565422.0
2020,ENMT3,03467321000199,Energia,14165.0,86,3797407.0
2020,ENMT4,03467321000199,Energia,17935.0,84,5947293.0
2020,EQPA3,04895728000180,Energia,183313.0,126,49243295.0
2020,EQPA5,04895728000180,Energia,2629.0,55,1181364.0
2020,EQPA7,04895728000180,Energia,4859.0,63,1447970.0
2020,EQTL3,03220438000173,Energia,174931470.5,126,23647955412.0
2020,GEPA4,02998301000181,Energia,30489.5,118,7496077.0
2020,IDVL3,61024352000171,Bancos,112481.0,126,27261812.0
2020,IDVL4,61024352000171,Bancos,34937.5,126,16520547.0
2020,IRBR3,33376989000191,Seguros,325321425.5,126,56369944240.0
2020,ITUB3,60872504000123,Bancos,22779281.5,126,3915993595.0
2020,ITUB4,60872504000123,Bancos,965006064.0,126,135542689117.0
2020,JPSA3,60543816000193,Telecom,8293665.0,126,1190046430.0
2020,LIGT3,03378521000175,Energia,54428226.0,126,8125923847.0
2020,MERC3,33040601000187,Bancos,33400.0,7,394886.0
2020,MERC4,33040601000187,Bancos,9370.5,92,10173150.0
2020,NEOE3,01083200000118,Energia,55275086.5,126,8300255729.0
2020,OMGE3,09149503000106,Energia,19397071.5,126,2972740056.0
2020,PINE4,62144175000120,Bancos,1071786.5,126,197547902.0
2020,PSSA3,02149205000169,Seguros,41378943.0,126,5371653285.0
2020,REDE3,61584140000149,Energia,19625.0,125,5701231.0
2020,SANB3,90400888000142,Bancos,1204704.5,126,194903650.0
2020,SANB4,90400888000142,Bancos,1515344.0,126,247286298.0
2020,SAPR3,76484013000145,Saneamento,1030834.5,126,165039950.0
2020,SAPR4,76484013000145,Saneamento,14258997.0,126,2079940770.0
2020,SBSP3,43776517000180,Saneamento,185045590.0,126,25214290693.0
2020,SULA3,29978814000187,Seguros,47224.0,125,8659779.0
2020,SULA4,29978814000187,Seguros,55210.5,122,10109014.0
2020,TAEE3,07859971000130,Energia,316570.0,126,45262584.0
2020,TAEE4,07859971000130,Energia,552114.5,126,81905839.0
2020,TBLE3,02474103000119,Energia,75216912.0,126,10771736915.0
2020,TELB3,00336701000104,Telecom,32446.5,100,13742019.0
2020,TELB4,00336701000104,Telecom,245225.5,126,101489134.0
2020,TIET11,02998609000127,Energia,27684254.0,126,4501833012.0
2020,TIET3,04128563000110,Energia,635314.5,126,111188642.0
2020,TIET4,02998609000127,Energia,1758990.5,126,269371500.0
2020,TIMP3,02558115000121,Telecom,110641223.0,126,15424673628.0
2020,TRPL3,02998611000104,Energia,97113.0,125,13940395.0
2020,TRPL4,02998611000104,Energia,38301484.0,126,5525041801.0
2020,VIVT3,02558157000162,Telecom,3774222.5,126,564512117.0
2020,VIVT4,02558157000162,Telecom,128442614.5,126,17935127201.0
2021,ABCB4,28195667000106,Bancos,9871553.5,126,1526422846.0
2021,AESB3,02998609000127,Energia,13599105.0,65,1000141251.0
2021,AFLT3,10338320000100,Energia,12453.0,122,2803221.0
2021,ALUP3,08364948000138,Energia,140460.0,126,21521287.0
2021,ALUP4,08364948000138,Energia,191049.0,126,27704148.0
2021,ATOM3,00359742000108,Telecom,536193.0,126,269667366.0
2021,BAZA3,04902979000144,Bancos,45844.0,122,8825574.0
2021,BBAS3,00000000000191,Bancos,531378846.0,126,74015497237.0
2021,BBDC3,60746948000112,Bancos,133663746.5,126,19266398112.0
2021,BBDC4,60746948000112,Bancos,1020459401.5,126,135345111921.0
2021,BBSE3,17344597000194,Seguros,132673122.0,126,18973323829.0
2021,BEES3,28127603000178,Bancos,203437.5,126,33184277.0
2021,BEES4,28127603000178,Bancos,19704.5,126,2865047.0
2021,BGIP4,13009717000146,Bancos,14632.0,112,4178544.0
2021,BIDI3,00416968000101,Bancos,16657018.0,126,2521717107.0
2021,BIDI4,00416968000101,Bancos,128134255.0,126,18620552908.0
2021,BMEB3,17184037000110,Bancos,14215.0,103,2781009.0
2021,BMEB4,17184037000110,Bancos,84875.5,126,19458725.0
2021,BMGB4,61186680000174,Bancos,8339585.5,126,1159295100.0
2021,BMIN4,34169557000172,Bancos,8478.0,91,3798772.0
2021,BNBR3,07237373000120,Bancos,20584.0,79,2248748.0
2021,BPAC3,30306294000145,Bancos,230166.5,126,48361417.0
2021,BPAC5,30306294000145,Bancos,171024.5,126,30680594.0
2021,BPAN4,59285411000113,Bancos,82998083.0,126,12221310912.0
2021,BRIV3,60770336000165,Bancos,14055.0,111,7324382.0
2021,BRIV4,60770336000165,Bancos,14710.0,119,5557101.0
2021,BRSR3,92702067000196,Bancos,137414.0,126,24561976.0
2021,BRSR6,92702067000196,Bancos,26675833.0,126,3716613276.0
2021,BSLI3,00000208000100,Bancos,43371.5,102,15523065.0
2021,BSLI4,00000208000100,Bancos,30598.5,104,14887854.0
2021,CBEE3,33050071000158,Energia,14210.0,90,7247829.0
2021,CEBR3,00070698000111,Energia,346025.0,117,60217427.0
2021,CEBR5,00070698000111,Energia,71188.5,88,14249428.0
2021,CEBR6,00070698000111,Energia,172025.0,107,35817397.0
2021,CEEB3,15139629000194,Energia,35786.0,77,6676749.0
2021,CEED3,08467115000100,Energia,16636.0,64,2272787.0
2021,CEPE5,10835932000108,Energia,22537.0,61,3890182.0
2021,CEPE6,10835932000108,Energia,10150.0,40,1546189.0
2021,CESP3,60933603000178,Energia,154756.0,126,37322351.0
2021,CESP6,60933603000178,Energia,53438933.0,126,7617449148.0
2021,CLSC4,83878892000155,Energia,248653.0,126,45598880.0
2021,CMIG3,17155730000164,Energia,7323955.5,126,1339435911.0
2021,CMIG4,17155730000164,Energia,115339939.0,126,15836885358.0
2021,COCE3,07047251000170,Energia,13003.0,29,564302.0
2021,COCE5,07047251000170,Energia,965378.5,126,171080021.0
2021,CPFE3,02429144000193,Energia,63253259.5,126,8616636990.0
2021,CPLE3,76483817000120,Energia,11381884.0,126,1650406571.0
2021,CPLE5,76483817000120,Energia,51139.0,8,793149.0
2021,CPLE6,76483817000120,Energia,75456839.5,126,10289217671.0
2021,CRIV3,17167412000113,Bancos,18379.0,123,7477358.0
2021,CRIV4,17167412000113,Bancos,10610.0,113,3783488.0
2021,CSMG3,17281106000103,Saneamento,33579165.5,126,4475338181.0
2021,CSRN3,08324196000181,Energia,16592.0,94,4419900.0
2021,CSRN5,08324196000181,Energia,8331.0,74,1867872.0
2021,DTCY3,03303999000136,Telecom,32674.0,119,18651903.0
2021,EKTR4,02328280000197,Energia,17870.0,94,6684279.0
2021,ELET3,00001180000126,Energia,216043807.5,126,35620074046.0
2021,ELET6,00001180000126,Energia,96395728.0,126,16621575269.0
2021,EMAE4,02302101000142,Energia,297547.0,126,86133750.0
2021,ENBR3,03983431000103,Energia,58658539.5,126,7778168582.0
2021,ENEV3,04423567000121,Energia,101474331.5,126,15764823664.0
2021,ENGI3,00864214000106,Energia,282371.0,126,41663782.0
2021,ENGI4,00864214000106,Energia,327082.5,126,51437076.0
2021,ENMT3,03467321000199,Energia,34467.5,100,17361150.0
2021,ENMT4,03467321000199,Energia,16399.0,73,5326163.0
2021,EQPA3,04895728000180,Energia,137644.5,126,32805653.0
2021,EQPA5,04895728000180,Energia,2775.0,52,1217936.0
2021,EQPA7,04895728000180,Energia,4356.5,62,1300065.0
2021,EQTL3,03220438000173,Energia,174870497.5,126,23509186941.0
2021,GEPA4,02998301000181,Energia,34762.0,121,8600541.0
2021,IRBR3,33376989000191,Seguros,177743073.5,126,30007909986.0
2021,ITUB3,60872504000123,Bancos,14802884.0,126,2114412456.0
2021,ITUB4,60872504000123,Bancos,965860288.0,126,136876803354.0
2021,JPSA3,60543816000193,Telecom,6663867.5,126,1137149402.0
2021,LIGT3,03378521000175,Energia,42761303.0,126,6737507879.0
2021,MERC4,33040601000187,Bancos,3548.0,72,1984207.0
2021,MODL3,30723886000162,Bancos,484937.0,21,23499850.0
2021,MODL4,30723886000162,Bancos,873096.0,21,32762842.0
2021,NEOE3,01083200000118,Energia,34797200.0,126,4896065926.0
2021,OMGE3,09149503000106,Energia,27609401.0,126,4446239287.0
2021,PDTC3,02365069000144,Telecom,1081019.5,126,243032570.0
2021,PINE4,62144175000120,Bancos,705950.0,126,221355822.0
2021,POWE3,26735020000102,Energia,3503621.5,98,786475778.0
2021,PSSA3,02149205000169,Seguros,48543729.5,126,6826821941.0
2021,REDE3,61584140000149,Energia,33486.0,121,18564403.0
2021,SANB3,90400888000142,Bancos,1079319.0,126,163981725.0
2021,SANB4,90400888000142,Bancos,1465398.5,126,230916575.0
2021,SAPR3,76484013000145,Saneamento,3108437.0,126,451543711.0
2021,SAPR4,76484013000145,Saneamento,19599945.0,126,2776878979.0
2021,SBSP3,43776517000180,Saneamento,142675415.5,126,19623671817.0
2021,SULA3,29978814000187,Seguros,285296.5,126,43964574.0
2021,SULA4,29978814000187,Seguros,381744.0,126,58495409.0
2021,TAEE3,07859971000130,Energia,1180449.5,126,170188890.0
2021,TAEE4,07859971000130,Energia,2889758.0,126,397631830.0
2021,TBLE3,02474103000119,Energia,62559155.5,126,8452721995.0
2021,TELB3,00336701000104,Telecom,43303.0,118,11313434.0
2021,TELB4,00336701000104,Telecom,208195.5,126,40200352.0
2021,TIMS3,02558115000121,Telecom,72199692.0,126,9278836031.0
2021,TRPL3,02998611000104,Energia,98267.0,126,17957398.0
2021,TRPL4,02998611000104,Energia,33808353.5,126,5059294064.0
2021,VIVT3,02558157000162,Telecom,108448598.5,126,15097233023.0
2022,ABCB4,28195667000106,Bancos,12270471.5,126,1748608891.0
2022,AESB3,02998609000127,Energia,11525855.5,126,1892936067.0
2022,ALUP3,08364948000138,Energia,76171.0,126,11583644.0
2022,ALUP4,08364948000138,Energia,108068.5,126,15149286.0
2022,ATOM3,00359742000108,Telecom,77567.5,126,18787017.0
2022,AURE3,02998609000127,Energia,40141509.0,66,3101138273.0
2022,BAZA3,04902979000144,Bancos,40184.0,119,8787277.0
2022,BBAS3,00000000000191,Bancos,446259405.5,126,63730719428.0
2022,BBDC3,60746948000112,Bancos,121388990.5,126,17659961390.0
2022,BBDC4,60746948000112,Bancos,801137994.0,126,110089756550.0
2022,BBSE3,17344597000194,Seguros,111921729.0,126,16223743582.0
2022,BEES3,28127603000178,Bancos,87232.0,126,15149665.0
2022,BEES4,28127603000178,Bancos,15730.0,126,4292664.0
2022,BGIP4,13009717000146,Bancos,15729.0,94,4226781.0
2022,BMEB4,17184037000110,Bancos,28826.5,126,9625363.0
2022,BMGB4,61186680000174,Bancos,1892156.0,126,283377861.0
2022,BMIN4,34169557000172,Bancos,8126.0,71,1902390.0
2022,BNBR3,07237373000120,Bancos,13813.0,41,1114037.0
2022,BPAC3,30306294000145,Bancos,108006.0,126,18260621.0
2022,BPAC5,30306294000145,Bancos,46480.5,126,11614858.0
2022,BPAN4,59285411000113,Bancos,56927722.5,126,7792491609.0
2022,BRIT3,19796586000170,Telecom,1497802.5,126,264140861.0
2022,BRIV3,60770336000165,Bancos,6525.0,84,906706.0
2022,BRIV4,60770336000165,Bancos,4098.0,100,1694669.0
2022,BRSR3,92702067000196,Bancos,57767.0,126,9767015.0
2022,BRSR6,92702067000196,Bancos,21376488.5,126,2875423603.0
2022,CEBR3,00070698000111,Energia,28538.0,122,6651651.0
2022,CEBR5,00070698000111,Energia,22960.0,115,7176887.0
2022,CEBR6,00070698000111,Energia,116795.5,126,34844259.0
2022,CEEB3,15139629000194,Energia,12397.5,82,4263436.0
2022,CEPE5,10835932000108,Energia,16212.0,51,1860271.0
2022,CLSC3,83878892000155,Energia,23630.0,48,1665217.0
2022,CLSC4,83878892000155,Energia,287434.5,126,47212376.0
2022,CMIG3,17155730000164,Energia,6355357.5,126,1357339676.0
2022,CMIG4,17155730000164,Energia,103214333.0,126,14936221243.0
2022,COCE5,07047251000170,Energia,451749.5,126,120240236.0
2022,CPFE3,02429144000193,Energia,90670249.0,126,13930740923.0
2022,CPLE3,76483817000120,Energia,6328671.5,126,922133555.0
2022,CPLE6,76483817000120,Energia,76099904.5,126,10132910398.0
2022,CRIV3,17167412000113,Bancos,4655.0,85,1143643.0
2022,CRIV4,17167412000113,Bancos,4871.0,97,1060674.0
2022,CSMG3,17281106000103,Saneamento,18191896.5,126,2832824049.0
2022,CSRN3,08324196000181,Energia,9267.0,64,1415179.0
2022,DESK3,08170849000115,Telecom,4478723.0,126,710781586.0
2022,ELET3,00001180000126,Energia,204718663.5,126,50000790239.0
2022,ELET6,00001180000126,Energia,103793471.0,126,18377447926.0
2022,EMAE4,02302101000142,Energia,314020.0,126,51652778.0
2022,ENBR3,03983431000103,Energia,68492740.0,126,9061575367.0
2022,ENEV3,04423567000121,Energia,82750093.5,126,13051607686.0
2022,ENGI3,00864214000106,Energia,95534.0,126,15160086.0
2022,ENGI4,00864214000106,Energia,119390.0,126,22938353.0
2022,ENMT3,03467321000199,Energia,78304.0,99,21559493.0
2022,ENMT4,03467321000199,Energia,75639.5,44,6380976.0
2022,EQPA3,04895728000180,Energia,22997.0,125,15933456.0
2022,EQTL3,03220438000173,Energia,191910142.5,126,27142979662.0
2022,FIQE3,02255187000108,Telecom,2346932.5,126,352372067.0
2022,GEPA4,02998301000181,Energia,13146.0,109,2325143.0
2022,GPAR3,08560444000193,Energia,4152.0,19,136262.0
2022,IGTI3,60543816000193,Telecom,752605.5,126,123116507.0
2022,IRBR3,33376989000191,Seguros,41372424.0,126,5947308450.0
2022,ITUB3,60872504000123,Bancos,15409575.0,126,2355876560.0
2022,ITUB4,60872504000123,Bancos,883178663.0,126,115299687214.0
2022,LIGT3,03378521000175,Energia,22482405.5,126,3436203617.0
2022,MEGA3,42500384000151,Energia,19782769.5,126,4432869974.0
2022,MODL3,30723886000162,Bancos,30653.5,126,7973400.0
2022,MODL4,30723886000162,Bancos,62641.5,126,13006468.0
2022,NEOE3,01083200000118,Energia,21716086.0,126,3556652429.0
2022,PDTC3,02365069000144,Telecom,312138.0,126,51220317.0
2022,PINE4,62144175000120,Bancos,254425.0,126,53073860.0
2022,PSSA3,02149205000169,Seguros,35843963.0,126,4906051385.0
2022,REDE3,61584140000149,Energia,7660.0,117,2407962.0
2022,SANB3,90400888000142,Bancos,1113385.0,126,206081182.0
2022,SANB4,90400888000142,Bancos,1499351.5,126,258313843.0
2022,SAPR3,76484013000145,Saneamento,1070333.5,126,159898266.0
2022,SAPR4,76484013000145,Saneamento,9436382.5,126,1370406286.0
2022,SBSP3,43776517000180,Saneamento,123749898.5,126,17387468315.0
2022,SULA3,29978814000187,Seguros,72965.5,126,24824833.0
2022,SULA4,29978814000187,Seguros,114548.0,126,40840692.0
2022,TAEE3,07859971000130,Energia,914478.5,126,132474398.0
2022,TAEE4,07859971000130,Energia,2003729.5,126,281872530.0
2022,TBLE3,02474103000119,Energia,55134504.5,126,7612757352.0
2022,TELB3,00336701000104,Telecom,23264.0,101,10258498.0
2022,TELB4,00336701000104,Telecom,56726.0,125,24359428.0
2022,TIMS3,02558115000121,Telecom,79078307.5,126,11583279975.0
2022,TRPL3,02998611000104,Energia,37182.0,125,6238173.0
2022,TRPL4,02998611000104,Energia,35357674.0,126,4906316905.0
2022,VIVT3,02558157000162,Telecom,95355268.0,126,13577109291.0
2023,ABCB4,28195667000106,Bancos,14862291.5,126,2075899059.0
2023,AESB3,02998609000127,Energia,21184212.0,126,3194379034.0
2023,AFLT3,10338320000100,Energia,3202.5,82,478010.0
2023,ALUP3,08364948000138,Energia,126635.5,126,20708457.0
2023,ALUP4,08364948000138,Energia,203063.0,126,33262026.0
2023,ATOM3,00359742000108,Telecom,36403.5,126,6994863.0
2023,AURE3,02998609000127,Energia,49482592.0,126,7233613069.0
2023,BAZA3,04902979000144,Bancos,181432.0,126,31754524.0
2023,BBAS3,00000000000191,Bancos,499470153.5,126,74351491614.0
2023,BBDC3,60746948000112,Bancos,84156131.5,126,12209699043.0
2023,BBDC4,60746948000112,Bancos,619438349.0,126,96453728971.0
2023,BBSE3,17344597000194,Seguros,189731021.5,126,25345492839.0
2023,BEES3,28127603000178,Bancos,126142.0,126,20464184.0
2023,BEES4,28127603000178,Bancos,36967.0,126,7710418.0
2023,BGIP3,13009717000146,Bancos,4938.0,34,182578.0
2023,BGIP4,13009717000146,Bancos,11788.0,96,4604748.0
2023,BMEB4,17184037000110,Bancos,33473.5,126,9276901.0
2023,BMGB4,61186680000174,Bancos,1784534.5,126,272434915.0
2023,BMIN3,34169557000172,Bancos,5636.5,30,338299.0
2023,BMIN4,34169557000172,Bancos,4119.5,64,584733.0
2023,BPAC3,30306294000145,Bancos,68580.5,126,11667271.0
2023,BPAC5,30306294000145,Bancos,43613.0,125,7268336.0
2023,BPAN4,59285411000113,Bancos,15527093.0,126,2289185883.0
2023,BRIT3,19796586000170,Telecom,950843.0,126,189855324.0
2023,BRSR3,92702067000196,Bancos,51024.0,126,9653914.0
2023,BRSR6,92702067000196,Bancos,16253617.5,126,2424356171.0
2023,BSLI3,00000208000100,Bancos,4359.0,63,423308.0
2023,BSLI4,00000208000100,Bancos,3555.0,87,704942.0
2023,CEBR3,00070698000111,Energia,59713.5,126,12373417.0
2023,CEBR5,00070698000111,Energia,19674.0,116,5034281.0
2023,CEBR6,00070698000111,Energia,131371.5,126,25887150.0
2023,CEEB3,15139629000194,Energia,7822.0,77,1199924.0
2023,CEED3,08467115000100,Energia,4465.0,21,509723.0
2023,CLSC3,83878892000155,Energia,14641.0,71,2560473.0
2023,CLSC4,83878892000155,Energia,158738.0,126,37258482.0
2023,CMIG3,17155730000164,Energia,4509547.0,126,752584149.0
2023,CMIG4,17155730000164,Energia,115819802.0,126,16027828735.0
2023,COCE5,07047251000170,Energia,926275.0,126,281573761.0
2023,CPFE3,02429144000193,Energia,63242440.0,126,8664705509.0
2023,CPLE3,76483817000120,Energia,8173802.0,126,1189464875.0
2023,CPLE5,76483817000120,Energia,8453.5,58,1727822.0
2023,CPLE6,76483817000120,Energia,100061846.0,126,13418345750.0
2023,CRIV3,17167412000113,Bancos,3006.0,73,755067.0
2023,CSMG3,17281106000103,Saneamento,33199543.0,126,4393169386.0
2023,CSRN3,08324196000181,Energia,4976.0,84,858411.0
2023,DESK3,08170849000115,Telecom,979589.5,126,183661147.0
2023,EKTR4,02328280000197,Energia,7700.0,76,1456029.0
2023,ELET3,00001180000126,Energia,368719501.5,126,52222572553.0
2023,ELET5,00001180000126,Energia,7002.0,15,184263.0
2023,ELET6,00001180000126,Energia,94476963.5,126,13543849326.0
2023,EMAE4,02302101000142,Energia,147734.0,123,26695422.0
2023,ENBR3,03983431000103,Energia,64311710.5,126,10660275340.0
2023,ENEV3,04423567000121,Energia,98614364.5,126,14975996059.0
2023,ENGI3,00864214000106,Energia,91344.0,126,20022513.0
2023,ENGI4,00864214000106,Energia,119455.0,126,25009130.0
2023,ENMT3,03467321000199,Energia,27050.0,62,3252375.0
2023,ENMT4,03467321000199,Energia,27380.0,45,1792085.0
2023,EQPA3,04895728000180,Energia,14707.0,122,10127666.0
2023,EQTL3,03220438000173,Energia,210439406.0,126,30329810384.0
2023,FIQE3,02255187000108,Telecom,511348.5,126,91355368.0
2023,GEPA3,02998301000181,Energia,7497.0,45,758750.0
2023,GEPA4,02998301000181,Energia,12649.0,99,2319980.0
2023,IGTI3,60543816000193,Telecom,253347.5,126,56827862.0
2023,IRBR3,33376989000191,Seguros,69993052.0,126,9793544625.0
2023,ITUB3,60872504000123,Bancos,12608648.5,126,1843030846.0
2023,ITUB4,60872504000123,Bancos,787422816.0,126,105814352525.0
2023,MEGA3,42500384000151,Energia,9897095.0,126,1669980565.0
2023,MERC4,33040601000187,Bancos,11990.0,55,3557249.0
2023,MODL3,30723886000162,Bancos,7289836.0,126,1098113972.0
2023,NEOE3,01083200000118,Energia,19966258.5,126,3826225822.0
2023,PDTC3,02365069000144,Telecom,69116.5,126,15933018.0
2023,PINE4,62144175000120,Bancos,246101.5,126,75709336.0
2023,PSSA3,02149205000169,Seguros,49766299.5,126,7156520263.0
2023,REDE3,61584140000149,Energia,10807.0,114,2860816.0
2023,SANB3,90400888000142,Bancos,1844227.5,126,268361584.0
2023,SANB4,90400888000142,Bancos,2054708.0,126,321512905.0
2023,SAPR3,76484013000145,Saneamento,1017785.5,126,143083520.0
2023,SAPR4,76484013000145,Saneamento,7424683.5,126,1049293720.0
2023,SBSP3,43776517000180,Saneamento,149272253.0,126,20835416779.0
2023,TAEE3,07859971000130,Energia,1716908.5,126,262539541.0
2023,TAEE4,07859971000130,Energia,3436667.0,126,540373605.0
2023,TBLE3,02474103000119,Energia,68132187.0,126,9233342010.0
2023,TELB3,00336701000104,Telecom,15110.0,106,8978940.0
2023,TELB4,00336701000104,Telecom,41327.5,124,17221801.0
2023,TIMS3,02558115000121,Telecom,89971978.0,126,12190544801.0
2023,TRPL3,02998611000104,Energia,44745.0,125,6458701.0
2023,TRPL4,02998611000104,Energia,40213957.0,126,5879777832.0
2023,VIVT3,02558157000162,Telecom,83189657.0,126,12503565438.0
2024,ABCB4,28195667000106,Bancos,12978371.5,126,1980825548.0
2024,AESB3,02998609000127,Energia,24858928.5,126,4418178060.0
2024,AFLT3,10338320000100,Energia,3595.0,86,537620.0
2024,ALUP3,08364948000138,Energia,108494.0,126,17428027.0
2024,ALUP4,08364948000138,Energia,183346.0,126,25703336.0
2024,ATOM3,00359742000108,Telecom,20104.5,126,5671457.0
2024,AURE3,02998609000127,Energia,49229405.0,126,7370337654.0
2024,BAZA3,04902979000144,Bancos,221421.0,125,34615878.0
2024,BBAS3,00000000000191,Bancos,436624412.5,126,61656612543.0
2024,BBDC3,60746948000112,Bancos,76803062.0,126,11683630928.0
2024,BBDC4,60746948000112,Bancos,438980476.5,126,69689412906.0
2024,BBSE3,17344597000194,Seguros,144928633.0,126,19733330989.0
2024,BEES3,28127603000178,Bancos,102545.5,126,15685568.0
2024,BEES4,28127603000178,Bancos,33039.0,126,4735545.0
2024,BGIP4,13009717000146,Bancos,21088.0,110,4575895.0
2024,BMEB3,17184037000110,Bancos,10007.0,92,4332143.0
2024,BMEB4,17184037000110,Bancos,314519.5,126,62799928.0
2024,BMGB4,61186680000174,Bancos,1977277.5,126,350778886.0
2024,BMIN4,34169557000172,Bancos,6155.0,77,4618355.0
2024,BPAC3,30306294000145,Bancos,67647.5,126,13414012.0
2024,BPAC5,30306294000145,Bancos,53718.0,126,11714613.0
2024,BPAN4,59285411000113,Bancos,15826863.5,126,2521688600.0
2024,BRIT3,19796586000170,Telecom,1939084.5,126,318930302.0
2024,BRSR3,92702067000196,Bancos,78770.5,126,14390793.0
2024,BRSR6,92702067000196,Bancos,15587646.0,126,2565136190.0
2024,BSLI3,00000208000100,Bancos,7659.0,87,2023215.0
2024,BSLI4,00000208000100,Bancos,4820.5,98,1631685.0
2024,CBEE3,33050071000158,Energia,1310.0,23,281227.0
2024,CEBR3,00070698000111,Energia,103263.0,126,19947647.0
2024,CEBR5,00070698000111,Energia,72303.5,126,14235596.0
2024,CEBR6,00070698000111,Energia,122927.0,126,17561148.0
2024,CEEB3,15139629000194,Energia,19730.5,98,3964951.0
2024,CLSC3,83878892000155,Energia,20190.0,57,1943986.0
2024,CLSC4,83878892000155,Energia,173384.0,126,37083742.0
2024,CMIG3,17155730000164,Energia,3773231.5,126,632432755.0
2024,CMIG4,17155730000164,Energia,131623338.0,126,17762889590.0
2024,COCE3,07047251000170,Energia,5099.0,13,87347.0
2024,COCE5,07047251000170,Energia,484692.5,126,114540366.0
2024,CPFE3,02429144000193,Energia,63440117.0,126,8684927463.0
2024,CPLE3,76483817000120,Energia,50817531.5,126,7275558403.0
2024,CPLE6,76483817000120,Energia,133548179.5,126,18356429362.0
2024,CSMG3,17281106000103,Saneamento,26377957.0,126,3858470988.0
2024,DESK3,08170849000115,Telecom,1833606.0,126,334558860.0
2024,EKTR4,02328280000197,Energia,21293.5,98,3572061.0
2024,ELET3,00001180000126,Energia,258125455.0,126,35805593317.0
2024,ELET6,00001180000126,Energia,54526273.5,126,8021636379.0
2024,EMAE4,02302101000142,Energia,168942.0,125,50897474.0
2024,ENEV3,04423567000121,Energia,80494551.0,126,11894649775.0
2024,ENGI3,00864214000106,Energia,72053.5,126,10622859.0
2024,ENGI4,00864214000106,Energia,86413.5,126,13340772.0
2024,ENMT4,03467321000199,Energia,21893.5,32,2611549.0
2024,EQPA3,04895728000180,Energia,31820.0,125,5660647.0
2024,EQTL3,03220438000173,Energia,206803626.5,126,30994447753.0
2024,FIQE3,02255187000108,Telecom,837276.5,126,126141173.0
2024,GEPA4,02998301000181,Energia,14770.0,111,4085170.0
2024,IGTI3,60543816000193,Telecom,151755.0,126,39239298.0
2024,IRBR3,33376989000191,Seguros,50238227.5,126,7944313707.0
2024,ITUB3,60872504000123,Bancos,11298106.5,126,1646964516.0
2024,ITUB4,60872504000123,Bancos,720477375.0,126,99675273665.0
2024,NEOE3,01083200000118,Energia,20120557.5,126,3099946216.0
2024,PDTC3,02365069000144,Telecom,135167.5,126,27825075.0
2024,PINE3,62144175000120,Bancos,7786.5,90,2026675.0
2024,PINE4,62144175000120,Bancos,1383658.5,126,253166187.0
2024,PSSA3,02149205000169,Seguros,43471957.0,126,6649846542.0
2024,REDE3,61584140000149,Energia,17107.0,126,3541967.0
2024,SANB3,90400888000142,Bancos,1185063.5,126,193989855.0
2024,SANB4,90400888000142,Bancos,1535400.5,126,236200271.0
2024,SAPR3,76484013000145,Saneamento,1175451.0,126,163561553.0
2024,SAPR4,76484013000145,Saneamento,7654379.5,126,1108412519.0
2024,SBSP3,43776517000180,Saneamento,224522377.0,126,33203163890.0
2024,SRNA3,42500384000151,Energia,13230647.5,126,1936553147.0
2024,TAEE3,07859971000130,Energia,1185445.5,126,170224809.0
2024,TAEE4,07859971000130,Energia,2347853.0,126,341605552.0
2024,TBLE3,02474103000119,Energia,61659932.5,126,9359935814.0
2024,TELB4,00336701000104,Telecom,30662.0,123,5710412.0
2024,TIMS3,02558115000121,Telecom,109455394.5,126,14717078578.0
2024,TRPL3,02998611000104,Energia,56232.5,126,9506579.0
2024,TRPL4,02998611000104,Energia,59541005.5,126,9122967605.0
2024,VIVT3,02558157000162,Telecom,106037133.0,126,14295701198.0
2025,ABCB4,28195667000106,Bancos,10329121.0,126,1643185273.0
2025,AFLT3,10338320000100,Energia,1555.0,70,304506.0
2025,ALUP3,08364948000138,Energia,62775.5,126,9179529.0
2025,ALUP4,08364948000138,Energia,116236.0,126,16016343.0
2025,AURE3,02998609000127,Energia,43089360.0,126,5920173552.0
2025,BAZA3,04902979000144,Bancos,169054.5,126,44016088.0
2025,BBAS3,00000000000191,Bancos,519055130.0,126,79431438729.0
2025,BBDC3,60746948000112,Bancos,92416076.5,126,13674112461.0
2025,BBDC4,60746948000112,Bancos,471030377.0,126,65641255295.0
2025,BBSE3,17344597000194,Seguros,169811885.0,126,25288744495.0
2025,BEES3,28127603000178,Bancos,97173.5,126,13442011.0
2025,BEES4,28127603000178,Bancos,24331.0,126,3742312.0
2025,BGIP4,13009717000146,Bancos,48039.0,123,8047156.0
2025,BMEB4,17184037000110,Bancos,469081.0,126,66649063.0
2025,BMGB4,61186680000174,Bancos,1335717.0,126,214925138.0
2025,BMIN4,34169557000172,Bancos,5400.0,83,4305745.0
2025,BNBR3,07237373000120,Bancos,19380.0,61,1979261.0
2025,BPAC3,30306294000145,Bancos,57525.0,126,10646813.0
2025,BPAC5,30306294000145,Bancos,26857.5,126,5994143.0
2025,BPAN4,59285411000113,Bancos,7784747.5,126,1356739071.0
2025,BRSR3,92702067000196,Bancos,47384.5,126,7101039.0
2025,BRSR6,92702067000196,Bancos,13487835.5,126,2024118340.0
2025,BRST3,04601397000128,Telecom,519891.5,126,75978687.0
2025,BSLI3,00000208000100,Bancos,11260.0,101,11210379.0
2025,BSLI4,00000208000100,Bancos,9785.0,103,14119151.0
2025,CEBR3,00070698000111,Energia,50851.0,126,11086429.0
2025,CEBR5,00070698000111,Energia,36799.5,116,7572096.0
2025,CEBR6,00070698000111,Energia,118644.0,126,20153228.0
2025,CLSC4,83878892000155,Energia,236247.0,126,40525656.0
2025,CMIG3,17155730000164,Energia,2188995.0,126,526462385.0
2025,CMIG4,17155730000164,Energia,130708776.0,126,18058143145.0
2025,COCE5,07047251000170,Energia,135810.5,126,36620934.0
2025,CPFE3,02429144000193,Energia,54390261.5,126,8362246240.0
2025,CPLE3,76483817000120,Energia,49807198.5,126,7444259113.0
2025,CPLE6,76483817000120,Energia,144170419.0,126,20021474427.0
2025,CSMG3,17281106000103,Saneamento,37144507.5,126,5751443168.0
2025,DESK3,08170849000115,Telecom,1902474.5,126,296250613.0
2025,EKTR4,02328280000197,Energia,14711.0,86,1686036.0
2025,ELET3,00001180000126,Energia,288263261.5,126,40614131879.0
2025,ELET6,00001180000126,Energia,53079950.0,126,7622970949.0
2025,EMAE4,02302101000142,Energia,81923.0,121,15441984.0
2025,ENEV3,04423567000121,Energia,97949027.5,126,16550978681.0
2025,ENGI3,00864214000106,Energia,50615.0,126,9841830.0
2025,ENGI4,00864214000106,Energia,59288.5,126,12802881.0
2025,ENMT3,03467321000199,Energia,29359.5,44,1726006.0
2025,EQPA3,04895728000180,Energia,29616.5,126,7355935.0
2025,EQTL3,03220438000173,Energia,241297621.5,126,34805645922.0
2025,FIQE3,02255187000108,Telecom,1231030.0,126,170143790.0
2025,GEPA4,02998301000181,Energia,12186.0,103,2252497.0
2025,IGTI3,60543816000193,Telecom,89839.5,126,15346691.0
2025,IRBR3,33376989000191,Seguros,58359917.5,126,8885515804.0
2025,ISAE3,02998611000104,Energia,80778.0,126,13210426.0
2025,ITUB3,60872504000123,Bancos,15988579.0,126,2483741857.0
2025,ITUB4,60872504000123,Bancos,798694916.5,126,102714161972.0
2025,NEOE3,01083200000118,Energia,18557607.0,126,3047585757.0
2025,PDTC3,02365069000144,Telecom,37435.0,126,6981727.0
2025,PINE3,62144175000120,Bancos,15427.0,123,3987380.0
2025,PINE4,62144175000120,Bancos,746167.0,126,132934019.0
2025,PSSA3,02149205000169,Seguros,74918320.5,126,10843898393.0
2025,REDE3,61584140000149,Energia,7255.0,123,1237284.0
2025,RNEW3,08534605000174,Energia,68339.0,91,8182031.0
2025,RNEW4,08534605000174,Energia,130921.0,91,19890237.0
2025,SANB3,90400888000142,Bancos,1061365.0,126,164326890.0
2025,SANB4,90400888000142,Bancos,1203085.0,126,181942246.0
2025,SAPR3,76484013000145,Saneamento,1047008.0,126,155269545.0
2025,SAPR4,76484013000145,Saneamento,8093100.5,126,1132650753.0
2025,SBSP3,43776517000180,Saneamento,289477118.0,126,42821640918.0
2025,SRNA3,42500384000151,Energia,36779043.5,126,6447183244.0
2025,TAEE3,07859971000130,Energia,793092.5,126,112011051.0
2025,TAEE4,07859971000130,Energia,1622398.0,126,224779368.0
2025,TBLE3,02474103000119,Energia,52425978.5,126,7428100922.0
2025,TELB3,00336701000104,Telecom,12185.0,111,2669955.0
2025,TELB4,00336701000104,Telecom,15430.0,117,3037134.0
2025,TIMS3,02558115000121,Telecom,119587759.5,126,15970349766.0
2025,TRPL4,02998611000104,Energia,47381922.5,126,7206120678.0
2025,VIVT3,02558157000162,Telecom,113962508.5,126,18455978264.0
