mode,portfolio,end,final_wealth,external_capital,gain_after_external_capital,xirr_pct,twr_pct,twr_cagr_pct,twr_status,cash,external_contributions,active_lineages,maximum_lineage_weight,lineage_hhi,june_turnover_sum,events_processed,voluntary_sales,buy_operations,ranking_status,darf_paid,irrf_paid,tax_paid,unpaid_liability,restricted_cash,cash_available,income_withheld,liquidation_wealth,liquidation_tax,liquidation_xirr_pct,remaining_acquisition_basis,previous_checkpoint_wealth,previous_checkpoint_xirr_pct,previous_checkpoint_tax_paid,previous_checkpoint_voluntary_sales,delta_previous_wealth,delta_previous_xirr_pp,maximum_issuer_weight,issuer_hhi,sector_hhi,economic_issuers,original_pr5_wealth,original_pr5_xirr_pct,original_pr5_voluntary_sales,original_pr5_maximum_issuer_weight,delta_pr5_wealth,delta_pr5_xirr_pp,qualification,rank,liquidation_rank,total_additional_tax_paid_modeled,full_historical_certified_wealth,corrected_gross_wealth,corrected_gross_xirr_pct,tax_wealth_effect,tax_xirr_effect_pp,gross_rank
GROSS,V0,2026-06-30,1646488.2000865682,460000.0,1186488.2000865682,16.371550677915753,,,"ND_UNVALUED_FLOW_DATE:2014-07-01,2015-01-02,2023-09-01",0.0,144,22,0.11878632521617016,0.060299164655900205,0.2571271374763021,1256,6,2147,FROZEN_PR4_OR_BH_SELECTION,0.0,0.0,0.0,0.0,0.0,0.0,0.0,1646488.200086568,0.0,16.371550677915753,934016.3409715185,1670906.2732902244,16.554593913239334,0.0,10,-24418.073203656124,-0.1830432353235807,0.11878632521617016,0.06020688138873161,0.26811152169485875,23,1645952.983888047,16.367507814304556,88,0.08347325394478151,535.2161985212006,0.0040428636111968785,REAUDITED_GROSS_PIT_EVIDENCE,3,3,0.0,ND,,,,,
GROSS,BH padrão,2026-06-30,1270936.407901053,460000.0,810936.4079010531,13.14377595675007,373.6693815276789,13.838616581921471,EXACT_FLOW_ADJUSTED_TWR,0.0,144,8,0.22859567681722856,0.14625963253378604,0.0,692,0,785,FROZEN_PR4_OR_BH_SELECTION,0.0,0.0,0.0,0.0,0.0,0.0,0.0,1270936.407901053,0.0,13.14377595675007,780123.3858850758,1270936.407901053,13.14377595675007,0.0,0,0.0,0.0,0.22859567681722856,0.1450106129374703,0.3572442527466174,9,1270936.407901053,13.14377595675007,0,0.22859567681722856,0.0,0.0,REAUDITED_GROSS_PIT_EVIDENCE,5,5,0.0,ND,,,,,
GROSS,BESST-10 BH,2026-06-30,1767443.9220700825,460000.0,1307443.9220700825,17.252661076363918,459.50050393245664,15.4294713970504,EXACT_FLOW_ADJUSTED_TWR,0.0,144,10,0.22339038182941706,0.1197360035702141,0.0,780,0,928,CONDITIONAL_NET_MISSING_ON_SCENARIO,0.0,0.0,0.0,0.0,0.0,0.0,0.0,1767443.9220700825,0.0,17.252661076363918,893433.4752406031,1767443.9220700825,17.252661076363918,0.0,0,0.0,0.0,0.22339038182941706,0.11936497389410426,0.22954178399005798,11,1767443.9220700825,17.252661076363918,0,0.22339038182941723,0.0,0.0,REAUDITED_GROSS_PIT_EVIDENCE,1,1,0.0,ND,,,,,
GROSS,V10,2026-06-30,1553810.5069132396,460000.0,1093810.5069132396,15.6508070502697,396.6602742781431,14.289136642910671,EXACT_FLOW_ADJUSTED_TWR,0.0,144,10,0.14959270675276592,0.10412762274274516,0.18300416006475667,738,1,789,FROZEN_PR4_OR_BH_SELECTION,0.0,0.0,0.0,0.0,0.0,0.0,0.0,1553810.5069132394,0.0,15.650807050269695,883947.2562694484,1619829.3630324935,16.168538622428134,0.0,2,-66018.8561192539,-0.5177315721584339,0.14959270675276592,0.10362757506426502,0.2027014167417274,11,1656388.433477688,16.446094652182953,23,0.18433576508557467,-102577.92656444851,-0.7952876019132535,REAUDITED_GROSS_PIT_EVIDENCE,4,4,0.0,ND,,,,,
GROSS,VVAL,2026-06-30,1687498.779824503,460000.0,1227498.779824503,16.677434289012787,,,ND_UNVALUED_FLOW_DATE:2023-09-01,0.0,144,13,0.16650616000451013,0.09233594449265127,0.27921342515754133,851,3,1141,FROZEN_PR4_OR_BH_SELECTION,0.0,0.0,0.0,0.0,0.0,0.0,0.0,1687498.7798245032,0.0,16.677434289012787,924422.5076022997,1865901.6858031678,17.926015446882985,0.0,6,-178402.90597866476,-1.2485811578701984,0.16650616000451013,0.0920825982020306,0.26471382884598305,14,1868050.8535852598,17.940311000222483,45,0.19289066540110747,-180552.07376075676,-1.262876711209696,REAUDITED_GROSS_PIT_EVIDENCE,2,2,0.0,ND,,,,,
CG_ONLY,V0,2026-06-30,1631927.1295328604,460000.0,1171927.1295328604,16.261082467169203,,,"ND_UNVALUED_FLOW_DATE:2014-07-01,2015-01-02,2023-09-01",0.0,144,22,0.11860392594614755,0.06033016950626099,0.2529972120966647,1256,6,2146,FROZEN_PR4_OR_BH_SELECTION,8115.790355395259,2.2015268926356555,8117.991882287894,0.0,0.0,0.0,0.0,1528912.8178957438,103014.31163711728,15.449718397745082,923573.8332989132,1639461.9313967982,16.31836988411763,17693.98265135672,10,-7534.8018639378715,-0.05728741694842654,0.11860392594614755,0.06023723604518094,0.2678765629357818,23,1645952.983888047,16.367507814304556,88,0.08347325394478151,-14025.85435518669,-0.10642534713535312,CONDITIONAL_CORPORATE_TAX_BASES_AND_INCOME_COVERAGE,3,3,8117.991882287894,ND,1646488.2000865682,16.371550677915753,14561.07055370789,0.11046821074655,3
CG_ONLY,BH padrão,2026-06-30,1270555.50632277,460000.0,810555.5063227699,13.14002602805159,373.4649766086263,13.83452199300188,EXACT_FLOW_ADJUSTED_TWR,0.0,144,8,0.22861386458594393,0.1462534158821104,0.0,692,0,785,FROZEN_PR4_OR_BH_SELECTION,116.40932393052434,0.0,116.40932393052434,0.0,0.0,0.0,0.0,1196955.8078535576,73599.69846921245,12.392732471377373,779890.8498613536,1270555.50632277,13.14002602805159,116.40932393052434,0,0.0,0.0,0.22861386458594393,0.14500421738840188,0.35726129624408903,9,1270936.407901053,13.14377595675007,0,0.22859567681722856,-380.90157828317024,-0.0037499286984790103,CONDITIONAL_CORPORATE_TAX_BASES_AND_INCOME_COVERAGE,5,5,116.40932393052434,ND,1270936.407901053,13.14377595675007,380.90157828317024,0.0037499286984790103,5
CG_ONLY,BESST-10 BH,2026-06-30,1767123.192455104,460000.0,1307123.192455104,17.250406302683242,459.3359442274888,15.426641849277779,EXACT_FLOW_ADJUSTED_TWR,0.0,144,10,0.22341650834608895,0.11974272067121287,0.0,780,0,928,CONDITIONAL_NET_MISSING_ON_SCENARIO,81.22512980789152,0.0,81.22512980789152,0.0,0.0,0.0,0.0,1636043.3913770088,131079.8010780955,16.292411766081123,893257.8519344672,1767123.192455104,17.250406302683242,81.22512980789152,0,0.0,0.0,0.22341650834608895,0.11937169664487103,0.22955167638904217,11,1767443.9220700825,17.252661076363918,0,0.22339038182941723,-320.72961497842334,-0.0022547736806757257,CONDITIONAL_CORPORATE_TAX_BASES_AND_INCOME_COVERAGE,1,1,81.22512980789152,ND,1767443.9220700825,17.252661076363918,320.72961497842334,0.0022547736806757257,1
CG_ONLY,V10,2026-06-30,1549350.9453937772,460000.0,1089350.9453937772,15.615031374869453,394.00663254299195,14.238124633197646,EXACT_FLOW_ADJUSTED_TWR,0.0,144,10,0.14956824469727556,0.1041106808062196,0.1780082365553389,738,1,789,FROZEN_PR4_OR_BH_SELECTION,946.7186790036054,1.5512151062066137,948.2698941098121,0.0,0.0,0.0,0.0,1449192.4926030955,100158.45279068149,14.782616640858807,881627.9267892342,1594196.0712818718,15.970110861282672,11047.398438523298,2,-44845.12588809454,-0.35507948641321896,0.14956824469727556,0.10361078800260057,0.20270071987361107,11,1656388.433477688,16.446094652182953,23,0.18433576508557467,-107037.4880839109,-0.8310632773135005,CONDITIONAL_CORPORATE_TAX_BASES_AND_INCOME_COVERAGE,4,4,948.2698941098121,ND,1553810.5069132396,15.6508070502697,4459.561519462382,0.035775675400246953,4
CG_ONLY,VVAL,2026-06-30,1670915.8404208517,460000.0,1210915.8404208517,16.55466509777306,,,ND_UNVALUED_FLOW_DATE:2023-09-01,0.0,144,13,0.16612617341687994,0.09225967004009085,0.27221409673525376,851,3,1139,FROZEN_PR4_OR_BH_SELECTION,7048.683174310191,4.86777051191106,7053.550944822102,0.0,0.0,0.0,0.0,1560459.6451830047,110456.19523784732,15.703954351597424,914143.4070508761,1824568.2085849305,17.647804055949052,20225.962162183678,6,-153652.3681640788,-1.0931389581759916,0.16612617341687994,0.09200501219748188,0.26465839189251483,14,1868050.8535852598,17.940311000222483,45,0.19289066540110747,-197135.01316440804,-1.385645902449422,CONDITIONAL_CORPORATE_TAX_BASES_AND_INCOME_COVERAGE,2,2,7053.550944822102,ND,1687498.779824503,16.677434289012787,16582.939403651282,0.12276919123972618,2
CG_PLUS_JCP_CERTIFIED_PARTIAL,V0,2026-06-30,1622666.0386220592,460000.0,1162666.0386220592,16.190301068507658,,,"ND_UNVALUED_FLOW_DATE:2014-07-01,2015-01-02,2023-09-01",0.0,144,22,0.11927411293368019,0.06018035664078983,0.25309104466895244,1256,6,2135,FROZEN_PR4_OR_BH_SELECTION,8114.992546326015,2.1995133052024816,8117.1920596312175,0.0,0.0,0.0,4814.250210763789,1520129.753917524,102536.28470453536,15.377983856122926,917508.6095152154,1629310.5798848218,16.24112590835061,17675.39325399802,10,-6644.541262762621,-0.05082483984295294,0.11927411293368019,0.060086411456660264,0.27133931038731235,23,1645952.983888047,16.367507814304556,88,0.08347325394478151,-23286.945265987888,-0.177206745796898,CONDITIONAL_CORPORATE_TAX_BASES_AND_INCOME_COVERAGE,3,3,12931.442270395008,ND,1646488.2000865682,16.371550677915753,23822.16146450909,0.18124960940809487,3
CG_PLUS_JCP_CERTIFIED_PARTIAL,BH padrão,2026-06-30,1270555.50632277,460000.0,810555.5063227699,13.14002602805159,373.4649766086263,13.83452199300188,EXACT_FLOW_ADJUSTED_TWR,0.0,144,8,0.22861386458594393,0.1462534158821104,0.0,692,0,785,FROZEN_PR4_OR_BH_SELECTION,116.40932393052434,0.0,116.40932393052434,0.0,0.0,0.0,0.0,1196955.8078535576,73599.69846921245,12.392732471377373,779890.8498613536,1270555.50632277,13.14002602805159,116.40932393052434,0,0.0,0.0,0.22861386458594393,0.14500421738840188,0.35726129624408903,9,1270936.407901053,13.14377595675007,0,0.22859567681722856,-380.90157828317024,-0.0037499286984790103,CONDITIONAL_CORPORATE_TAX_BASES_AND_INCOME_COVERAGE,5,5,116.40932393052434,ND,1270936.407901053,13.14377595675007,380.90157828317024,0.0037499286984790103,5
CG_PLUS_JCP_CERTIFIED_PARTIAL,BESST-10 BH,2026-06-30,1755973.9833072012,460000.0,1295973.9833072012,17.171767764822736,455.37192576555395,15.35825028325062,EXACT_FLOW_ADJUSTED_TWR,0.0,144,10,0.22465167586516985,0.12012838671629392,0.0,780,0,928,CONDITIONAL_NET_MISSING_ON_SCENARIO,81.22512980789152,0.0,81.22512980789152,0.0,0.0,0.0,5775.285823175306,1625465.9664422045,130508.01686499687,16.21174374241225,885920.5375405555,1755973.9833072012,17.171767764822736,81.22512980789152,0,0.0,0.0,0.22465167586516985,0.11975495108816198,0.23023128792953262,11,1767443.9220700825,17.252661076363918,0,0.22339038182941723,-11469.938762881327,-0.08089331154118184,CONDITIONAL_CORPORATE_TAX_BASES_AND_INCOME_COVERAGE,1,1,5856.510952983198,ND,1767443.9220700825,17.252661076363918,11469.938762881327,0.08089331154118184,1
CG_PLUS_JCP_CERTIFIED_PARTIAL,V10,2026-06-30,1532250.3231552748,460000.0,1072250.3231552748,15.476866953233268,387.93585661392535,14.120472510791515,EXACT_FLOW_ADJUSTED_TWR,0.0,144,10,0.15090492009889325,0.10422382741696208,0.1780082365553389,738,1,792,FROZEN_PR4_OR_BH_SELECTION,946.7186790036054,1.5512151062066137,948.2698941098121,0.0,0.0,0.0,8873.06204331171,1432968.1440087538,99282.17914652092,14.642263131646446,870369.1288451353,1576815.2140587985,15.83371158188356,11031.00555812392,2,-44564.89090352366,-0.35684462865029154,0.15090492009889325,0.10371724787636995,0.20268261094955878,11,1656388.433477688,16.446094652182953,23,0.18433576508557467,-124138.11032241327,-0.9692276989496857,CONDITIONAL_CORPORATE_TAX_BASES_AND_INCOME_COVERAGE,4,4,9821.33193742152,ND,1553810.5069132396,15.6508070502697,21560.183757964754,0.1739400970364322,4
CG_PLUS_JCP_CERTIFIED_PARTIAL,VVAL,2026-06-30,1663724.8640666904,460000.0,1203724.8640666904,16.50104353032615,,,ND_UNVALUED_FLOW_DATE:2023-09-01,0.0,144,13,0.16684420643462788,0.09241109759159566,0.27228810008319243,851,3,1145,FROZEN_PR4_OR_BH_SELECTION,7048.376457712492,4.8612644997394545,7053.237722212231,0.0,0.0,0.0,3551.3232002926234,1553661.5970239635,110063.2670427271,15.649614147625082,909604.4064714486,1815067.322018954,17.58295695523363,20218.023944552413,6,-151342.45795226353,-1.08191342490748,0.16684420643462788,0.09215515202014025,0.26488495199777917,14,1868050.8535852598,17.940311000222483,45,0.19289066540110747,-204325.98951856932,-1.4392674698963326,CONDITIONAL_CORPORATE_TAX_BASES_AND_INCOME_COVERAGE,2,2,10604.560922504854,ND,1687498.779824503,16.677434289012787,23773.91575781256,0.17639075868663667,2
