cnpj,company,sector,tickers,reason,sector_received,sector_docid
00095147000102,VBC ENERGIA SA,Energia,,NO_LISTED_EQUITY_OBSERVED_IN_B3_2014_TO_CUTOFF,2011-05-31,9120
00249786000185,FORPART SA,Telecom,,NO_LISTED_EQUITY_OBSERVED_IN_B3_2014_TO_CUTOFF,2014-05-30,38643
00622416000141,Desenvix Energias Renováveis S.A.,Energia,,NO_LISTED_EQUITY_OBSERVED_IN_B3_2014_TO_CUTOFF,2014-06-02,39080
00644907000193,INVESTCO S/A,Energia,,NO_LISTED_EQUITY_OBSERVED_IN_B3_2014_TO_CUTOFF,2014-06-03,39119
01083200000118,NEOENERGIA S.A,Energia,,NO_LISTED_EQUITY_OBSERVED_IN_B3_2014_TO_CUTOFF,2014-05-13,37400
01109184000195,UNIVERSO ONLINE SA,Telecom,,NO_LISTED_EQUITY_OBSERVED_IN_B3_2014_TO_CUTOFF,2012-01-05,13611
01355994000121,ITA ENERGETICA S/A,Energia,,NO_LISTED_EQUITY_OBSERVED_IN_B3_2014_TO_CUTOFF,2012-05-21,18075
01547749000116,521 PARTICIPAÇOES SA,Energia,,NO_LISTED_EQUITY_OBSERVED_IN_B3_2014_TO_CUTOFF,2014-05-28,38399
01616929000102,SANEAMENTO DE GOIAS SA,Saneamento,,NO_LISTED_EQUITY_OBSERVED_IN_B3_2014_TO_CUTOFF,2014-05-26,38217
01685903000116,AMERICEL SA,Telecom,,NO_LISTED_EQUITY_OBSERVED_IN_B3_2014_TO_CUTOFF,2012-08-15,20777
01917818000136,LIGHT ENERGIA S.A.,Energia,,NO_LISTED_EQUITY_OBSERVED_IN_B3_2014_TO_CUTOFF,2014-05-12,37273
01957772000189,SUL 116 PARTICIPAÇÕES S.A.,Telecom,,NO_LISTED_EQUITY_OBSERVED_IN_B3_2014_TO_CUTOFF,2014-05-14,37516
02016439000138,RIO GRANDE ENERGIA SA,Energia,,NO_LISTED_EQUITY_OBSERVED_IN_B3_2014_TO_CUTOFF,2013-05-24,28208
02016440000162,AES SUL DISTRIB. GAÚCHA DE ENERGIA S.A.,Energia,,NO_LISTED_EQUITY_OBSERVED_IN_B3_2014_TO_CUTOFF,2013-12-03,33358
02107946000187,TELEMAR PARTICIPAÇÕES SA,Telecom,,NO_LISTED_EQUITY_OBSERVED_IN_B3_2014_TO_CUTOFF,2014-05-28,38393
02117801000167,BONAIRE PARTICIPAÇOES SA,Energia,,NO_LISTED_EQUITY_OBSERVED_IN_B3_2014_TO_CUTOFF,2014-05-12,37217
02162616000194,UPTICK PARTICIPACOES SA,Energia,,NO_LISTED_EQUITY_OBSERVED_IN_B3_2014_TO_CUTOFF,2014-05-09,37145
02225714000123,INEPAR ENERGIA SA,Energia,,NO_LISTED_EQUITY_OBSERVED_IN_B3_2014_TO_CUTOFF,2011-05-17,8228
02286509000178,SUBESTAÇÃO ELETROMETRÔ S/A,Energia,,NO_LISTED_EQUITY_OBSERVED_IN_B3_2014_TO_CUTOFF,2013-06-06,29211
02291077000193,PRODUTORES ENERGETICOS DE MANSO SA,Energia,,NO_LISTED_EQUITY_OBSERVED_IN_B3_2014_TO_CUTOFF,2013-11-14,32971
02302100000106,BANDEIRANTE ENERGIA S/A,Energia,,NO_LISTED_EQUITY_OBSERVED_IN_B3_2014_TO_CUTOFF,2014-06-13,39344
02312604000107,DALETH PARTICIPAÇÕES SA,Telecom,,NO_LISTED_EQUITY_OBSERVED_IN_B3_2014_TO_CUTOFF,2014-05-30,38978
02335514000123,FIAGO PARTICIPACOES SA,Telecom,,NO_LISTED_EQUITY_OBSERVED_IN_B3_2014_TO_CUTOFF,2013-05-23,28151
02338534000158,LONGDIS SA,Telecom,,NO_LISTED_EQUITY_OBSERVED_IN_B3_2014_TO_CUTOFF,2014-05-14,37651
02363917000186,RET PARTICIPAÇÕES S/A,Telecom,,NO_LISTED_EQUITY_OBSERVED_IN_B3_2014_TO_CUTOFF,2014-05-14,37649
02363918000120,ZAIN PARTICIPAÇÕES S/A,Telecom,,NO_LISTED_EQUITY_OBSERVED_IN_B3_2014_TO_CUTOFF,2014-05-14,37518
02390206000109,LF TEL SA,Telecom,,NO_LISTED_EQUITY_OBSERVED_IN_B3_2014_TO_CUTOFF,2014-05-09,37142
02397080000196,ITAPEBI GERAÇÃO DE ENERGIA S/A,Energia,,NO_LISTED_EQUITY_OBSERVED_IN_B3_2014_TO_CUTOFF,2014-05-22,38130
02465783000104,FUTURETEL SA,Telecom,,NO_LISTED_EQUITY_OBSERVED_IN_B3_2014_TO_CUTOFF,2014-05-14,37520
02476710000118,TELINVEST SA,Telecom,,NO_LISTED_EQUITY_OBSERVED_IN_B3_2014_TO_CUTOFF,2014-05-14,37650
02558074000173,VIVO PARTICIPAÇÕES SA,Telecom,,NO_LISTED_EQUITY_OBSERVED_IN_B3_2014_TO_CUTOFF,2011-07-26,10310
02558134000158,TELE NORTE LESTE PARTICIPAÇÕES SA,Telecom,,NO_LISTED_EQUITY_OBSERVED_IN_B3_2014_TO_CUTOFF,2012-04-11,16127
02558154000129,TELE NORTE CELULAR PARTICIPAÇÕES SA,Telecom,,NO_LISTED_EQUITY_OBSERVED_IN_B3_2014_TO_CUTOFF,2012-06-28,19476
02591787000139,CAPITALPART PARTICIPAÇÕES SA,Telecom,,NO_LISTED_EQUITY_OBSERVED_IN_B3_2014_TO_CUTOFF,2014-05-14,37652
02604860000160,SELECTPART PARTICIPACOES SA,Telecom,,NO_LISTED_EQUITY_OBSERVED_IN_B3_2014_TO_CUTOFF,2014-05-14,37653
02604997000114,NEWTEL PARTICIPACOES SA,Telecom,,NO_LISTED_EQUITY_OBSERVED_IN_B3_2014_TO_CUTOFF,2014-05-14,37521
02724983000134,SANESALTO SANEAMENTO SA,Saneamento,,NO_LISTED_EQUITY_OBSERVED_IN_B3_2014_TO_CUTOFF,2014-05-14,37506
02983428000127,CEMIG TELECOMUNICAÇÕES S.A,Telecom,,NO_LISTED_EQUITY_OBSERVED_IN_B3_2014_TO_CUTOFF,2014-05-02,36604
03076274000152,MACHADINHO ENERGÉTICA SA,Energia,,NO_LISTED_EQUITY_OBSERVED_IN_B3_2014_TO_CUTOFF,2012-06-01,19067
03795050000109,TERMOPERNAMBUCO SA,Energia,,NO_LISTED_EQUITY_OBSERVED_IN_B3_2014_TO_CUTOFF,2014-05-13,37399
03953509000147,CPFL GERAÇÃO DE ENERGIA S/A,Energia,,NO_LISTED_EQUITY_OBSERVED_IN_B3_2014_TO_CUTOFF,2013-05-24,28235
04030087000109,COARI PARTICIPAÇÕES SA,Telecom,,NO_LISTED_EQUITY_OBSERVED_IN_B3_2014_TO_CUTOFF,2012-03-07,14788
04128563000110,CIA BRASILIANA DE ENERGIA,Energia,,NO_LISTED_EQUITY_OBSERVED_IN_B3_2014_TO_CUTOFF,2014-05-07,36891
04172213000151,CIA PIRATININGA DE FORÇA E LUZ,Energia,,NO_LISTED_EQUITY_OBSERVED_IN_B3_2014_TO_CUTOFF,2013-05-24,28218
04781143000139,BAESA-ENERGETICA BARRA GRANDE SA,Energia,,NO_LISTED_EQUITY_OBSERVED_IN_B3_2014_TO_CUTOFF,2014-05-21,38066
04913711000108,BANCO DO ESTADO DO PARÁ S/A.,Bancos,,NO_LISTED_EQUITY_OBSERVED_IN_B3_2014_TO_CUTOFF,2014-05-20,38040
05336882000184,Cachoeira Paulista Transmissora de Energia S.A.,Energia,,NO_LISTED_EQUITY_OBSERVED_IN_B3_2014_TO_CUTOFF,2013-03-28,25704
05721582000119,"TELEFÓNICA, S.A.",Telecom,,NO_LISTED_EQUITY_OBSERVED_IN_B3_2014_TO_CUTOFF,2011-05-26,8555
06272793000184,COMPANHIA ENERGÉTICA DO MARANHÃO CEMAR,Energia,,NO_LISTED_EQUITY_OBSERVED_IN_B3_2014_TO_CUTOFF,2014-06-02,39089
06981176000158,CEMIG GERAÇÃO E TRANSMISSÃO S/A,Energia,,NO_LISTED_EQUITY_OBSERVED_IN_B3_2014_TO_CUTOFF,2014-05-27,38269
06981180000116,CEMIG DISTRIBUIÇÃO S/A,Energia,,NO_LISTED_EQUITY_OBSERVED_IN_B3_2014_TO_CUTOFF,2014-05-27,38267
07040108000157,COMPANHIA DE ÁGUA E ESGOTO DO CEARÁ,Saneamento,,NO_LISTED_EQUITY_OBSERVED_IN_B3_2014_TO_CUTOFF,2014-05-15,37738
07256507000150,ITAUSEG PARTICIPAÇÕES SA,Seguros,,NO_LISTED_EQUITY_OBSERVED_IN_B3_2014_TO_CUTOFF,2012-11-22,22898
07659538000151,DINAMICA ENERGIA S/A,Energia,,NO_LISTED_EQUITY_OBSERVED_IN_B3_2014_TO_CUTOFF,2013-05-31,28962
07809905000156,AMPLA INVESTIMENTOS E SERVIÇOS S/A,Energia,,NO_LISTED_EQUITY_OBSERVED_IN_B3_2014_TO_CUTOFF,2012-05-07,16915
08159965000133,COMPANHIA DE ÁGUAS DO BRASIL - CAB AMBIENTAL,Saneamento,,NO_LISTED_EQUITY_OBSERVED_IN_B3_2014_TO_CUTOFF,2013-05-15,27800
08219477000174,ITAQUI GERAÇÃO DE ENERGIA S.A.,Energia,,NO_LISTED_EQUITY_OBSERVED_IN_B3_2014_TO_CUTOFF,2014-05-30,38816
08884213000135,BANCO PATAGONIA SA,Bancos,,NO_LISTED_EQUITY_OBSERVED_IN_B3_2014_TO_CUTOFF,2013-05-02,26476
08935054000150,MULTINER S/A,Energia,,NO_LISTED_EQUITY_OBSERVED_IN_B3_2014_TO_CUTOFF,2014-05-30,38748
09095183000140,ENERGISA PARAÍBA - DISTRIBUIDORA DE ENERGIA S/A,Energia,,NO_LISTED_EQUITY_OBSERVED_IN_B3_2014_TO_CUTOFF,2013-09-09,31329
09123654000187,CIA DE AGUA E ESGOTO DA PARAIBA,Saneamento,,NO_LISTED_EQUITY_OBSERVED_IN_B3_2014_TO_CUTOFF,2011-05-13,7754
09149503000106,OMEGA ENERGIA RENOVÁVEL S/A,Energia,,NO_LISTED_EQUITY_OBSERVED_IN_B3_2014_TO_CUTOFF,2013-05-31,28944
09462890000128,BRT HOLDING 1 S.A,Telecom,,NO_LISTED_EQUITY_OBSERVED_IN_B3_2014_TO_CUTOFF,2013-09-25,31574
09601322000160,CTX PARTICIPAÇÕES S/A,Telecom,,NO_LISTED_EQUITY_OBSERVED_IN_B3_2014_TO_CUTOFF,2013-08-26,31147
10242478000181,INVITEL LEGACY SA,Telecom,,NO_LISTED_EQUITY_OBSERVED_IN_B3_2014_TO_CUTOFF,2014-05-14,37522
10502676000137,TERMELÉTRICA PERNAMBUCO III S/A,Energia,,NO_LISTED_EQUITY_OBSERVED_IN_B3_2014_TO_CUTOFF,2013-12-13,33513
11616840000108,SAAG Investimentos S.A.,Telecom,,NO_LISTED_EQUITY_OBSERVED_IN_B3_2014_TO_CUTOFF,2014-06-16,39378
11721921000160,BRASIL INSURANCE PARTICIPAÇÕES E ADMINISTRAÇÃO S/A,Emp. Adm. Part. - Seguradoras e Corretoras,BRIN3,OUTSIDE_STRICT_BESST_TAXONOMY,2013-09-27,31608
12394936000123,EOX ENERGIA EÓLICA S.A.,Energia,,NO_LISTED_EQUITY_OBSERVED_IN_B3_2014_TO_CUTOFF,2014-05-28,38314
12394991000113,UTILIUM PARTICIPAÇÕES S.A.,Energia,,NO_LISTED_EQUITY_OBSERVED_IN_B3_2014_TO_CUTOFF,2013-10-23,31991
12489315000123,Ferreira Gomes Energia S.A.,Energia,,NO_LISTED_EQUITY_OBSERVED_IN_B3_2014_TO_CUTOFF,2013-05-29,28677
13017462000163,ENERGISA SERGIPE - DISTRIBUIDORA DE ENERGIA S/A,Energia,,NO_LISTED_EQUITY_OBSERVED_IN_B3_2014_TO_CUTOFF,2013-05-02,26467
13407617000178,Isolux Infrastructure S.A.,Energia,,NO_LISTED_EQUITY_OBSERVED_IN_B3_2014_TO_CUTOFF,2011-12-13,13295
14969641000163,Rio Monsarás Participações S.A.,Energia,,NO_LISTED_EQUITY_OBSERVED_IN_B3_2014_TO_CUTOFF,2014-05-28,38403
15124464000187,BANCO ECONOMICO SA - EM LIQUIDAÇÃO EXTRAJUDICIAL,Bancos,,NO_LISTED_EQUITY_OBSERVED_IN_B3_2014_TO_CUTOFF,2014-05-22,38119
15413826000150,EMPRESA ENERGÉTICA DE M.S. S.A.,Energia,,NO_LISTED_EQUITY_OBSERVED_IN_B3_2014_TO_CUTOFF,2014-06-16,39389
15463423000115,JP Participações S.A.,Telecom,,NO_LISTED_EQUITY_OBSERVED_IN_B3_2014_TO_CUTOFF,2013-11-26,33264
16103773000133,NSG FINPAR S/A,Bancos,,NO_LISTED_EQUITY_OBSERVED_IN_B3_2014_TO_CUTOFF,2013-12-20,33640
19527639000158,ENERGISA MINAS GERAIS - DISTRIBUIDORA DE ENERGIA S/A,Energia,,NO_LISTED_EQUITY_OBSERVED_IN_B3_2014_TO_CUTOFF,2013-05-02,26465
28152650000171,ESPIRITO SANTO CENTRAIS ELETRICAS SA,Energia,,NO_LISTED_EQUITY_OBSERVED_IN_B3_2014_TO_CUTOFF,2013-06-04,29157
30306294000145,BANCO BTG PACTUAL S.A.,Bancos,,NO_LISTED_EQUITY_OBSERVED_IN_B3_2014_TO_CUTOFF,2014-06-03,39139
31895683000116,BANCO INDUSTRIAL DO BRASIL,Bancos,,NO_LISTED_EQUITY_OBSERVED_IN_B3_2014_TO_CUTOFF,2014-05-22,38105
33000118000179,TELEMAR NORTE LESTE SA,Telecom,,NO_LISTED_EQUITY_OBSERVED_IN_B3_2014_TO_CUTOFF,2012-05-09,17072
33050196000188,COMPANHIA PAULISTA DE FORCA LUZ - CPFL,Energia,,NO_LISTED_EQUITY_OBSERVED_IN_B3_2014_TO_CUTOFF,2013-05-24,28207
33147315000115,BANCO BERJ S.A.,Bancos,,NO_LISTED_EQUITY_OBSERVED_IN_B3_2014_TO_CUTOFF,2012-06-05,19153
33352394000104,CIA ESTADUAL DE ÁGUAS E ESGOTOS - CEDAE,Saneamento,,NO_LISTED_EQUITY_OBSERVED_IN_B3_2014_TO_CUTOFF,2014-05-08,36947
33541368000116,CIA HIDRO ELÉTRICA DO SÃO FRANCISCO,Energia,,NO_LISTED_EQUITY_OBSERVED_IN_B3_2014_TO_CUTOFF,2014-05-08,36974
33938119000169,CIA. DISTRIB. DE GÁS DO RIO DE JANEIRO,"Saneamento, Serv. Água e Gás",CEGR3,OUTSIDE_STRICT_BESST_TAXONOMY,2014-05-30,38914
34020354000110,CAIXA SEGURADORA SA,Seguros,,NO_LISTED_EQUITY_OBSERVED_IN_B3_2014_TO_CUTOFF,2010-05-24,213
46119855000137,SOC.DE ABASTEC.DE ÁGUA E SANEAMENTO S.A.,Saneamento,,NO_LISTED_EQUITY_OBSERVED_IN_B3_2014_TO_CUTOFF,2014-05-09,37098
60444437000146,LIGHT SERVIÇOS DE ELETRICIDADE SA,Energia,,NO_LISTED_EQUITY_OBSERVED_IN_B3_2014_TO_CUTOFF,2014-05-12,37271
60889128000180,BANCO SOFISA SA,Bancos,,NO_LISTED_EQUITY_OBSERVED_IN_B3_2014_TO_CUTOFF,2013-11-07,32434
61784278000191,Companhia de Crédito Financiamento e Investimento RCI Brasil,Bancos,,NO_LISTED_EQUITY_OBSERVED_IN_B3_2014_TO_CUTOFF,2014-05-30,38790
61856571000117,COMPANHIA DE GÁS DE SÃO PAULO - COMGÁS,"Emp. Adm. Part. - Saneamento, Serv. Água e Gás",CGAS3;CGAS5,OUTSIDE_STRICT_BESST_TAXONOMY,2013-11-05,32320
62136254000199,BANCO CRUZEIRO DO SUL SA,Bancos,,NO_LISTED_EQUITY_OBSERVED_IN_B3_2014_TO_CUTOFF,2013-05-24,28210
71208516000174,ALGAR TELECOM S/A,Telecom,,NO_LISTED_EQUITY_OBSERVED_IN_B3_2014_TO_CUTOFF,2013-12-13,33511
82508433000117,CIA CAT. DE ÁGUAS E SANEAMENTO - CASAN,Saneamento,,NO_LISTED_EQUITY_OBSERVED_IN_B3_2014_TO_CUTOFF,2014-05-22,38115
91669747000192,"FINANSINOS S/A-CRÉDITO, FINAN. E INVEST.",Bancos,,NO_LISTED_EQUITY_OBSERVED_IN_B3_2014_TO_CUTOFF,2014-05-08,36926
92692979000124,BANRISUL S.A. ADMINISTRADORA DE CONSÓRCIOS,Bancos,,NO_LISTED_EQUITY_OBSERVED_IN_B3_2014_TO_CUTOFF,2010-09-29,3089
92802784000190,CIA RIOGRANDENSE DE SANEAMENTO,Saneamento,,NO_LISTED_EQUITY_OBSERVED_IN_B3_2014_TO_CUTOFF,2014-06-13,39356
