mode,classification,audit_reason,portfolio,date,lineage,ticker,side,units,close,amount,reason,voluntary_sale,maintenance_status,proof_source,proof_line
GROSS,LIQUIDITY_FILTER_MATCHES,"actual held security fails coded liquidity threshold; this validates the mechanical filter, not an independently redefined permanence policy",V0,2015-06-30,07047251000170,COCE5,SELL,161.1538689831464,41.66,6713.670181837878,CONFIRMED_MAINTENANCE_FAIL,True,FAIL,research/b00s_four_variants_2014_2026/results/review_ledger.csv,27
CG_ONLY,LIQUIDITY_FILTER_MATCHES,"actual held security fails coded liquidity threshold; this validates the mechanical filter, not an independently redefined permanence policy",V0,2015-06-30,07047251000170,COCE5,SELL,161.14037807597234,41.66,6713.108150645007,CONFIRMED_MAINTENANCE_FAIL,True,FAIL,research/b00s_four_variants_2014_2026/results/review_ledger.csv,27
CG_PLUS_JCP_CERTIFIED_PARTIAL,LIQUIDITY_FILTER_MATCHES,"actual held security fails coded liquidity threshold; this validates the mechanical filter, not an independently redefined permanence policy",V0,2015-06-30,07047251000170,COCE5,SELL,161.14037807597234,41.66,6713.108150645007,CONFIRMED_MAINTENANCE_FAIL,True,FAIL,research/b00s_four_variants_2014_2026/results/review_ledger.csv,27
GROSS,NONPOSITIVE_PROFIT_DOCUMENTED,PIT DFP records nonpositive earnings within five-year window,V0,2016-06-30,17281106000103,CSMG3,SELL,559.0128462341235,29.6,16546.780248530056,CONFIRMED_MAINTENANCE_FAIL,True,FAIL,research/b00s_four_variants_2014_2026/results/review_ledger.csv,49
GROSS,NONPOSITIVE_PROFIT_DOCUMENTED,PIT DFP records nonpositive earnings within five-year window,V10,2016-06-30,17281106000103,CSMG3,SELL,1048.1183150044685,29.6,31024.30212413227,CONFIRMED_MAINTENANCE_FAIL,True,FAIL,research/b00s_four_variants_2014_2026/results/review_ledger.csv,277
GROSS,NONPOSITIVE_PROFIT_DOCUMENTED,PIT DFP records nonpositive earnings within five-year window,VVAL,2016-06-30,17281106000103,CSMG3,SELL,766.020795179126,29.6,22674.21553730213,CONFIRMED_MAINTENANCE_FAIL,True,FAIL,research/b00s_four_variants_2014_2026/results/review_ledger.csv,405
CG_ONLY,NONPOSITIVE_PROFIT_DOCUMENTED,PIT DFP records nonpositive earnings within five-year window,V0,2016-06-30,17281106000103,CSMG3,SELL,558.9791081866231,29.6,16545.781602324045,CONFIRMED_MAINTENANCE_FAIL,True,FAIL,research/b00s_four_variants_2014_2026/results/review_ledger.csv,49
CG_ONLY,NONPOSITIVE_PROFIT_DOCUMENTED,PIT DFP records nonpositive earnings within five-year window,V10,2016-06-30,17281106000103,CSMG3,SELL,1048.1183150044685,29.6,31024.30212413227,CONFIRMED_MAINTENANCE_FAIL,True,FAIL,research/b00s_four_variants_2014_2026/results/review_ledger.csv,277
CG_ONLY,NONPOSITIVE_PROFIT_DOCUMENTED,PIT DFP records nonpositive earnings within five-year window,VVAL,2016-06-30,17281106000103,CSMG3,SELL,766.020795179126,29.6,22674.21553730213,CONFIRMED_MAINTENANCE_FAIL,True,FAIL,research/b00s_four_variants_2014_2026/results/review_ledger.csv,405
CG_PLUS_JCP_CERTIFIED_PARTIAL,NONPOSITIVE_PROFIT_DOCUMENTED,PIT DFP records nonpositive earnings within five-year window,V0,2016-06-30,17281106000103,CSMG3,SELL,558.9791081866231,29.6,16545.781602324045,CONFIRMED_MAINTENANCE_FAIL,True,FAIL,research/b00s_four_variants_2014_2026/results/review_ledger.csv,49
CG_PLUS_JCP_CERTIFIED_PARTIAL,NONPOSITIVE_PROFIT_DOCUMENTED,PIT DFP records nonpositive earnings within five-year window,V10,2016-06-30,17281106000103,CSMG3,SELL,1048.1183150044685,29.6,31024.30212413227,CONFIRMED_MAINTENANCE_FAIL,True,FAIL,research/b00s_four_variants_2014_2026/results/review_ledger.csv,277
CG_PLUS_JCP_CERTIFIED_PARTIAL,NONPOSITIVE_PROFIT_DOCUMENTED,PIT DFP records nonpositive earnings within five-year window,VVAL,2016-06-30,17281106000103,CSMG3,SELL,766.020795179126,29.6,22674.21553730213,CONFIRMED_MAINTENANCE_FAIL,True,FAIL,research/b00s_four_variants_2014_2026/results/review_ledger.csv,405
GROSS,WRONG_SECURITY_LIQUIDITY,held unit inherits FAIL from another class; held unit passes the coded liquidity filter; lineage/economic history must not be replaced silently,V0,2016-06-30,02998609000127,TIET11,SELL,572.7905058948465,14.79,8471.57158218478,CONFIRMED_MAINTENANCE_FAIL,True,FAIL,research/b00s_four_variants_2014_2026/results/review_ledger.csv,57
GROSS,WRONG_SECURITY_LIQUIDITY,held unit inherits FAIL from another class; held unit passes the coded liquidity filter; lineage/economic history must not be replaced silently,VVAL,2016-06-30,02998609000127,TIET11,SELL,875.976466906268,14.79,12955.691945543704,CONFIRMED_MAINTENANCE_FAIL,True,FAIL,research/b00s_four_variants_2014_2026/results/review_ledger.csv,412
CG_ONLY,WRONG_SECURITY_LIQUIDITY,held unit inherits FAIL from another class; held unit passes the coded liquidity filter; lineage/economic history must not be replaced silently,V0,2016-06-30,02998609000127,TIET11,SELL,572.7534011524134,14.79,8471.022803044194,CONFIRMED_MAINTENANCE_FAIL,True,FAIL,research/b00s_four_variants_2014_2026/results/review_ledger.csv,57
CG_ONLY,WRONG_SECURITY_LIQUIDITY,held unit inherits FAIL from another class; held unit passes the coded liquidity filter; lineage/economic history must not be replaced silently,VVAL,2016-06-30,02998609000127,TIET11,SELL,875.976466906268,14.79,12955.691945543704,CONFIRMED_MAINTENANCE_FAIL,True,FAIL,research/b00s_four_variants_2014_2026/results/review_ledger.csv,412
CG_PLUS_JCP_CERTIFIED_PARTIAL,WRONG_SECURITY_LIQUIDITY,held unit inherits FAIL from another class; held unit passes the coded liquidity filter; lineage/economic history must not be replaced silently,V0,2016-06-30,02998609000127,TIET11,SELL,572.7534011524134,14.79,8471.022803044194,CONFIRMED_MAINTENANCE_FAIL,True,FAIL,research/b00s_four_variants_2014_2026/results/review_ledger.csv,57
CG_PLUS_JCP_CERTIFIED_PARTIAL,WRONG_SECURITY_LIQUIDITY,held unit inherits FAIL from another class; held unit passes the coded liquidity filter; lineage/economic history must not be replaced silently,VVAL,2016-06-30,02998609000127,TIET11,SELL,875.976466906268,14.79,12955.691945543704,CONFIRMED_MAINTENANCE_FAIL,True,FAIL,research/b00s_four_variants_2014_2026/results/review_ledger.csv,412
GROSS,NONPOSITIVE_PROFIT_DOCUMENTED,PIT DFP records nonpositive earnings within five-year window,V0,2017-06-30,03378521000175,LIGT3,SELL,966.438474731699,22.41,21657.886218737374,CONFIRMED_MAINTENANCE_FAIL,True,FAIL,research/b00s_four_variants_2014_2026/results/review_ledger.csv,71
GROSS,NONPOSITIVE_PROFIT_DOCUMENTED,PIT DFP records nonpositive earnings within five-year window,VVAL,2017-06-30,03378521000175,LIGT3,SELL,1404.861198323683,22.41,31482.939454433737,CONFIRMED_MAINTENANCE_FAIL,True,FAIL,research/b00s_four_variants_2014_2026/results/review_ledger.csv,420
CG_ONLY,NONPOSITIVE_PROFIT_DOCUMENTED,PIT DFP records nonpositive earnings within five-year window,V0,2017-06-30,03378521000175,LIGT3,SELL,964.0008008426183,22.41,21603.257946883077,CONFIRMED_MAINTENANCE_FAIL,True,FAIL,research/b00s_four_variants_2014_2026/results/review_ledger.csv,71
CG_ONLY,NONPOSITIVE_PROFIT_DOCUMENTED,PIT DFP records nonpositive earnings within five-year window,VVAL,2017-06-30,03378521000175,LIGT3,SELL,1404.8446156900861,22.41,31482.56783761483,CONFIRMED_MAINTENANCE_FAIL,True,FAIL,research/b00s_four_variants_2014_2026/results/review_ledger.csv,420
CG_PLUS_JCP_CERTIFIED_PARTIAL,NONPOSITIVE_PROFIT_DOCUMENTED,PIT DFP records nonpositive earnings within five-year window,V0,2017-06-30,03378521000175,LIGT3,SELL,964.0008008426183,22.41,21603.257946883077,CONFIRMED_MAINTENANCE_FAIL,True,FAIL,research/b00s_four_variants_2014_2026/results/review_ledger.csv,71
CG_PLUS_JCP_CERTIFIED_PARTIAL,NONPOSITIVE_PROFIT_DOCUMENTED,PIT DFP records nonpositive earnings within five-year window,VVAL,2017-06-30,03378521000175,LIGT3,SELL,1404.8446156900861,22.41,31482.56783761483,CONFIRMED_MAINTENANCE_FAIL,True,FAIL,research/b00s_four_variants_2014_2026/results/review_ledger.csv,420
GROSS,DISTRIBUTION_GAP_DISPUTED,legacy cash5=0 conflicts with screening PASS and PIT nonzero individual cash-flow/distribution statements; ex-date vs fiscal-year appropriation/payment not reconciled,V0,2020-06-30,02429144000193,CPFE3,SELL,880.652395176932,30.66,27000.802436124737,CONFIRMED_MAINTENANCE_FAIL,True,FAIL,research/b00s_four_variants_2014_2026/results/review_ledger.csv,123
GROSS,DISTRIBUTION_GAP_DISPUTED,legacy cash5=0 conflicts with screening PASS and PIT nonzero individual cash-flow/distribution statements; ex-date vs fiscal-year appropriation/payment not reconciled,VVAL,2020-06-30,02429144000193,CPFE3,SELL,1377.4086654477564,30.66,42231.34968262821,CONFIRMED_MAINTENANCE_FAIL,True,FAIL,research/b00s_four_variants_2014_2026/results/review_ledger.csv,453
CG_ONLY,DISTRIBUTION_GAP_DISPUTED,legacy cash5=0 conflicts with screening PASS and PIT nonzero individual cash-flow/distribution statements; ex-date vs fiscal-year appropriation/payment not reconciled,V0,2020-06-30,02429144000193,CPFE3,SELL,875.7345044834157,30.66,26850.019907461523,CONFIRMED_MAINTENANCE_FAIL,True,FAIL,research/b00s_four_variants_2014_2026/results/review_ledger.csv,123
CG_ONLY,DISTRIBUTION_GAP_DISPUTED,legacy cash5=0 conflicts with screening PASS and PIT nonzero individual cash-flow/distribution statements; ex-date vs fiscal-year appropriation/payment not reconciled,VVAL,2020-06-30,02429144000193,CPFE3,SELL,1371.4290846250187,30.66,42048.015734603076,CONFIRMED_MAINTENANCE_FAIL,True,FAIL,research/b00s_four_variants_2014_2026/results/review_ledger.csv,453
CG_PLUS_JCP_CERTIFIED_PARTIAL,DISTRIBUTION_GAP_DISPUTED,legacy cash5=0 conflicts with screening PASS and PIT nonzero individual cash-flow/distribution statements; ex-date vs fiscal-year appropriation/payment not reconciled,V0,2020-06-30,02429144000193,CPFE3,SELL,875.7345044834157,30.66,26850.019907461523,CONFIRMED_MAINTENANCE_FAIL,True,FAIL,research/b00s_four_variants_2014_2026/results/review_ledger.csv,123
CG_PLUS_JCP_CERTIFIED_PARTIAL,DISTRIBUTION_GAP_DISPUTED,legacy cash5=0 conflicts with screening PASS and PIT nonzero individual cash-flow/distribution statements; ex-date vs fiscal-year appropriation/payment not reconciled,VVAL,2020-06-30,02429144000193,CPFE3,SELL,1371.4290846250187,30.66,42048.015734603076,CONFIRMED_MAINTENANCE_FAIL,True,FAIL,research/b00s_four_variants_2014_2026/results/review_ledger.csv,453
GROSS,LEGACY_PROFIT_ZERO_CONTRADICTED,v9 zero profits contradicted by positive PIT DFP; local B00S screening PASS,V0,2021-06-30,92702067000196,BRSR6,SELL,1848.3646571262093,13.26,24509.315353493534,CONFIRMED_MAINTENANCE_FAIL,True,FAIL,research/b00s_four_variants_2014_2026/results/review_ledger.csv,144
GROSS,LEGACY_PROFIT_ZERO_CONTRADICTED,v9 zero profits contradicted by positive PIT DFP; local B00S screening PASS,VVAL,2021-06-30,92702067000196,BRSR6,SELL,3663.965944475568,13.26,48584.18842374603,CONFIRMED_MAINTENANCE_FAIL,True,FAIL,research/b00s_four_variants_2014_2026/results/review_ledger.csv,464
CG_ONLY,LEGACY_PROFIT_ZERO_CONTRADICTED,v9 zero profits contradicted by positive PIT DFP; local B00S screening PASS,V0,2021-06-30,92702067000196,BRSR6,SELL,1839.5028254586732,13.26,24391.807465582006,CONFIRMED_MAINTENANCE_FAIL,True,FAIL,research/b00s_four_variants_2014_2026/results/review_ledger.csv,144
CG_ONLY,LEGACY_PROFIT_ZERO_CONTRADICTED,v9 zero profits contradicted by positive PIT DFP; local B00S screening PASS,VVAL,2021-06-30,92702067000196,BRSR6,SELL,3633.1859832985438,13.26,48176.04613853869,CONFIRMED_MAINTENANCE_FAIL,True,FAIL,research/b00s_four_variants_2014_2026/results/review_ledger.csv,464
CG_PLUS_JCP_CERTIFIED_PARTIAL,LEGACY_PROFIT_ZERO_CONTRADICTED,v9 zero profits contradicted by positive PIT DFP; local B00S screening PASS,V0,2021-06-30,92702067000196,BRSR6,SELL,1839.273275065637,13.26,24388.763627370347,CONFIRMED_MAINTENANCE_FAIL,True,FAIL,research/b00s_four_variants_2014_2026/results/review_ledger.csv,144
CG_PLUS_JCP_CERTIFIED_PARTIAL,LEGACY_PROFIT_ZERO_CONTRADICTED,v9 zero profits contradicted by positive PIT DFP; local B00S screening PASS,VVAL,2021-06-30,92702067000196,BRSR6,SELL,3632.0940359884994,13.26,48161.5669172075,CONFIRMED_MAINTENANCE_FAIL,True,FAIL,research/b00s_four_variants_2014_2026/results/review_ledger.csv,464
GROSS,LIQUIDITY_FILTER_MATCHES,"actual held security fails coded liquidity threshold; this validates the mechanical filter, not an independently redefined permanence policy",V0,2021-06-30,07047251000170,COCE5,SELL,153.56425240173152,61.0,9367.419396505622,CONFIRMED_MAINTENANCE_FAIL,True,FAIL,research/b00s_four_variants_2014_2026/results/review_ledger.csv,146
CG_ONLY,LIQUIDITY_FILTER_MATCHES,"actual held security fails coded liquidity threshold; this validates the mechanical filter, not an independently redefined permanence policy",V0,2021-06-30,07047251000170,COCE5,SELL,150.04484279205104,61.0,9152.735410315114,CONFIRMED_MAINTENANCE_FAIL,True,FAIL,research/b00s_four_variants_2014_2026/results/review_ledger.csv,146
CG_PLUS_JCP_CERTIFIED_PARTIAL,LIQUIDITY_FILTER_MATCHES,"actual held security fails coded liquidity threshold; this validates the mechanical filter, not an independently redefined permanence policy",V0,2021-06-30,07047251000170,COCE5,SELL,150.0050732705063,61.0,9150.309469500884,CONFIRMED_MAINTENANCE_FAIL,True,FAIL,research/b00s_four_variants_2014_2026/results/review_ledger.csv,146
GROSS,NONPOSITIVE_PROFIT_DOCUMENTED,PIT DFP records nonpositive earnings within five-year window,V0,2021-06-30,33376989000191,IRBR3,SELL,1509.4975666622815,5.77,8709.800959641363,CONFIRMED_MAINTENANCE_FAIL,True,FAIL,research/b00s_four_variants_2014_2026/results/review_ledger.csv,152
CG_ONLY,NONPOSITIVE_PROFIT_DOCUMENTED,PIT DFP records nonpositive earnings within five-year window,V0,2021-06-30,33376989000191,IRBR3,SELL,1482.7832527625585,5.77,8555.659368439961,CONFIRMED_MAINTENANCE_FAIL,True,FAIL,research/b00s_four_variants_2014_2026/results/review_ledger.csv,152
CG_PLUS_JCP_CERTIFIED_PARTIAL,NONPOSITIVE_PROFIT_DOCUMENTED,PIT DFP records nonpositive earnings within five-year window,V0,2021-06-30,33376989000191,IRBR3,SELL,1482.4327962794232,5.77,8553.63723453227,CONFIRMED_MAINTENANCE_FAIL,True,FAIL,research/b00s_four_variants_2014_2026/results/review_ledger.csv,152
GROSS,LEGACY_PROFIT_ZERO_CONTRADICTED,v9 zero profits contradicted by positive PIT DFP; local B00S screening PASS,V0,2024-06-28,43776517000180,SBSP3,SELL,1190.709901605718,74.97,89267.52132338067,CONFIRMED_MAINTENANCE_FAIL,True,FAIL,research/b00s_four_variants_2014_2026/results/review_ledger.csv,227
GROSS,LEGACY_PROFIT_ZERO_CONTRADICTED,v9 zero profits contradicted by positive PIT DFP; local B00S screening PASS,V10,2024-06-28,43776517000180,SBSP3,SELL,1436.8419308367481,74.97,107720.039554831,CONFIRMED_MAINTENANCE_FAIL,True,FAIL,research/b00s_four_variants_2014_2026/results/review_ledger.csv,362
GROSS,LEGACY_PROFIT_ZERO_CONTRADICTED,v9 zero profits contradicted by positive PIT DFP; local B00S screening PASS,VVAL,2024-06-28,43776517000180,SBSP3,SELL,1447.5968272514087,74.97,108526.33413903811,CONFIRMED_MAINTENANCE_FAIL,True,FAIL,research/b00s_four_variants_2014_2026/results/review_ledger.csv,508
CG_ONLY,LEGACY_PROFIT_ZERO_CONTRADICTED,v9 zero profits contradicted by positive PIT DFP; local B00S screening PASS,V0,2024-06-28,43776517000180,SBSP3,SELL,1179.6763583086145,74.97,88440.33658239682,CONFIRMED_MAINTENANCE_FAIL,True,FAIL,research/b00s_four_variants_2014_2026/results/review_ledger.csv,227
CG_ONLY,LEGACY_PROFIT_ZERO_CONTRADICTED,v9 zero profits contradicted by positive PIT DFP; local B00S screening PASS,V10,2024-06-28,43776517000180,SBSP3,SELL,1432.4837942240827,74.97,107393.31005297948,CONFIRMED_MAINTENANCE_FAIL,True,FAIL,research/b00s_four_variants_2014_2026/results/review_ledger.csv,362
CG_ONLY,LEGACY_PROFIT_ZERO_CONTRADICTED,v9 zero profits contradicted by positive PIT DFP; local B00S screening PASS,VVAL,2024-06-28,43776517000180,SBSP3,SELL,1435.0324415510584,74.97,107584.38214308284,CONFIRMED_MAINTENANCE_FAIL,True,FAIL,research/b00s_four_variants_2014_2026/results/review_ledger.csv,508
CG_PLUS_JCP_CERTIFIED_PARTIAL,LEGACY_PROFIT_ZERO_CONTRADICTED,v9 zero profits contradicted by positive PIT DFP; local B00S screening PASS,V0,2024-06-28,43776517000180,SBSP3,SELL,1177.8389189768768,74.97,88302.58375569645,CONFIRMED_MAINTENANCE_FAIL,True,FAIL,research/b00s_four_variants_2014_2026/results/review_ledger.csv,227
CG_PLUS_JCP_CERTIFIED_PARTIAL,LEGACY_PROFIT_ZERO_CONTRADICTED,v9 zero profits contradicted by positive PIT DFP; local B00S screening PASS,V10,2024-06-28,43776517000180,SBSP3,SELL,1429.3337232548697,74.97,107157.14923241758,CONFIRMED_MAINTENANCE_FAIL,True,FAIL,research/b00s_four_variants_2014_2026/results/review_ledger.csv,362
CG_PLUS_JCP_CERTIFIED_PARTIAL,LEGACY_PROFIT_ZERO_CONTRADICTED,v9 zero profits contradicted by positive PIT DFP; local B00S screening PASS,VVAL,2024-06-28,43776517000180,SBSP3,SELL,1433.801589723042,74.97,107492.10518153646,CONFIRMED_MAINTENANCE_FAIL,True,FAIL,research/b00s_four_variants_2014_2026/results/review_ledger.csv,508
GROSS,NONPOSITIVE_PROFIT_DOCUMENTED,PIT DFP records nonpositive earnings within five-year window,V0,2025-06-30,02998609000127,AURE3,SELL,2287.61299855283,10.17,23265.02419528228,CONFIRMED_MAINTENANCE_FAIL,True,FAIL,research/b00s_four_variants_2014_2026/results/review_ledger.csv,235
CG_ONLY,NONPOSITIVE_PROFIT_DOCUMENTED,PIT DFP records nonpositive earnings within five-year window,V0,2025-06-30,02998609000127,AURE3,SELL,2228.68113834858,10.17,22665.68717700506,CONFIRMED_MAINTENANCE_FAIL,True,FAIL,research/b00s_four_variants_2014_2026/results/review_ledger.csv,235
CG_PLUS_JCP_CERTIFIED_PARTIAL,NONPOSITIVE_PROFIT_DOCUMENTED,PIT DFP records nonpositive earnings within five-year window,V0,2025-06-30,02998609000127,AURE3,SELL,2222.5173747498648,10.17,22603.001701206125,CONFIRMED_MAINTENANCE_FAIL,True,FAIL,research/b00s_four_variants_2014_2026/results/review_ledger.csv,235
