year,ticker,sector,price_certification,normalized_pe,normalized_pe_interval,mechanical_normalized_pe,decision,eps,eps_judgement,payout,payout_judgement,roc,roc_kind,threshold,roc_judgement,solidity,solidity_judgement,independent_conclusion,reason,sources,admission_impact
2014,TIMP3,Telecom,PONTO_CERTIFICADO,21.10335308573437,,,INDETERMINATE,,ND_FALTA_PROVA,,ND_FALTA_PROVA,,ROIC_ND,0.12375074396149172,ND_FALTA_PROVA,,ND_FALTA_PROVA,ND_NAO_ZERO_ECONOMICO,"A reclassificação2012 não muda NI (nota3p4). O pico2010 decorre de crédito fiscal de1.435,245m, retirado; a mediana passa a FY2011, não extrapola o crédito nem crescimento de aquisição. A Intelig entrou em30/12/2009; a receita principal móvel permanece e não se anualiza aquisição. TIM Fiber2011 foi incorporada2012: ativos e goodwill mantidos na economia do capital. O canal de15–25 permanece sem prêmio enquanto LPA ajustado, payout recorrente e medianaROIC não forem conciliados conjuntamente.","[{""docid"": ""14958"", ""group"": 412, ""original"": ""review_originals/cvm_14958_g412.pdf.gz"", ""original_sha256"": ""7f5c39f46c0002a3521a22578ce0b10964002927819461290456874be7c765ed"", ""pages"": [60, 61], ""received"": ""2012-03-13"", ""url"": ""https://www.rad.cvm.gov.br/ENET/frmGerenciaPaginaFRE.aspx?CodigoTipoInstituicao=1&NumeroSequencialDocumento=14958""}, {""docid"": ""34545"", ""group"": 412, ""original"": ""review_originals/cvm_34545_g412.pdf.gz"", ""original_sha256"": ""156496399624cf2801d00a75d761378e5be1842d613d92d01fc66e648b81a95f"", ""pages"": [3, 4, 28, 29, 66], ""received"": ""2014-02-13"", ""url"": ""https://www.rad.cvm.gov.br/ENET/frmGerenciaPaginaFRE.aspx?CodigoTipoInstituicao=1&NumeroSequencialDocumento=34545""}, {""docid"": ""24104"", ""group"": 412, ""original"": ""review_originals/cvm_24104_g412.pdf.gz"", ""original_sha256"": ""6b0388c43518ec839f098470499a8090a960e17098fd7a229b439d3b7e2e4f7b"", ""pages"": [72], ""received"": ""2013-02-06"", ""url"": ""https://www.rad.cvm.gov.br/ENET/frmGerenciaPaginaFRE.aspx?CodigoTipoInstituicao=1&NumeroSequencialDocumento=24104""}]",Completar prova pode admitir premium; intervalos que cruzam15 podem admitir via madura; incumbência não exige nova aprovação.
2015,PSSA3,Seguros,PONTO_CERTIFICADO,16.51740784090405,,,REJECTED_REINVESTMENT,,ND_FALTA_PROVA,,ND_FALTA_PROVA,0.13977147329305792,ROE_PARENT_AVERAGE_EQUITY,0.1447308920857892,FAIL_NECESSARIO,,ND_FALTA_PROVA,FAIL_NECESSARIO_DOCUMENTADO,"A mediana real de cinco lucros atribuíveis, com o ganho não recorrente de 2013 removido, produz P/L de 16,5174. O prêmio até 25 exige cumulativamente crescimento real, retenção, ROE e solidez. O ROE mediano de 2012–2014 é 13,9771%, abaixo de IPCA + 6 p.p. (14,4731%). A retirada do ganho extraordinário também do patrimônio de 2013 não elimina a reprovação: dois ROEs ficam abaixo do mínimo. Não se presume a aprovação das demais condições; o CAGR dos extremos não é certificado como crescimento normalizado.","[{""docid"": ""34786"", ""group"": 1653, ""original"": ""review_originals/cvm_34786_g1653.pdf.gz"", ""original_sha256"": ""90a9956db1eb42d428715c71b8a1d0b512318695b406f5f6a951b6cd536e2777"", ""pages"": [4, 10, 12, 13], ""received"": ""2014-02-25"", ""url"": ""https://www.rad.cvm.gov.br/ENET/frmGerenciaPaginaFRE.aspx?CodigoTipoInstituicao=1&NumeroSequencialDocumento=34786""}, {""docid"": ""34786"", ""group"": 412, ""original"": ""review_originals/cvm_34786_g412.pdf.gz"", ""original_sha256"": ""54143e998bb221067d151f16b2ef1b5c81da24b2a7aa7701b14fe0722a73fc18"", ""pages"": [1, 2, 3, 7, 8, 76, 91, 92], ""received"": ""2014-02-25"", ""url"": ""https://www.rad.cvm.gov.br/ENET/frmGerenciaPaginaFRE.aspx?CodigoTipoInstituicao=1&NumeroSequencialDocumento=34786""}, {""docid"": ""36561"", ""group"": 193, ""original"": ""review_originals/cvm_36561_g193.pdf.gz"", ""original_sha256"": ""376139eb07041813ca8c737ab1be74ca64a2d731eb4602f5cacc3c87f29043e7"", ""pages"": [1, 2, 3, 4, 42], ""received"": ""2014-04-30"", ""url"": ""https://www.rad.cvm.gov.br/ENET/frmGerenciaPaginaFRE.aspx?CodigoTipoInstituicao=1&NumeroSequencialDocumento=36561""}, {""docid"": ""14549"", ""group"": 412, ""original"": ""review_originals/cvm_14549_g412.pdf.gz"", ""original_sha256"": ""7ec805d492f4501b20e63ceb4b9dd26e9bae41a8f51836e2495dced84e851b2d"", ""pages"": [93], ""received"": ""2012-02-27"", ""url"": ""https://www.rad.cvm.gov.br/ENET/frmGerenciaPaginaFRE.aspx?CodigoTipoInstituicao=1&NumeroSequencialDocumento=14549""}, {""docid"": ""44245"", ""group"": 412, ""original"": ""review_originals/cvm_44245_g412.pdf.gz"", ""original_sha256"": ""9ba75c587f465ed554ff1a6a158b306a5dff53a320d4cf160eebbd28a49b9d1c"", ""pages"": [34, 69, 70, 80], ""received"": ""2015-02-25"", ""url"": ""https://www.rad.cvm.gov.br/ENET/frmGerenciaPaginaFRE.aspx?CodigoTipoInstituicao=1&NumeroSequencialDocumento=44245""}, {""docid"": ""44245"", ""group"": 1653, ""original"": ""review_originals/cvm_44245_g1653.pdf.gz"", ""original_sha256"": ""c6ffc15145b124f4265e329a0f90edadaf5eb1b3e9b088109437ba5ba2f2ac49"", ""pages"": [2, 4, 12], ""received"": ""2015-02-25"", ""url"": ""https://www.rad.cvm.gov.br/ENET/frmGerenciaPaginaFRE.aspx?CodigoTipoInstituicao=1&NumeroSequencialDocumento=44245""}, {""docid"": ""46369"", ""group"": 193, ""original"": ""review_originals/cvm_46369_g193.pdf.gz"", ""original_sha256"": ""2730891e5f2b61c205b978cb322b1887d3ef8e99501316ff899508f4a840dfe0"", ""pages"": [27], ""received"": ""2015-05-05"", ""url"": ""https://www.rad.cvm.gov.br/ENET/frmGerenciaPaginaFRE.aspx?CodigoTipoInstituicao=1&NumeroSequencialDocumento=46369""}, {""docid"": ""46369"", ""group"": 192, ""original"": ""review_originals/cvm_46369_g192.pdf.gz"", ""original_sha256"": ""a336b165257c0941679624c7bc56336e03fe8a7b5c9d354ba28f3d3d4e614e44"", ""pages"": [1, 7, 10, 14], ""received"": ""2015-05-05"", ""url"": ""https://www.rad.cvm.gov.br/ENET/frmGerenciaPaginaFRE.aspx?CodigoTipoInstituicao=1&NumeroSequencialDocumento=46369""}, {""docid"": ""44245"", ""group"": 1653, ""original"": ""review_originals/cvm_44245_g1653.pdf.gz"", ""original_sha256"": ""c6ffc15145b124f4265e329a0f90edadaf5eb1b3e9b088109437ba5ba2f2ac49"", ""pages"": [4], ""received"": ""2015-02-25"", ""url"": ""https://www.rad.cvm.gov.br/ENET/frmGerenciaPaginaFRE.aspx?CodigoTipoInstituicao=1&NumeroSequencialDocumento=44245""}, {""docid"": ""14549"", ""group"": 412, ""original"": ""review_originals/cvm_14549_g412.pdf.gz"", ""original_sha256"": ""7ec805d492f4501b20e63ceb4b9dd26e9bae41a8f51836e2495dced84e851b2d"", ""pages"": [62], ""received"": ""2012-02-27"", ""url"": ""https://www.rad.cvm.gov.br/ENET/frmGerenciaPaginaFRE.aspx?CodigoTipoInstituicao=1&NumeroSequencialDocumento=14549""}]",Pendente pode abrir compra; reprovação necessária exige correção da prova para mudar.
2015,TIMP3,Telecom,PONTO_CERTIFICADO,15.218967944015612,,,REJECTED_REINVESTMENT,,ND_FALTA_PROVA,,ND_FALTA_PROVA,0.11518797409334317,ROIC_NOPAT_AVERAGE_EQUITY_PLUS_INTEREST_DEBT_LESS_CASH,0.1447308920857892,FAIL_NECESSARIO,,ND_FALTA_PROVA,FAIL_NECESSARIO_DOCUMENTADO,"Ajustecrédito2010 preservado; a mediana2010–14 geraP/L15,21897. ROICmediano2012–14 calculado sobrecapitalconsolidado comleasingfica11,5188%, abaixoIPCA12mconhecido8,4731%+6pp. Reprova requisito necessário do prêmio; LPAdiluído e retenção pendentes não são presumidosaprovados.","[{""docid"": ""14958"", ""group"": 412, ""original"": ""review_originals/cvm_14958_g412.pdf.gz"", ""original_sha256"": ""7f5c39f46c0002a3521a22578ce0b10964002927819461290456874be7c765ed"", ""pages"": [60, 61], ""received"": ""2012-03-13"", ""url"": ""https://www.rad.cvm.gov.br/ENET/frmGerenciaPaginaFRE.aspx?CodigoTipoInstituicao=1&NumeroSequencialDocumento=14958""}, {""docid"": ""34545"", ""group"": 412, ""original"": ""review_originals/cvm_34545_g412.pdf.gz"", ""original_sha256"": ""156496399624cf2801d00a75d761378e5be1842d613d92d01fc66e648b81a95f"", ""pages"": [3, 4, 28, 29, 66], ""received"": ""2014-02-13"", ""url"": ""https://www.rad.cvm.gov.br/ENET/frmGerenciaPaginaFRE.aspx?CodigoTipoInstituicao=1&NumeroSequencialDocumento=34545""}, {""docid"": ""24104"", ""group"": 412, ""original"": ""review_originals/cvm_24104_g412.pdf.gz"", ""original_sha256"": ""6b0388c43518ec839f098470499a8090a960e17098fd7a229b439d3b7e2e4f7b"", ""pages"": [72], ""received"": ""2013-02-06"", ""url"": ""https://www.rad.cvm.gov.br/ENET/frmGerenciaPaginaFRE.aspx?CodigoTipoInstituicao=1&NumeroSequencialDocumento=24104""}, {""docid"": ""44085"", ""group"": 1653, ""original"": ""review_originals/cvm_44085_g1653.pdf.gz"", ""original_sha256"": ""2b39adecf041f47b6b424a2b649d4047f4584b2c1fca81e73a243e5ed6447264"", ""pages"": [30, 31, 35, 38], ""received"": ""2015-02-13"", ""url"": ""https://www.rad.cvm.gov.br/ENET/frmGerenciaPaginaFRE.aspx?CodigoTipoInstituicao=1&NumeroSequencialDocumento=44085""}, {""docid"": ""44085"", ""group"": 412, ""original"": ""review_originals/cvm_44085_g412.pdf.gz"", ""original_sha256"": ""1da4f1ebfe69c262efd1015e06f40d9014166350f8246a1fec8b0ee17d8d74db"", ""pages"": [28, 29, 30, 31, 33, 62, 68], ""received"": ""2015-02-13"", ""url"": ""https://www.rad.cvm.gov.br/ENET/frmGerenciaPaginaFRE.aspx?CodigoTipoInstituicao=1&NumeroSequencialDocumento=44085""}, {""docid"": ""46431"", ""group"": 193, ""original"": ""review_originals/cvm_46431_g193.pdf.gz"", ""original_sha256"": ""38e2e22b37fb04fc202fc934b31e9dc17080c3e54e8191c1936896cd4b8e6a54"", ""pages"": [1, 2, 3], ""received"": ""2015-05-05"", ""url"": ""https://www.rad.cvm.gov.br/ENET/frmGerenciaPaginaFRE.aspx?CodigoTipoInstituicao=1&NumeroSequencialDocumento=46431""}]",Pendente pode abrir compra; reprovação necessária exige correção da prova para mudar.
2016,CPFE3,Energia,INTERVALO_CERTIFICADO,,"{""lower"": 9.704719149027941, ""upper"": 18.245959497209842}",18.245959497209842,INDETERMINATE,,ND_FALTA_PROVA,,ND_FALTA_PROVA,,ROIC_ND,0.1532170226241149,ND_FALTA_PROVA,,ND_FALTA_PROVA,ND_NAO_ZERO_ECONOMICO,"Janela2011–15 preserva três observações históricas já revistas;2014/15 permanecem ilimitados por CVA, associação DESA e novas reestimativas. Só admite canal maduro se o limite superior do P/L couber em15. Não transporta métricas antigas de reinvestimento para a nova janela.","[{""docid"": ""35644"", ""group"": 412, ""original"": ""review_originals/cvm_35644_g412.pdf.gz"", ""original_sha256"": ""8f78ff24b180ade42bbdd18d089463a822e2a7cc0bf80aa04cb447ccd824766c"", ""pages"": [10, 13, 14, 16], ""received"": ""2014-03-27"", ""url"": ""https://www.rad.cvm.gov.br/ENET/frmGerenciaPaginaFRE.aspx?CodigoTipoInstituicao=1&NumeroSequencialDocumento=35644""}, {""docid"": ""35644"", ""group"": 1653, ""original"": ""review_originals/cvm_35644_g1653.pdf.gz"", ""original_sha256"": ""8a6004391a91c864403d8d70e9065fe649136be8479fa1b3d075e457f07690f9"", ""pages"": [9, 10, 11], ""received"": ""2014-03-27"", ""url"": ""https://www.rad.cvm.gov.br/ENET/frmGerenciaPaginaFRE.aspx?CodigoTipoInstituicao=1&NumeroSequencialDocumento=35644""}, {""docid"": ""45342"", ""group"": 1653, ""original"": ""review_originals/cvm_45342_g1653.pdf.gz"", ""original_sha256"": ""2b4916124da161fa42a81cf325fd844ad0a1cf6d6d66bff2ca1d9b526fec1635"", ""pages"": [1, 2, 10, 11, 12, 13, 14], ""received"": ""2015-03-26"", ""url"": ""https://www.rad.cvm.gov.br/ENET/frmGerenciaPaginaFRE.aspx?CodigoTipoInstituicao=1&NumeroSequencialDocumento=45342""}, {""docid"": ""46746"", ""group"": 192, ""original"": ""review_originals/cvm_46746_g192.pdf.gz"", ""original_sha256"": ""6774447dd3a52735cc23714b76bfe21470b043b4f1ff9be3c04c5c410cbac231"", ""pages"": [1, 5, 6], ""received"": ""2015-05-08"", ""url"": ""https://www.rad.cvm.gov.br/ENET/frmGerenciaPaginaFRE.aspx?CodigoTipoInstituicao=1&NumeroSequencialDocumento=46746""}, {""docid"": ""54212"", ""group"": 1653, ""original"": ""review_originals/cvm_54212_g1653.pdf.gz"", ""original_sha256"": ""09824d5f809a34c0bf8ae77180a00d131bdbc39239c8d9cbeb19dc21f6c0d4e6"", ""pages"": [14, 15, 16], ""received"": ""2016-03-21"", ""url"": ""https://www.rad.cvm.gov.br/ENET/frmGerenciaPaginaFRE.aspx?CodigoTipoInstituicao=1&NumeroSequencialDocumento=54212""}, {""docid"": ""56240"", ""group"": 192, ""original"": ""review_originals/cvm_56240_g192.pdf.gz"", ""original_sha256"": ""69da8f773ba84ec58c344ea9421d260b6f832ce2ced7bfe1ecce3c51b9479acc"", ""pages"": [1, 6, 7], ""received"": ""2016-05-12"", ""url"": ""https://www.rad.cvm.gov.br/ENET/frmGerenciaPaginaFRE.aspx?CodigoTipoInstituicao=1&NumeroSequencialDocumento=56240""}]",Completar prova pode admitir premium; intervalos que cruzam15 podem admitir via madura; incumbência não exige nova aprovação.
2017,CPFE3,Energia,PL_SOMENTE_MECANICO,23.830416255338257,,,INDETERMINATE,,ND_FALTA_PROVA,,ND_FALTA_PROVA,,ROIC_ND,0.0959712913379524,ND_FALTA_PROVA,,ND_FALTA_PROVA,ND_NAO_ZERO_ECONOMICO,"AquisiçãoRGE Sul em2016 e associaçãoDESA/CVA anteriores exigem normalização do perímetro da janela2012–16; sobra de somente dois pisos antigos não certifica mediana. Não tratar P/Lmecânico23,83 como prêmio comprovado, nem vender incumbente pela incerteza.","[{""docid"": ""35644"", ""group"": 412, ""original"": ""review_originals/cvm_35644_g412.pdf.gz"", ""original_sha256"": ""8f78ff24b180ade42bbdd18d089463a822e2a7cc0bf80aa04cb447ccd824766c"", ""pages"": [10, 13, 14, 16], ""received"": ""2014-03-27"", ""url"": ""https://www.rad.cvm.gov.br/ENET/frmGerenciaPaginaFRE.aspx?CodigoTipoInstituicao=1&NumeroSequencialDocumento=35644""}, {""docid"": ""35644"", ""group"": 1653, ""original"": ""review_originals/cvm_35644_g1653.pdf.gz"", ""original_sha256"": ""8a6004391a91c864403d8d70e9065fe649136be8479fa1b3d075e457f07690f9"", ""pages"": [9, 10, 11], ""received"": ""2014-03-27"", ""url"": ""https://www.rad.cvm.gov.br/ENET/frmGerenciaPaginaFRE.aspx?CodigoTipoInstituicao=1&NumeroSequencialDocumento=35644""}, {""docid"": ""45342"", ""group"": 1653, ""original"": ""review_originals/cvm_45342_g1653.pdf.gz"", ""original_sha256"": ""2b4916124da161fa42a81cf325fd844ad0a1cf6d6d66bff2ca1d9b526fec1635"", ""pages"": [1, 2, 10, 11, 12, 13, 14], ""received"": ""2015-03-26"", ""url"": ""https://www.rad.cvm.gov.br/ENET/frmGerenciaPaginaFRE.aspx?CodigoTipoInstituicao=1&NumeroSequencialDocumento=45342""}, {""docid"": ""46746"", ""group"": 192, ""original"": ""review_originals/cvm_46746_g192.pdf.gz"", ""original_sha256"": ""6774447dd3a52735cc23714b76bfe21470b043b4f1ff9be3c04c5c410cbac231"", ""pages"": [1, 5, 6], ""received"": ""2015-05-08"", ""url"": ""https://www.rad.cvm.gov.br/ENET/frmGerenciaPaginaFRE.aspx?CodigoTipoInstituicao=1&NumeroSequencialDocumento=46746""}, {""docid"": ""54212"", ""group"": 1653, ""original"": ""review_originals/cvm_54212_g1653.pdf.gz"", ""original_sha256"": ""09824d5f809a34c0bf8ae77180a00d131bdbc39239c8d9cbeb19dc21f6c0d4e6"", ""pages"": [14, 15, 16], ""received"": ""2016-03-21"", ""url"": ""https://www.rad.cvm.gov.br/ENET/frmGerenciaPaginaFRE.aspx?CodigoTipoInstituicao=1&NumeroSequencialDocumento=54212""}, {""docid"": ""56240"", ""group"": 192, ""original"": ""review_originals/cvm_56240_g192.pdf.gz"", ""original_sha256"": ""69da8f773ba84ec58c344ea9421d260b6f832ce2ced7bfe1ecce3c51b9479acc"", ""pages"": [1, 6, 7], ""received"": ""2016-05-12"", ""url"": ""https://www.rad.cvm.gov.br/ENET/frmGerenciaPaginaFRE.aspx?CodigoTipoInstituicao=1&NumeroSequencialDocumento=56240""}, {""docid"": ""65277"", ""group"": 192, ""original"": ""review_originals/cvm_65277_g192.pdf.gz"", ""original_sha256"": ""6f534ba961cc91ae463a01684ded65cf1b649d0e920f2b3163a81dfc9989552f"", ""pages"": [1], ""received"": ""2017-05-11"", ""url"": ""https://www.rad.cvm.gov.br/ENET/frmGerenciaPaginaFRE.aspx?CodigoTipoInstituicao=1&NumeroSequencialDocumento=65277""}, {""docid"": ""65277"", ""group"": 193, ""original"": ""review_originals/cvm_65277_g193.pdf.gz"", ""original_sha256"": ""ccfd96c4902774caef312039b065f8b8fc9d25760b4a555f034272641107f32d"", ""pages"": [40, 45, 54], ""received"": ""2017-05-11"", ""url"": ""https://www.rad.cvm.gov.br/ENET/frmGerenciaPaginaFRE.aspx?CodigoTipoInstituicao=1&NumeroSequencialDocumento=65277""}]",Completar prova pode admitir premium; intervalos que cruzam15 podem admitir via madura; incumbência não exige nova aprovação.
2017,TRPL4,Energia,PL_SOMENTE_MECANICO,18.827732613369232,,,INDETERMINATE,,ND_FALTA_PROVA,0.5031864155,PASS_MECANICO_RETENCAO_RECURRENCIA_A_VERIFICAR,,ROIC_ND,0.0959712913379524,ND_FALTA_PROVA,,ND_FALTA_PROVA,ND_NAO_ZERO_ECONOMICO,"PreçoON próprio agora permite capitalização10.237,587mi, resolvendo a lacuna de classe. Persistem resetRAP e ganhoRBSE2016: ativoLei12783 aumenta sem cinco anos no novo regime. P/Lbruto18,8277 não é prêmio de reinvestimento aprovado; requer normalização de ganho e retorno do novo ativo, não média de ROE.","[{""docid"": ""34923"", ""group"": 1653, ""original"": ""review_originals/cvm_34923_g1653.pdf.gz"", ""original_sha256"": ""89384fd266ee7b019c2f8ee10c12de92b02c1dde05aaf66fe6f4b6b079674b2b"", ""pages"": [1, 2, 5], ""received"": ""2014-02-27"", ""url"": ""https://www.rad.cvm.gov.br/ENET/frmGerenciaPaginaFRE.aspx?CodigoTipoInstituicao=1&NumeroSequencialDocumento=34923""}, {""docid"": ""44330"", ""group"": 1653, ""original"": ""review_originals/cvm_44330_g1653.pdf.gz"", ""original_sha256"": ""a8f89732cc473c1727a82fbf1be829dc3168c5f0a51371a6ba68efcd196e2601"", ""pages"": [1, 2, 3], ""received"": ""2015-02-26"", ""url"": ""https://www.rad.cvm.gov.br/ENET/frmGerenciaPaginaFRE.aspx?CodigoTipoInstituicao=1&NumeroSequencialDocumento=44330""}, {""docid"": ""46226"", ""group"": 192, ""original"": ""review_originals/cvm_46226_g192.pdf.gz"", ""original_sha256"": ""5928464dd6fa57deb46ff253453e09f9dffb9feb592530fb768e0bc3d276b9cb"", ""pages"": [1, 2], ""received"": ""2015-04-29"", ""url"": ""https://www.rad.cvm.gov.br/ENET/frmGerenciaPaginaFRE.aspx?CodigoTipoInstituicao=1&NumeroSequencialDocumento=46226""}, {""docid"": ""55192"", ""group"": 1653, ""original"": ""review_originals/cvm_55192_g1653.pdf.gz"", ""original_sha256"": ""20cb76bb0272d8a0ffd62653a9a89be54840b3a3b46491d88556d82e47763a9f"", ""pages"": [1, 2, 3], ""received"": ""2016-04-20"", ""url"": ""https://www.rad.cvm.gov.br/ENET/frmGerenciaPaginaFRE.aspx?CodigoTipoInstituicao=1&NumeroSequencialDocumento=55192""}, {""docid"": ""55344"", ""group"": 192, ""original"": ""review_originals/cvm_55344_g192.pdf.gz"", ""original_sha256"": ""d3db7261b25f61d6dc25485d8fd771236da8fab5273845d37de9e74e774d5e19"", ""pages"": [1, 2], ""received"": ""2016-04-28"", ""url"": ""https://www.rad.cvm.gov.br/ENET/frmGerenciaPaginaFRE.aspx?CodigoTipoInstituicao=1&NumeroSequencialDocumento=55344""}, {""docid"": ""62762"", ""group"": 412, ""original"": ""review_originals/cvm_62762_g412.pdf.gz"", ""original_sha256"": ""df3653ed3e888ccb5f82f35f5f4e13814686eb6825ba62f27a3dbab30adac4ac"", ""pages"": [20, 21, 22, 53, 54], ""received"": ""2017-02-23"", ""url"": ""https://www.rad.cvm.gov.br/ENET/frmGerenciaPaginaFRE.aspx?CodigoTipoInstituicao=1&NumeroSequencialDocumento=62762""}, {""docid"": ""64472"", ""group"": 192, ""original"": ""review_originals/cvm_64472_g192.pdf.gz"", ""original_sha256"": ""56f674af5e701ecf3ae2ec5c0b8b7fa98be9a227344bd62f1186a0ee5ac6fc63"", ""pages"": [1, 2, 3], ""received"": ""2017-04-27"", ""url"": ""https://www.rad.cvm.gov.br/ENET/frmGerenciaPaginaFRE.aspx?CodigoTipoInstituicao=1&NumeroSequencialDocumento=64472""}]",Completar prova pode admitir premium; intervalos que cruzam15 podem admitir via madura; incumbência não exige nova aprovação.
2017,VIVT4,Telecom,PL_SOMENTE_MECANICO,15.055650662580815,,,INDETERMINATE,,ND_FALTA_PROVA,,ND_FALTA_PROVA,,ROIC_ND,0.0959712913379524,ND_FALTA_PROVA,,ND_FALTA_PROVA,ND_NAO_ZERO_ECONOMICO,"GVT2015+torres2016 continuam sem ponte completa de lucro normalizado/PPA, ações e arrendamento. P/Lbruto15,0557 está perto dafronteira, mas não certifica canal maduro nem o prêmio15–25; não preenche medidas de crescimento/ROIC por suposição.","[{""docid"": ""14351"", ""group"": 412, ""original"": ""review_originals/cvm_14351_g412.pdf.gz"", ""original_sha256"": ""551368eaf8092977e5bc3663a04dcfeadb50b1e6563bbf8ffa6fa7cdbf3211fe"", ""pages"": [7, 8, 10, 11], ""received"": ""2012-02-16"", ""url"": ""https://www.rad.cvm.gov.br/ENET/frmGerenciaPaginaFRE.aspx?CodigoTipoInstituicao=1&NumeroSequencialDocumento=14351""}, {""docid"": ""24426"", ""group"": 412, ""original"": ""review_originals/cvm_24426_g412.pdf.gz"", ""original_sha256"": ""60e16a67cda138073f076ee0c4183fc5876eb4ab2a6843bb9c82088177adecfd"", ""pages"": [39], ""received"": ""2013-02-25"", ""url"": ""https://www.rad.cvm.gov.br/ENET/frmGerenciaPaginaFRE.aspx?CodigoTipoInstituicao=1&NumeroSequencialDocumento=24426""}, {""docid"": ""34836"", ""group"": 1653, ""original"": ""review_originals/cvm_34836_g1653.pdf.gz"", ""original_sha256"": ""146652fb3de9da8a27be1544ae3a308dc1dbb269f1e31f8baa7edc04d32942c8"", ""pages"": [29], ""received"": ""2014-02-26"", ""url"": ""https://www.rad.cvm.gov.br/ENET/frmGerenciaPaginaFRE.aspx?CodigoTipoInstituicao=1&NumeroSequencialDocumento=34836""}, {""docid"": ""34836"", ""group"": 412, ""original"": ""review_originals/cvm_34836_g412.pdf.gz"", ""original_sha256"": ""43c94ec1306887bafb2557953e833b83e14252030e7596657d65321cefac89dd"", ""pages"": [1, 2], ""received"": ""2014-02-26"", ""url"": ""https://www.rad.cvm.gov.br/ENET/frmGerenciaPaginaFRE.aspx?CodigoTipoInstituicao=1&NumeroSequencialDocumento=34836""}, {""docid"": ""44240"", ""group"": 1653, ""original"": ""review_originals/cvm_44240_g1653.pdf.gz"", ""original_sha256"": ""2a3c6d1905e55db4520f2539cb152ea060d3e2bdaf16187668998c4a064db74f"", ""pages"": [1, 7, 13, 28, 32, 33], ""received"": ""2015-02-24"", ""url"": ""https://www.rad.cvm.gov.br/ENET/frmGerenciaPaginaFRE.aspx?CodigoTipoInstituicao=1&NumeroSequencialDocumento=44240""}, {""docid"": ""47022"", ""group"": 193, ""original"": ""review_originals/cvm_47022_g193.pdf.gz"", ""original_sha256"": ""4f5093c7da04fe6263e5364352c0e69e190ec998d15c302499e1b75a9cb61122"", ""pages"": [2, 3, 4, 5, 49, 51, 58], ""received"": ""2015-05-13"", ""url"": ""https://www.rad.cvm.gov.br/ENET/frmGerenciaPaginaFRE.aspx?CodigoTipoInstituicao=1&NumeroSequencialDocumento=47022""}, {""docid"": ""47022"", ""group"": 192, ""original"": ""review_originals/cvm_47022_g192.pdf.gz"", ""original_sha256"": ""984cd492a29b7b9116e5075a1e6403ca27a3dfb6e56dd401fff9438dd98647c6"", ""pages"": [4, 5], ""received"": ""2015-05-13"", ""url"": ""https://www.rad.cvm.gov.br/ENET/frmGerenciaPaginaFRE.aspx?CodigoTipoInstituicao=1&NumeroSequencialDocumento=47022""}, {""docid"": ""47022"", ""group"": 193, ""original"": ""review_originals/cvm_47022_g193.pdf.gz"", ""original_sha256"": ""4f5093c7da04fe6263e5364352c0e69e190ec998d15c302499e1b75a9cb61122"", ""pages"": [2, 3, 59, 61], ""received"": ""2015-05-13"", ""url"": ""https://www.rad.cvm.gov.br/ENET/frmGerenciaPaginaFRE.aspx?CodigoTipoInstituicao=1&NumeroSequencialDocumento=47022""}, {""docid"": ""53605"", ""group"": 412, ""original"": ""review_originals/cvm_53605_g412.pdf.gz"", ""original_sha256"": ""d34cc253cfad92d82db42ef143270819328c5b11ea1c316266d8bdfda7c47bc8"", ""pages"": [29, 30, 31, 32, 69, 71], ""received"": ""2016-02-24"", ""url"": ""https://www.rad.cvm.gov.br/ENET/frmGerenciaPaginaFRE.aspx?CodigoTipoInstituicao=1&NumeroSequencialDocumento=53605""}, {""docid"": ""55319"", ""group"": 192, ""original"": ""review_originals/cvm_55319_g192.pdf.gz"", ""original_sha256"": ""ecd2fcdc040d5f03ab3b97c82bd7a131f4037ea004d765db100eb5306130d6bc"", ""pages"": [1, 2, 3, 4, 5], ""received"": ""2016-04-27"", ""url"": ""https://www.rad.cvm.gov.br/ENET/frmGerenciaPaginaFRE.aspx?CodigoTipoInstituicao=1&NumeroSequencialDocumento=55319""}, {""docid"": ""62682"", ""group"": 412, ""original"": ""review_originals/cvm_62682_g412.pdf.gz"", ""original_sha256"": ""54c92823b6300af2468eba9b9dee17c0d343e1771b825037382dde041a8ccd6e"", ""pages"": [4, 61, 74], ""received"": ""2017-02-21"", ""url"": ""https://www.rad.cvm.gov.br/ENETCONSULTA/frmDownloadDocumento.aspx?CodigoInstituicao=1&NumeroSequencialDocumento=62682""}, {""docid"": ""64949"", ""group"": 192, ""original"": ""review_originals/cvm_64949_g192.pdf.gz"", ""original_sha256"": ""efe680e6e400e16b0ab2a713def60a59330418954cd817ffa32ec5fdd73eff2c"", ""pages"": [1, 2, 3, 4, 5], ""received"": ""2017-05-09"", ""url"": ""https://www.rad.cvm.gov.br/ENETCONSULTA/frmDownloadDocumento.aspx?CodigoInstituicao=1&NumeroSequencialDocumento=64949""}]",Completar prova pode admitir premium; intervalos que cruzam15 podem admitir via madura; incumbência não exige nova aprovação.
2018,CPFE3,Energia,PL_SOMENTE_MECANICO,18.9389495727793,,,INDETERMINATE,,ND_FALTA_PROVA,,ND_FALTA_PROVA,,ROIC_ND,0.08854885322256528,ND_FALTA_PROVA,,ND_FALTA_PROVA,ND_NAO_ZERO_ECONOMICO,"Janela2013–17 contém RGE Sul, PPA e benefício fiscal da incorporação em2017. Não transporta dois pisos históricos para certificar toda a mediana ou prêmio15–25. Não há nova compra; incumbente preservada pela B2.","[{""docid"": ""74756"", ""group"": 192, ""original"": ""review_originals/cvm_74756_g192.pdf.gz"", ""original_sha256"": ""3d71a10a5cf1fb9d5d985654c0dba0046f8fbad641b81f262ac61f135d39d3d0"", ""pages"": [1], ""received"": ""2018-05-15"", ""url"": ""https://www.rad.cvm.gov.br/ENETCONSULTA/frmDownloadDocumento.aspx?CodigoInstituicao=1&NumeroSequencialDocumento=74756""}, {""docid"": ""74756"", ""group"": 193, ""original"": ""review_originals/cvm_74756_g193.pdf.gz"", ""original_sha256"": ""41d29356d69ec816c2fe15d6e53eaf4d5012d2704b4dd3bb3c54a6231385cb0a"", ""pages"": [10, 23, 31, 46, 54], ""received"": ""2018-05-15"", ""url"": ""https://www.rad.cvm.gov.br/ENETCONSULTA/frmDownloadDocumento.aspx?CodigoInstituicao=1&NumeroSequencialDocumento=74756""}]",Completar prova pode admitir premium; intervalos que cruzam15 podem admitir via madura; incumbência não exige nova aprovação.
2018,TIMP3,Telecom,PL_SOMENTE_MECANICO,16.81595844911209,,,INDETERMINATE,,ND_FALTA_PROVA,,ND_FALTA_PROVA,,ROIC_ND,0.08854885322256528,ND_FALTA_PROVA,,ND_FALTA_PROVA,ND_NAO_ZERO_ECONOMICO,"Faixa mecânica16,82 exige prova cumulativa de reinvestimento. Correção de recargas2013/14, ganhos de torres e custo de leasing continuam sem ponte completa da janela2013–17. Não reaproveita ROIC2015 nem aprova pelo crescimento do1T18.","[{""docid"": ""73992"", ""group"": 192, ""original"": ""review_originals/cvm_73992_g192.pdf.gz"", ""original_sha256"": ""97ef8db42212ff70343886f541c8f379c8b4daacbd9a71c23c48a8565ec88ea2"", ""pages"": [1, 2, 3, 7, 8, 9], ""received"": ""2018-05-08"", ""url"": ""https://www.rad.cvm.gov.br/ENETCONSULTA/frmDownloadDocumento.aspx?CodigoInstituicao=1&NumeroSequencialDocumento=73992""}]",Completar prova pode admitir premium; intervalos que cruzam15 podem admitir via madura; incumbência não exige nova aprovação.
2018,VIVT4,Telecom,PL_SOMENTE_MECANICO,16.12791325154251,,,INDETERMINATE,,ND_FALTA_PROVA,,ND_FALTA_PROVA,,ROIC_ND,0.08854885322256528,ND_FALTA_PROVA,,ND_FALTA_PROVA,ND_NAO_ZERO_ECONOMICO,"Faixa mecânica16,13 não certifica prêmio: janela2013–17 inclui GVT e alienações de torres com custos de PPA/arrendamento. Sem medidas cumulativas atuais de LPA real, retenção e retorno econômico comprovadas, permanece ND específico.","[{""docid"": ""73479"", ""group"": 192, ""original"": ""review_originals/cvm_73479_g192.pdf.gz"", ""original_sha256"": ""3c88a6f35a42db31946d0a346bdf3a87992daed14d0b6b449c1aaec8173f22da"", ""pages"": [1, 2, 3, 4, 5], ""received"": ""2018-04-25"", ""url"": ""https://www.rad.cvm.gov.br/ENET/frmGerenciaPaginaFRE.aspx?CodigoTipoInstituicao=1&NumeroSequencialDocumento=73479""}]",Completar prova pode admitir premium; intervalos que cruzam15 podem admitir via madura; incumbência não exige nova aprovação.
2019,EQTL3,Energia,PL_SOMENTE_MECANICO,19.741599929146975,,,INDETERMINATE,,ND_FALTA_PROVA,,ND_FALTA_PROVA,,ROIC_ND,0.10658364877439047,ND_FALTA_PROVA,,ND_FALTA_PROVA,ND_NAO_ZERO_ECONOMICO,"P/L mecânico de 19,742 demanda os critérios cumulativos de reinvestimento. Lucro atribuível de 2018 de R$917,935 milhões, CPC47/IFRS15 de R$109,659 milhões no lucro consolidado e aquisições CEPISA/Intesa/CEAL impedem certificar CAGR pelo lucro agregado. A ponte atual não comprova LPA real de 4%, retenção e ROIC mínimo de 10,6584%. Isso não constitui reprovação do negócio.","[{""docid"": ""82190"", ""group"": 412, ""original"": ""review_originals/cvm_82190_g412.pdf.gz"", ""original_sha256"": ""66ab75f6ffc4b38d46ddbe59f325687490d99f13e8dc2714e8197e162daf9c65"", ""pages"": [34, 35, 36], ""received"": ""2019-04-12"", ""url"": ""https://www.rad.cvm.gov.br/ENETCONSULTA/frmDownloadDocumento.aspx?CodigoInstituicao=1&NumeroSequencialDocumento=82190""}, {""docid"": ""83515"", ""group"": 192, ""original"": ""review_originals/cvm_83515_g192.pdf.gz"", ""original_sha256"": ""04aa315cbaf1761771ba7bfd9997664887a00295a05b9cc174ef482fc3c170e8"", ""pages"": [1, 3, 4, 5, 6, 7], ""received"": ""2019-05-15"", ""url"": ""https://www.rad.cvm.gov.br/ENET/frmGerenciaPaginaFRE.aspx?CodigoTipoInstituicao=1&NumeroSequencialDocumento=83515""}]",Completar prova pode admitir premium; intervalos que cruzam15 podem admitir via madura; incumbência não exige nova aprovação.
2019,TBLE3,Energia,PL_SOMENTE_MECANICO,19.97912656948491,,,INDETERMINATE,,ND_FALTA_PROVA,,ND_FALTA_PROVA,,ROIC_ND,0.10658364877439047,ND_FALTA_PROVA,,ND_FALTA_PROVA,ND_NAO_ZERO_ECONOMICO,"P/L bruto de 19,979 exige comprovação de reinvestimento produtivo. TAG, fora dos cinco anos históricos e com financiamento material, Jaguara/Miranda e nova geração requerem ponte própria. Não antecipa contribuição projetada para 2021 nem concede prêmio por expectativa. Incumbente preservada.","[{""docid"": ""82911"", ""group"": 192, ""original"": ""review_originals/cvm_82911_g192.pdf.gz"", ""original_sha256"": ""7a69239b85e309aa4534029c1a659eb89802d1666500bca122d6ebf6992ccb31"", ""pages"": [1, 2, 3, 4], ""received"": ""2019-05-08"", ""url"": ""https://www.rad.cvm.gov.br/ENETCONSULTA/frmDownloadDocumento.aspx?CodigoInstituicao=1&NumeroSequencialDocumento=82911""}, {""docid"": ""82911"", ""group"": 193, ""original"": ""review_originals/cvm_82911_g193.pdf.gz"", ""original_sha256"": ""40dd6a3463a9ec06c6636c1de080a8c52c3e6a94f3ccdd60dfb41cffc9478a3a"", ""pages"": [18, 19, 20, 21, 36], ""received"": ""2019-05-08"", ""url"": ""https://www.rad.cvm.gov.br/ENETCONSULTA/frmDownloadDocumento.aspx?CodigoInstituicao=1&NumeroSequencialDocumento=82911""}, {""docid"": ""engie_tag_20190624"", ""group"": 0, ""original"": ""review_originals/engie_tag_20190624.pdf.gz"", ""original_sha256"": ""69d09345b4f01724f457a86579cc87bb5b6ddfc5171953e16749b5fbe0250efa"", ""pages"": [1, 2, 3, 4], ""received"": ""2019-06-24"", ""url"": ""https://www.engie.com/sites/default/files/assets/documents/2020-03/engie-24-06-2019-tag-acquisition-financial-impacts-transcript.pdf""}]",Completar prova pode admitir premium; intervalos que cruzam15 podem admitir via madura; incumbência não exige nova aprovação.
2019,VIVT4,Telecom,PL_SOMENTE_MECANICO,16.372096589598506,,,INDETERMINATE,,ND_FALTA_PROVA,,ND_FALTA_PROVA,,ROIC_ND,0.10658364877439047,ND_FALTA_PROVA,,ND_FALTA_PROVA,ND_NAO_ZERO_ECONOMICO,"P/L bruto de 16,372 usa lucro de 2018 de R$8,928258 bilhões contendo crédito PIS/COFINS com principal de R$3,386433 bilhões e atualização de R$2,926247 bilhões. Ganho fiscal histórico não demonstra reinvestimento produtivo. GVT, diluição e arrendamento são materiais. Não concede a faixa 15–25 sem LPA real normalizado de 4%, retenção e ROIC atuais comprovados.","[{""docid"": ""80760"", ""group"": 412, ""original"": ""review_originals/cvm_80760_g412.pdf.gz"", ""original_sha256"": ""9a78ac806d9bf8a158e4ef990636a41b4c8b721ffbce8b1dc1da9f6d6d0459ca"", ""pages"": [20, 48, 54, 55, 60, 61], ""received"": ""2019-02-20"", ""url"": ""https://www.rad.cvm.gov.br/ENET/frmGerenciaPaginaFRE.aspx?CodigoTipoInstituicao=1&NumeroSequencialDocumento=80760""}, {""docid"": ""82963"", ""group"": 192, ""original"": ""review_originals/cvm_82963_g192.pdf.gz"", ""original_sha256"": ""eef855437f5ffbea6f5dde5c4417bde779976a98b197c598bc9887cf6f2bc756"", ""pages"": [1, 2, 3, 4], ""received"": ""2019-05-09"", ""url"": ""https://www.rad.cvm.gov.br/ENET/frmGerenciaPaginaFRE.aspx?CodigoTipoInstituicao=1&NumeroSequencialDocumento=82963""}]",Completar prova pode admitir premium; intervalos que cruzam15 podem admitir via madura; incumbência não exige nova aprovação.
2020,TBLE3,Energia,PL_SOMENTE_MECANICO,15.866612891977622,,,INDETERMINATE,,ND_FALTA_PROVA,0.71,PASS_MECANICO_RETENCAO_RECURRENCIA_A_VERIFICAR,,ROIC_ND,0.07877487740277783,ND_FALTA_PROVA,,ND_FALTA_PROVA,ND_NAO_ZERO_ECONOMICO,"P/Lmecânico15,8666 exigiria canal de reinvestimento; janela2015–19 cruza outorgas eTAG com financiamento/maisvalia. Não substituir lucro comparável porEBITDA nem CAGRdaempresa porLPAreal. Canal≤25 não certificado; posição antiga preservada.","[{""docid"": ""94237"", ""group"": 192, ""original"": ""review_originals/cvm_94237_g192.pdf.gz"", ""original_sha256"": ""23f7b3e1a1c12d7a44ea43c0eb93213bbc04d27cc36ee3070a4bfbf9bff93e82"", ""pages"": [2, 3, 4, 9, 10, 11], ""received"": ""2020-06-24"", ""url"": ""https://www.rad.cvm.gov.br/ENETCONSULTA/frmDownloadDocumento.aspx?CodigoInstituicao=1&NumeroSequencialDocumento=94237""}, {""docid"": ""94237"", ""group"": 193, ""original"": ""review_originals/cvm_94237_g193.pdf.gz"", ""original_sha256"": ""f621af5aa2a02c8b8bf1ac44605cada4990e861abc1dfd7700ffd0f47f434d5b"", ""pages"": [13, 15, 23, 24, 29, 32, 34], ""received"": ""2020-06-24"", ""url"": ""https://www.rad.cvm.gov.br/ENETCONSULTA/frmDownloadDocumento.aspx?CodigoInstituicao=1&NumeroSequencialDocumento=94237""}]",Completar prova pode admitir premium; intervalos que cruzam15 podem admitir via madura; incumbência não exige nova aprovação.
2020,TIET4,Energia,PL_SOMENTE_MECANICO,19.58143746597717,,,INDETERMINATE,,ND_FALTA_PROVA,,ND_FALTA_PROVA,,ROIC_ND,0.07877487740277783,ND_FALTA_PROVA,,ND_FALTA_PROVA,ND_NAO_ZERO_ECONOMICO,"P/Lmecânico19,5814 exige canalreinvestimento: janela2015–19 cruzaBaltimore/AltoSertãoII/solares, ganhosfiscais e capitalizaçãoágio. Lucro75,319mi trimestral e entregafísica não provamCAGRreal4%/payoutmédio80%/ROIC3anos. Não reutilizaAESantiga2014 como se mesmo perímetro nem aprova19,58 apenasporser≤25.","[{""docid"": ""91270"", ""group"": 412, ""original"": ""review_originals/cvm_91270_g412.pdf.gz"", ""original_sha256"": ""9880e82d300d07103453b93057e942d040f48feb9b2a844c3b14ce1f570bf495"", ""pages"": [65, 66, 67, 73, 74, 81], ""received"": ""2020-02-29"", ""url"": ""https://www.rad.cvm.gov.br/ENETCONSULTA/frmDownloadDocumento.aspx?CodigoInstituicao=1&NumeroSequencialDocumento=91270""}, {""docid"": ""92806"", ""group"": 192, ""original"": ""review_originals/cvm_92806_g192.pdf.gz"", ""original_sha256"": ""67c614120c8d01e93a2fb9fb89a9a27bffc0e2379d1fef61830d2678763e707e"", ""pages"": [1, 2, 3, 4], ""received"": ""2020-05-07"", ""url"": ""https://www.rad.cvm.gov.br/ENETCONSULTA/frmDownloadDocumento.aspx?CodigoInstituicao=1&NumeroSequencialDocumento=92806""}, {""docid"": ""92806"", ""group"": 193, ""original"": ""review_originals/cvm_92806_g193.pdf.gz"", ""original_sha256"": ""e8450a5a890961a8124e5acafeb22184b0a1a352b7438a8905a112be55a48f0c"", ""pages"": [14, 15, 16, 37, 40, 53, 54, 63], ""received"": ""2020-05-07"", ""url"": ""https://www.rad.cvm.gov.br/ENETCONSULTA/frmDownloadDocumento.aspx?CodigoInstituicao=1&NumeroSequencialDocumento=92806""}]",Completar prova pode admitir premium; intervalos que cruzam15 podem admitir via madura; incumbência não exige nova aprovação.
2020,VIVT4,Telecom,PL_SOMENTE_MECANICO,16.353804306139473,,,INDETERMINATE,,ND_FALTA_PROVA,,ND_FALTA_PROVA,,ROIC_ND,0.07877487740277783,ND_FALTA_PROVA,,ND_FALTA_PROVA,ND_NAO_ZERO_ECONOMICO,"Mecânico16,3538 cai no canal de reinvestimento, não no maduro≤15. Janela2015–19 requer base poração pósGVT, retirar créditosfiscais2018 e ganhos de torres, conciliarIFRS16/vidaútil. Documentos esclarecem mudanças, mas não certificam simultaneamenteCAGRreal≥4%, payout≤80% eROIC3anos≥IPCA+6pp; sem aprovação presumida.","[{""docid"": ""91063"", ""group"": 412, ""original"": ""review_originals/cvm_91063_g412.pdf.gz"", ""original_sha256"": ""ea5591d5ae6c411fd354bf0a7e8ccb229f693c5a48162698d7cbf4c7b407290b"", ""pages"": [2, 8, 25, 45, 51, 52, 58, 59], ""received"": ""2020-02-19"", ""url"": ""https://www.rad.cvm.gov.br/ENETCONSULTA/frmDownloadDocumento.aspx?CodigoInstituicao=1&NumeroSequencialDocumento=91063""}, {""docid"": ""92715"", ""group"": 192, ""original"": ""review_originals/cvm_92715_g192.pdf.gz"", ""original_sha256"": ""7c103d397780b23b30b903be69c340f96beed0281018cd4635daf50dfb44b53c"", ""pages"": [1, 2, 3], ""received"": ""2020-05-06"", ""url"": ""https://www.rad.cvm.gov.br/ENET/frmGerenciaPaginaFRE.aspx?CodigoTipoInstituicao=1&NumeroSequencialDocumento=92715""}]",Completar prova pode admitir premium; intervalos que cruzam15 podem admitir via madura; incumbência não exige nova aprovação.
2021,EQTL3,Energia,PL_SOMENTE_MECANICO,21.525757090919527,,,INDETERMINATE,,ND_FALTA_PROVA,,ND_FALTA_PROVA,,ROIC_ND,0.14055902220112987,ND_FALTA_PROVA,,ND_FALTA_PROVA,ND_NAO_ZERO_ECONOMICO,"P/Lbruto21,5258 requer canal produtivo≤25. Capital pósdesdobramento deve manter1,010biON; lucro2016–20 cruzaCCC/Alagoas/Piauí etransmissão. CAGRdo lucro total eLPAgerencialbaseantiga não provamCAGRreal≥4%; medianaROIC3anos/payout e atribuição de capital não certificados. Não concede prêmio25 porentregafísica.","[{""docid"": ""103930"", ""group"": 192, ""original"": ""review_originals/cvm_103930_g192.pdf.gz"", ""original_sha256"": ""0ab70807c88842ea319a8ffda554af206ccc5dc5dd65f3cfb5e7e4ddcc1e0706"", ""pages"": [1, 4, 5, 20, 25, 26, 33, 34, 35], ""received"": ""2021-05-12"", ""url"": ""https://www.rad.cvm.gov.br/ENET/frmGerenciaPaginaFRE.aspx?CodigoTipoInstituicao=1&NumeroSequencialDocumento=103930""}]",Completar prova pode admitir premium; intervalos que cruzam15 podem admitir via madura; incumbência não exige nova aprovação.
2025,CSMG3,Saneamento,INTERVALO_CERTIFICADO,,"{""lower"": 0, ""upper"": 17.1542310605673}",9.928663084140922,INDETERMINATE,,ND_FALTA_PROVA,,ND_FALTA_PROVA,,ROIC_ND,0.11319635559255298,ND_FALTA_PROVA,,ND_FALTA_PROVA,ND_NAO_ZERO_ECONOMICO,Janela 2020–24 perde piso 2019 só por idade. Investigaçãoexercício de 2023 adiciona piso de lucro mantendo impostos/custos; limite não vira P/L pontual ou reinvestimento presumido. Mediana mínima R$620003211.01; P/L máximo 17.15423106; mínimo para canal 15 R$709045222.66. P/L pontual e prêmio ainda não certificados.,"[{""docid"": ""147606"", ""group"": 192, ""original"": ""review_originals/cvm_147606_g192.pdf.gz"", ""original_sha256"": ""0b2d4c3b0545d1506e199ef02b96a056654e3a9278dc8169d2182b53071ed11f"", ""pages"": [1, 2, 3, 4, 5], ""received"": ""2025-05-14"", ""url"": ""https://www.rad.cvm.gov.br/ENETCONSULTA/frmDownloadDocumento.aspx?CodigoInstituicao=1&NumeroSequencialDocumento=147606""}, {""docid"": ""147606"", ""group"": 193, ""original"": ""review_originals/cvm_147606_g193.pdf.gz"", ""original_sha256"": ""c5e69ca57b144ae473bd6daf17f4f8727d43bc3da0484e51e5b60a753885005c"", ""pages"": [18, 19], ""received"": ""2025-05-14"", ""url"": ""https://www.rad.cvm.gov.br/ENETCONSULTA/frmDownloadDocumento.aspx?CodigoInstituicao=1&NumeroSequencialDocumento=147606""}, {""docid"": ""145717"", ""group"": 412, ""original"": ""review_originals/cvm_145717_g412.pdf.gz"", ""original_sha256"": ""2c9d735ada8e46849c311340fefca5168bbf17750ca91258903a7eab6fe20a97"", ""pages"": [38, 39, 40, 42, 50, 64, 66, 67], ""received"": ""2025-03-24"", ""url"": ""https://www.rad.cvm.gov.br/ENETCONSULTA/frmDownloadDocumento.aspx?CodigoInstituicao=1&NumeroSequencialDocumento=145717""}, {""docid"": ""145717"", ""group"": 1654, ""original"": ""review_originals/cvm_145717_g1654.xml.gz"", ""original_sha256"": ""3ec572b3ed1d47d4dae09bae6b10c57d747225427a581926c1be19bd7a8420b8"", ""pages"": [1, 2, 3], ""received"": ""2025-03-24"", ""url"": ""https://www.rad.cvm.gov.br/ENETCONSULTA/frmDownloadDocumento.aspx?CodigoInstituicao=1&NumeroSequencialDocumento=145717""}, {""docid"": ""145717"", ""group"": 412, ""original"": ""review_originals/cvm_145717_g412.pdf.gz"", ""original_sha256"": ""2c9d735ada8e46849c311340fefca5168bbf17750ca91258903a7eab6fe20a97"", ""pages"": [23, 24, 38, 39, 42, 50, 64, 66, 67], ""received"": ""2025-03-24"", ""url"": ""https://www.rad.cvm.gov.br/ENETCONSULTA/frmDownloadDocumento.aspx?CodigoInstituicao=1&NumeroSequencialDocumento=145717""}]",Completar prova pode admitir premium; intervalos que cruzam15 podem admitir via madura; incumbência não exige nova aprovação.
2025,EQTL3,Energia,PL_SOMENTE_MECANICO,15.607607655153389,,,INDETERMINATE,,ND_FALTA_PROVA,,ND_FALTA_PROVA,,ROIC_ND,0.11319635559255298,ND_FALTA_PROVA,,ND_FALTA_PROVA,ND_NAO_ZERO_ECONOMICO,"P/Lmecânico 15,608 não promoveprêmio: normalização 2020–24/EP Sabesp precisa crescimento real LPA≥4%,payout≤80%,ROICmediano≥IPCA+6 e solidez cumulativos; não imputar ROICdeutilidade ao banco.","[{""docid"": ""147695"", ""group"": 192, ""original"": ""review_originals/cvm_147695_g192.pdf.gz"", ""original_sha256"": ""7f0b859b2983a9a0be58b44b8542aae391175899e1a19cef8d0336258287fbbe"", ""pages"": [2, 8, 11, 12], ""received"": ""2025-05-14"", ""url"": ""https://www.rad.cvm.gov.br/ENETCONSULTA/frmDownloadDocumento.aspx?CodigoInstituicao=1&NumeroSequencialDocumento=147695""}, {""docid"": ""147695"", ""group"": 193, ""original"": ""review_originals/cvm_147695_g193.pdf.gz"", ""original_sha256"": ""f4019f8b8f7863e26aa80b2d61ef1582b5fc7c268e39493d0e1f8b3b11df5a5d"", ""pages"": [85, 87, 88, 89], ""received"": ""2025-05-14"", ""url"": ""https://www.rad.cvm.gov.br/ENETCONSULTA/frmDownloadDocumento.aspx?CodigoInstituicao=1&NumeroSequencialDocumento=147695""}]",Completar prova pode admitir premium; intervalos que cruzam15 podem admitir via madura; incumbência não exige nova aprovação.
2025,PSSA3,Seguros,PONTO_CERTIFICADO,16.114371404456932,,,INDETERMINATE,,ND_FALTA_PROVA,,ND_FALTA_PROVA,0.1976086909319881,ROE_PARENT_AVERAGE_EQUITY,0.11319635559255298,PASS_NECESSARIO,True,PASS_NECESSARIO,ND_NAO_ZERO_ECONOMICO,"Comparabilidade da mediana fechada neste corte: o exercício central é exercício de 2020, R$1.688.191.000 atribuíveis, sem ganho material de IRB de 2019 (fora da janela). Os efeitos IFRS 17 de 2023/24 estão conciliados na nota de segmentos; limites conservadores deixam ambos acima do centro, enquanto 2021/22 permanecem abaixo mesmo antes das deduções positivas. Mediana real R$2214889406.24 e P/L 16.11437140. Preço entre 15 e 25 exige reinvestimento: CAGR real por ação de 0.5872% a 4.8648% atravessa o mínimo de 4%; não substituir esse intervalo por ponto. O fechamento dos efeitos fiscais/judiciais na ponta exercício de 2024 pode alterar o prêmio, mas não a mediana. Não adicionar perdas de Carro por Assinatura ou rolagem de títulos. Payout da série normalizada ainda não certificado.","[{""docid"": ""147187"", ""group"": 192, ""original"": ""review_originals/cvm_147187_g192.pdf.gz"", ""original_sha256"": ""4b9d8797191bae7bad2ace680898174ea4f5fcaffc9c49b062fa46fb693c6a53"", ""pages"": [3, 4, 5, 7, 8, 13, 14, 18, 19, 29, 33], ""received"": ""2025-05-09"", ""url"": ""https://www.rad.cvm.gov.br/ENETCONSULTA/frmDownloadDocumento.aspx?CodigoInstituicao=1&NumeroSequencialDocumento=147187""}, {""docid"": ""111606"", ""group"": 412, ""original"": ""review_originals/cvm_111606_g412.pdf.gz"", ""original_sha256"": ""16b374443ea5eec3487be186c1cbf51a54594293bfa864d1e9eb673ac30d4227"", ""pages"": [6, 46, 65, 66, 74], ""received"": ""2022-02-07"", ""url"": ""https://www.rad.cvm.gov.br/ENETCONSULTA/frmDownloadDocumento.aspx?CodigoInstituicao=1&NumeroSequencialDocumento=111606""}, {""docid"": ""123439"", ""group"": 412, ""original"": ""review_originals/cvm_123439_g412.pdf.gz"", ""original_sha256"": ""d0975c9a6900754f9e93f2b106ac1b1e42d617d899e6706ec11c78cb597eb597"", ""pages"": [64, 90], ""received"": ""2023-02-09"", ""url"": ""https://www.rad.cvm.gov.br/ENETCONSULTA/frmDownloadDocumento.aspx?CodigoInstituicao=1&NumeroSequencialDocumento=123439""}, {""docid"": ""134284"", ""group"": 412, ""original"": ""review_originals/cvm_134284_g412.pdf.gz"", ""original_sha256"": ""a3dc9be8cbd2d44fbe2bf478d88f5e765ec8fc35b7704c52f13c5272bfa886b0"", ""pages"": [67, 93, 102, 107], ""received"": ""2024-02-27"", ""url"": ""https://www.rad.cvm.gov.br/ENETCONSULTA/frmDownloadDocumento.aspx?CodigoInstituicao=1&NumeroSequencialDocumento=134284""}, {""docid"": ""144776"", ""group"": 412, ""original"": ""review_originals/cvm_144776_g412.pdf.gz"", ""original_sha256"": ""222a4e423aaa2d486c04b325488fb6ade1dc1b520e3fcfdd7d963599f9b1dc62"", ""pages"": [2, 49, 50, 57, 85, 86, 90, 95, 98, 102], ""received"": ""2025-02-14"", ""url"": ""https://www.rad.cvm.gov.br/ENETCONSULTA/frmDownloadDocumento.aspx?CodigoInstituicao=1&NumeroSequencialDocumento=144776""}, {""docid"": ""144776"", ""group"": 1653, ""original"": ""review_originals/cvm_144776_g1653.pdf.gz"", ""original_sha256"": ""1bf7559953b5c29295d1159c4bee5454ed435a59e3f93e27a52860cc2a3a811b"", ""pages"": [2, 3, 4], ""received"": ""2025-02-14"", ""url"": ""https://www.rad.cvm.gov.br/ENETCONSULTA/frmDownloadDocumento.aspx?CodigoInstituicao=1&NumeroSequencialDocumento=144776""}]",Completar prova pode admitir premium; intervalos que cruzam15 podem admitir via madura; incumbência não exige nova aprovação.
2025,VIVT3,Telecom,PL_SOMENTE_MECANICO,17.673051340263576,,,INDETERMINATE,,ND_FALTA_PROVA,,ND_FALTA_PROVA,,ROIC_ND,0.11319635559255298,ND_FALTA_PROVA,,ND_FALTA_PROVA,ND_NAO_ZERO_ECONOMICO,"Créditos 2018 jáfora: foco 2020–24, Oi/Fi Brasil e SELICnão ordinária. Mecânico 17,673 exige prêmio produtivo com crescimento LPA real,payout,ROIC/solidez cumulativos, sem aprovação por receitas ou FCLisolado.","[{""docid"": ""147383"", ""group"": 192, ""original"": ""review_originals/cvm_147383_g192.pdf.gz"", ""original_sha256"": ""450f57e9655d38995756f4c47ae6514a93da5eec73c22b28173fa49e94546f76"", ""pages"": [1, 2, 3, 4], ""received"": ""2025-05-12"", ""url"": ""https://www.rad.cvm.gov.br/ENETCONSULTA/frmDownloadDocumento.aspx?CodigoInstituicao=1&NumeroSequencialDocumento=147383""}, {""docid"": ""147383"", ""group"": 193, ""original"": ""review_originals/cvm_147383_g193.pdf.gz"", ""original_sha256"": ""f6a0b3fecf200c451360413ddda4565813ae6dc85ab9a1f65cc5e30d7260b7cc"", ""pages"": [10, 19, 29, 38, 41, 42, 51, 52, 53], ""received"": ""2025-05-12"", ""url"": ""https://www.rad.cvm.gov.br/ENETCONSULTA/frmDownloadDocumento.aspx?CodigoInstituicao=1&NumeroSequencialDocumento=147383""}]",Completar prova pode admitir premium; intervalos que cruzam15 podem admitir via madura; incumbência não exige nova aprovação.
