portfolio,date,ticker,units_before,units_after,event_ids
R03 B2,2016-08-03,GRND3,0.003421711502399678,0.0034517449014873484,CONT_1261_GRND3_2016-08-03
R03 B2,2016-08-15,LINX3,0.004412256507917444,0.004439680875656703,CONT_1955_LINX3_2016-08-15
R03 B2,2016-10-28,GRND3,0.0034517449014873484,0.003494538458206205,CONT_1260_GRND3_2016-10-28
R03 B2,2016-11-07,HGTX3,0.004743588955603396,0.004806625418462617,CONT_1296_HGTX3_2016-11-07
R03 B2,2016-11-11,YDUQ3,0.004191123369254128,0.00431003549315787,CONT_2815_YDUQ3_2016-11-11
R03 B2,2016-12-08,HGTX3,0.004806625418462617,0.004886026002906841,CONT_1295_HGTX3_2016-12-08
R03 B2,2016-12-22,YDUQ3,0.00431003549315787,0.004442236604785563,CONT_2814_YDUQ3_2016-12-22
R03 B2,2016-12-29,ENBR3,0.005218902521479444,0.005430957767146388,CONT_1107_ENBR3_2016-12-29
R03 B2,2017-03-20,SEER3,0.005700196659386529,0.005782511352408972,CONT_2330_SEER3_2017-03-20
R03 B2,2017-04-10,LINX3,0.004439680875656703,0.00447199529052524,CONT_1954_LINX3_2017-04-10
R03 B2,2017-04-13,GRND3,0.003494538458206205,0.003568969016925516,CONT_1258_GRND3_2017-04-13;CONT_1259_GRND3_2017-04-13
R03 B2,2017-04-20,TIMP3,0.010392025196279242,0.010453084559633457,TIMP_GROSS_2017-04-20;CONT_2813_YDUQ3_2017-04-20
R03 B2,2017-04-20,YDUQ3,0.004442236604785563,0.004517642404955629,TIMP_GROSS_2017-04-20;CONT_2813_YDUQ3_2017-04-20
R03 B2,2017-05-02,EZTC3,0.005408007849812308,0.005696415274157613,CONT_1151_EZTC3_2017-05-02
R03 B2,2017-05-03,GRND3,0.003568969016925516,0.0036142829223523615,CONT_1256_GRND3_2017-05-03;CONT_1257_GRND3_2017-05-03
R03 B2,2017-05-08,HGTX3,0.004886026002906841,0.0049863067919845554,CONT_1294_HGTX3_2017-05-08
R03 B2,2017-06-08,HGTX3,0.0049863067919845554,0.005051153103728121,CONT_1293_HGTX3_2017-06-08
R03 B2,2017-12-07,EZTC3,0.024312085806627654,0.02741798384986669,CONT_1150_EZTC3_2017-12-07
R03 B2,2017-12-27,ENBR3,0.023179123166465372,0.023385225271462747,CONT_1106_ENBR3_2017-12-27
R03 B2,2018-04-10,ENBR3,0.023385225271462747,0.024210081546918075,CONT_1105_ENBR3_2018-04-10
R03 B2,2018-04-30,EZTC3,0.02741798384986669,0.028122516150076573,CONT_1149_EZTC3_2018-04-30
R03 B2,2018-09-14,SEER3,0.010030622827909641,0.01013541810003101,CONT_2328_SEER3_2018-09-14
R03 B2,2018-09-27,GUAR3,0.0016723016980330237,0.0016798028506768232,CONT_2181_GUAR3_2018-09-27
R03 B2,2018-12-21,GUAR3,0.0016798028506768232,0.0017069734997625457,CONT_2180_GUAR3_2018-12-21
R03 B2,2019-01-02,ENBR3,0.009684032618767227,0.010178564279008309,CONT_1104_ENBR3_2019-01-02
R03 B2,2019-03-28,GUAR3,0.0017069734997625457,0.001712437289668913,CONT_2179_GUAR3_2019-03-28
R03 B2,2019-04-17,ENBR3,0.010178564279008309,0.010215268743683883,CONT_1103_ENBR3_2019-04-17
R03 B2,2019-04-29,EZTC3,0.011249006460030627,0.01132151962986895,CONT_1148_EZTC3_2019-04-29
R03 B2,2019-04-30,SBSP3,0.006778961069613472,0.006946127364925855,CONT_2260_SBSP3_2019-04-30
R03 B2,2019-05-02,GUAR3,0.001712437289668913,0.01373037252695056,CONT_2178_GUAR3_2019-05-02;GUAR_SPLIT_20190502;CONT_2327_SEER3_2019-05-02
R03 B2,2019-05-02,SEER3,0.01013541810003101,0.010263493531031634,CONT_2178_GUAR3_2019-05-02;GUAR_SPLIT_20190502;CONT_2327_SEER3_2019-05-02
R03 B2,2019-05-15,SEER3,0.010263493531031634,0.01118336067803756,CONT_2326_SEER3_2019-05-15
R03 B2,2019-06-28,GUAR3,0.01373037252695056,0.013758036936368272,CONT_2177_GUAR3_2019-06-28
R03 B2,2019-07-01,VIVT3,0.01346436845767729,0.013638366385399496,CONT_2742_VIVT3_2019-07-01
R03 B2,2019-10-01,GUAR3,0.013758036936368272,0.013778379031394937,CONT_2176_GUAR3_2019-10-01
R03 B2,2020-01-02,ENBR3,0.010215268743683883,0.010397198314624993,CONT_1102_ENBR3_2020-01-02;CONT_2175_GUAR3_2020-01-02;CONT_2740_VIVT3_2020-01-02;CONT_2741_VIVT3_2020-01-02
R03 B2,2020-01-02,GUAR3,0.013778379031394937,0.014046911083514158,CONT_1102_ENBR3_2020-01-02;CONT_2175_GUAR3_2020-01-02;CONT_2740_VIVT3_2020-01-02;CONT_2741_VIVT3_2020-01-02
R03 B2,2020-01-02,VIVT3,0.013638366385399496,0.013850331741057353,CONT_1102_ENBR3_2020-01-02;CONT_2175_GUAR3_2020-01-02;CONT_2740_VIVT3_2020-01-02;CONT_2741_VIVT3_2020-01-02
R03 B2,2020-03-02,VIVT3,0.013850331741057353,0.013890736905845484,CONT_2739_VIVT3_2020-03-02
R03 B2,2020-04-01,ENBR3,0.010397198314624993,0.010527506990053163,CONT_1101_ENBR3_2020-04-01;CONT_2738_VIVT3_2020-04-01
R03 B2,2020-04-01,VIVT3,0.013890736905845484,0.01391383386894044,CONT_1101_ENBR3_2020-04-01;CONT_2738_VIVT3_2020-04-01
R03 B2,2020-04-29,SBSP3,0.006946127364925854,0.007178063662362027,CONT_2259_SBSP3_2020-04-29
R03 B2,2020-05-29,VIVT3,0.01391383386894044,0.014276193501136972,CONT_2737_VIVT3_2020-05-29
R03 B2,2020-07-01,SAPR3,0.02582954547444788,0.026195390922067928,CONT_2434_SAPR3_2020-07-01
R03 B2,2020-07-31,SLCE3,0.007234461677377139,0.007357251986500997,CONT_2500_SLCE3_2020-07-31
R03 B2,2020-08-18,ITSA3,0.015577855436687998,0.015604484249400285,CONT_2406_ITSA3_2020-08-18
R03 B2,2020-09-01,ITSA3,0.015604484249400285,0.015633651509679537,CONT_2407_ITSA3_2020-09-01
R03 B2,2020-11-16,SLCE3,0.007357251986500997,0.007413645246131955,CONT_2501_SLCE3_2020-11-16
R03 B2,2020-11-18,SEER3,0.011382219705740031,0.01151294838123989,CONT_2493_SEER3_2020-11-18
R03 B2,2020-12-01,ITSA3,0.015633651509679537,0.01566042146089474,CONT_2408_ITSA3_2020-12-01
R03 B2,2020-12-11,ITSA3,0.01566042146089474,0.015794080725504308,CONT_2409_ITSA3_2020-12-11
R03 B2,2020-12-29,CPLE3,0.0028248394372286647,0.0029406571966422235,CONT_2359_CPLE3_2020-12-29
R03 B2,2021-01-04,SAPR3,0.026195390922067928,0.02661457415295536,CONT_2435_SAPR3_2021-01-04
R03 B2,2021-01-05,ENBR3,0.006015749381931394,0.006101182014337941,CONT_2385_ENBR3_2021-01-05;CONT_2484_LEVE3_2021-01-05;CONT_2494_SEER3_2021-01-05
R03 B2,2021-01-05,LEVE3,0.009532847324740395,0.00978693442867844,CONT_2385_ENBR3_2021-01-05;CONT_2484_LEVE3_2021-01-05;CONT_2494_SEER3_2021-01-05
R03 B2,2021-01-05,SEER3,0.01151294838123989,0.01160467450314565,CONT_2385_ENBR3_2021-01-05;CONT_2484_LEVE3_2021-01-05;CONT_2494_SEER3_2021-01-05
R03 B2,2021-01-26,ITSA3,0.015794080725504308,0.015822523745338983,CONT_2410_ITSA3_2021-01-26
R03 B2,2021-03-01,ITSA3,0.015822523745338983,0.015852547509561637,CONT_2411_ITSA3_2021-03-01
R03 B2,2021-03-10,ITSA3,0.015852547509561637,0.015874332432628112,CONT_2412_ITSA3_2021-03-10
R03 B2,2021-03-12,CPLE3,0.0029406571966422235,0.029406571966422233,CONT_2562_CPLE3_2021-03-12
R03 B2,2021-03-26,ITSA3,0.015874332432628112,0.01590139965897436,CONT_2413_ITSA3_2021-03-26
R03 B2,2021-04-01,CPLE3,0.029406571966422233,0.03185849035247627,CONT_2360_CPLE3_2021-04-01;CONT_2361_CPLE3_2021-04-01;CONT_2362_CPLE3_2021-04-01
R03 B2,2021-04-12,ENBR3,0.006101182014337941,0.00633581237095885,CONT_2386_ENBR3_2021-04-12
R03 B2,2021-04-28,ITSA3,0.01590139965897436,0.01593173616987255,CONT_2414_ITSA3_2021-04-28
R03 B2,2021-04-30,CPLE3,0.03185849035247627,0.03227739920608323,CONT_2363_CPLE3_2021-04-30;CONT_2485_LEVE3_2021-04-30;CONT_2436_SBSP3_2021-04-30;CONT_2502_SLCE3_2021-04-30
R03 B2,2021-04-30,LEVE3,0.00978693442867844,0.009927137739493204,CONT_2363_CPLE3_2021-04-30;CONT_2485_LEVE3_2021-04-30;CONT_2436_SBSP3_2021-04-30;CONT_2502_SLCE3_2021-04-30
R03 B2,2021-04-30,SBSP3,0.004101771870692485,0.004139922759597313,CONT_2363_CPLE3_2021-04-30;CONT_2485_LEVE3_2021-04-30;CONT_2436_SBSP3_2021-04-30;CONT_2502_SLCE3_2021-04-30
R03 B2,2021-04-30,SLCE3,0.007413645246131955,0.007575124801069842,CONT_2363_CPLE3_2021-04-30;CONT_2485_LEVE3_2021-04-30;CONT_2436_SBSP3_2021-04-30;CONT_2502_SLCE3_2021-04-30
R03 B2,2021-05-03,ENAT3,0.01651192413792074,0.016731016347629798,CONT_2543_ENAT3_2021-05-03;CONT_2495_SEER3_2021-05-03
R03 B2,2021-05-03,SEER3,0.01160467450314565,0.011685042417714252,CONT_2543_ENAT3_2021-05-03;CONT_2495_SEER3_2021-05-03
R03 B2,2021-05-25,ITSA3,0.01593173616987255,0.015956942012136148,CONT_2415_ITSA3_2021-05-25
R03 B2,2021-06-01,ITSA3,0.015956942012136148,0.01598347059403496,CONT_2416_ITSA3_2021-06-01
R03 B2,2021-07-01,SAPR3,0.02661457415295536,0.027236646417467734,CONT_2431_SAPR3_2021-07-01
R03 B2,2021-09-27,CSMG3,0.10158683952840922,0.10460897358955373,CONT_2381_CSMG3_2021-09-27;CONT_2382_CSMG3_2021-09-27
R03 B2,2021-10-01,CPLE3,0.03227739920608323,0.03493799278385447,CONT_2364_CPLE3_2021-10-01;CONT_2365_CPLE3_2021-10-01
R03 B2,2022-01-03,CPLE3,0.03493799278385447,0.03550849842824248,CONT_2366_CPLE3_2022-01-03;CONT_2432_SAPR3_2022-01-03
R03 B2,2022-01-03,SAPR3,0.027236646417467734,0.028059263704191227,CONT_2366_CPLE3_2022-01-03;CONT_2432_SAPR3_2022-01-03
R03 B2,2022-01-05,ENBR3,0.00633581237095885,0.0065881042395655905,CONT_2387_ENBR3_2022-01-05
R03 B2,2022-03-23,CSMG3,0.10460897358955373,0.10525431234458273,CONT_2383_CSMG3_2022-03-23
R03 B2,2022-04-06,ENBR3,0.0065881042395655905,0.007004511266485738,CONT_2388_ENBR3_2022-04-06
R03 B2,2022-04-29,SAPR3,0.028059263704191227,0.028138676272991086,CONT_2433_SAPR3_2022-04-29
R03 B2,2022-05-02,CPLE3,0.03550849842824248,0.03832983910481407,CONT_2367_CPLE3_2022-05-02
R03 B2,2022-06-22,CSMG3,0.10525431234458273,0.10649691998633382,CONT_2384_CSMG3_2022-06-22
R03 B2,2022-07-01,SAPR3,0.00803962179228317,0.008253857013820712,CONT_2429_SAPR3_2022-07-01
R03 B2,2022-07-20,FRAS3,0.012515254380827559,0.01262067087665096,CONT_2482_FRAS3_2022-07-20
R03 B2,2022-07-27,UNIP3,0.0014538820878628508,0.0014740696193008937,CONT_2568_UNIP3_2022-07-27
R03 B2,2022-08-12,GRND3,0.017446585054354206,0.01751318795249502,CONT_2399_GRND3_2022-08-12;CONT_2400_GRND3_2022-08-12
R03 B2,2022-08-17,UNIP3,0.0014740696193008937,0.00155173317435572,CONT_2569_UNIP3_2022-08-17
R03 B2,2022-08-19,ITSA3,0.013843057893014684,0.01392959512403175,CONT_2574_ITSA3_2022-08-19;CONT_2641_ITSA3_2022-08-19
R03 B2,2022-09-01,ITSA3,0.01392959512403175,0.013965105027441381,CONT_2575_ITSA3_2022-09-01
R03 B2,2022-09-21,CSMG3,0.03042769142466682,0.03077215968464435,CONT_2455_CSMG3_2022-09-21
R03 B2,2022-11-04,GRND3,0.01751318795249502,0.017757790909004974,CONT_2401_GRND3_2022-11-04;CONT_2402_GRND3_2022-11-04
R03 B2,2022-11-11,ITSA3,0.013965105027441381,0.01536161553018552,CONT_2649_ITSA3_2022-11-11
R03 B2,2022-11-17,UNIP3,0.00155173317435572,0.001632761839401546,CONT_2570_UNIP3_2022-11-17
R03 B2,2022-11-21,ITSA3,0.01536161553018552,0.015448715383257662,CONT_2576_ITSA3_2022-11-21
R03 B2,2022-11-22,CPLE3,0.010951382601375452,0.011431933889363774,CONT_2368_CPLE3_2022-11-22;CONT_2369_CPLE3_2022-11-22
R03 B2,2022-12-01,ITSA3,0.015448715383257662,0.015488881189733945,CONT_2577_ITSA3_2022-12-01
R03 B2,2022-12-09,ITSA3,0.015488881189733945,0.01581989356999842,CONT_2578_ITSA3_2022-12-09;CONT_2642_ITSA3_2022-12-09
R03 B2,2022-12-22,FRAS3,0.01262067087665096,0.012840034930627148,CONT_2483_FRAS3_2022-12-22
R03 B2,2023-01-02,LEVE3,0.005288895771112983,0.005444787459285326,CONT_2489_LEVE3_2023-01-02;CONT_2430_SAPR3_2023-01-02
R03 B2,2023-01-02,SAPR3,0.008253857013820712,0.008695221903465715,CONT_2489_LEVE3_2023-01-02;CONT_2430_SAPR3_2023-01-02
R03 B2,2023-01-03,ENBR3,0.00200128893328164,0.0021215377838158527,CONT_2389_ENBR3_2023-01-03
R03 B2,2023-03-01,ITSA3,0.01581989356999842,0.015864633255786315,CONT_2579_ITSA3_2023-03-01
R03 B2,2023-03-23,CSMG3,0.03077215968464435,0.032788745113812356,CONT_2456_CSMG3_2023-03-23;CONT_2457_CSMG3_2023-03-23
R03 B2,2023-03-24,ITSA3,0.015864633255786315,0.016015474110727554,CONT_2580_ITSA3_2023-03-24
R03 B2,2023-04-12,ENBR3,0.0021215377838158527,0.0021475967063248535,CONT_2390_ENBR3_2023-04-12
R03 B2,2023-04-24,UNIP3,0.001632761839401546,0.0016785780924941439,CONT_2571_UNIP3_2023-04-24;CONT_2644_UNIP3_2023-04-24
R03 B2,2023-04-27,TRIS3,0.035967593235222896,0.037437102276934024,CONT_2444_TRIS3_2023-04-27;CONT_2445_TRIS3_2023-04-27
R03 B2,2023-04-28,LEVE3,0.005444787459285326,0.00611186713776303,CONT_2490_LEVE3_2023-04-28;CONT_2491_LEVE3_2023-04-28;CONT_2492_LEVE3_2023-04-28
R03 B2,2023-05-02,ENAT3,0.006980619973369954,0.007080248231791028,CONT_2545_ENAT3_2023-05-02;CONT_2438_SBSP3_2023-05-02
R03 B2,2023-05-02,SBSP3,0.002908453709559167,0.002991888667594183,CONT_2545_ENAT3_2023-05-02;CONT_2438_SBSP3_2023-05-02
R03 B2,2023-05-03,GRND3,0.017757790909004974,0.021055863854202477,CONT_2403_GRND3_2023-05-03;CONT_2404_GRND3_2023-05-03
R03 B2,2023-05-19,CSAN3,0.0067389831281379165,0.006920516250317105,CONT_2567_CSAN3_2023-05-19
R03 B2,2023-05-23,GRND3,0.021055863854202477,0.021282995030771586,CONT_2405_GRND3_2023-05-23
R03 B2,2023-06-01,ITSA3,0.016015474110727554,0.016057484824003848,CONT_2581_ITSA3_2023-06-01
R03 B2,2023-06-22,CSMG3,0.032788745113812356,0.03333428579819564,CONT_2458_CSMG3_2023-06-22
R03 B2,2023-06-23,ITSA3,0.016057484824003848,0.016245506959507026,CONT_2582_ITSA3_2023-06-23
R03 B2,2023-07-03,SAPR3,0.008695221903465715,0.00904636879318324,CONT_2427_SAPR3_2023-07-03
R03 B2,2023-07-26,ITSA3,0.016245506959507026,0.016329171320348487,CONT_2583_ITSA3_2023-07-26
R03 B2,2023-08-18,ITSA1,0,0.00022709916437492594,CONT_2584_ITSA3_2023-08-18;CONT_3048_ITSA3_2023-08-18
R03 B2,2023-08-18,ITSA3,0.016329171320348487,0.016369958712766974,CONT_2584_ITSA3_2023-08-18;CONT_3048_ITSA3_2023-08-18
R03 B2,2023-08-24,ITSA1,0.00022709916437492594,0,CONT_3049_ITSA1_2023-08-24
R03 B2,2023-08-24,ITSA3,0.016369958712766974,0.01643851695106884,CONT_3049_ITSA1_2023-08-24
R03 B2,2023-09-22,CSMG3,0.03333428579819564,0.03397811709102222,CONT_2459_CSMG3_2023-09-22;CONT_2585_ITSA3_2023-09-22
R03 B2,2023-09-22,ITSA3,0.01643851695106884,0.016648966096651202,CONT_2459_CSMG3_2023-09-22;CONT_2585_ITSA3_2023-09-22
R03 B2,2023-10-02,CPLE3,0.011431933889363774,0.011861019432632718,CONT_2370_CPLE3_2023-10-02;CONT_2371_CPLE3_2023-10-02
R03 B2,2023-10-20,ITSA3,0.016648966096651202,0.016746179447442305,CONT_2586_ITSA3_2023-10-20
R03 B2,2023-11-28,ITSA3,0.016746179447442305,0.01758348841981442,CONT_2650_ITSA3_2023-11-28
R03 B2,2023-12-01,ITSA3,0.01758348841981442,0.017625748960240776,CONT_2587_ITSA3_2023-12-01
R03 B2,2023-12-14,CSMG3,0.03397811709102222,0.03565366298836752,CONT_2460_CSMG3_2023-12-14;CONT_2564_SLCE3_2023-12-14
R03 B2,2023-12-14,SLCE3,0.011792019265349393,0.023584038530698785,CONT_2460_CSMG3_2023-12-14;CONT_2564_SLCE3_2023-12-14
R03 B2,2023-12-19,ITSA3,0.017625748960240776,0.017764311778799502,CONT_2588_ITSA3_2023-12-19;CONT_2572_UNIP3_2023-12-19
R03 B2,2023-12-19,UNIP3,0.001678578092494144,0.0017123670815567536,CONT_2588_ITSA3_2023-12-19;CONT_2572_UNIP3_2023-12-19
R03 B2,2023-12-20,DXCO3,0.053974967224150155,0.0554114662200642,CONT_2496_DXCO3_2023-12-20
R03 B2,2023-12-22,CSMG3,0.03565366298836752,0.03607301783241332,CONT_2461_CSMG3_2023-12-22
R03 B2,2023-12-28,SLCE3,0.023584038530698785,0.023652368842740218,CONT_2503_SLCE3_2023-12-28
R03 B2,2024-01-02,SAPR3,0.00904636879318324,0.009238880554941414,CONT_2428_SAPR3_2024-01-02
R03 B2,2024-02-23,ITSA3,0.017764311778799502,0.018282078577007966,CONT_2589_ITSA3_2024-02-23
R03 B2,2024-03-01,ITSA3,0.018282078577007966,0.0183236407188319,CONT_2590_ITSA3_2024-03-01
R03 B2,2024-03-13,DXCO3,0.0554114662200642,0.055880152434897606,CONT_2497_DXCO3_2024-03-13
R03 B2,2024-03-20,UNIP3,0.0017123670815567536,0.001748504386271468,CONT_2573_UNIP3_2024-03-20;CONT_2645_UNIP3_2024-03-20
R03 B2,2024-03-22,ITSA3,0.0183236407188319,0.018446972915977883,CONT_2591_ITSA3_2024-03-22
R03 B2,2024-03-26,CSMG3,0.03607301783241332,0.03755591520584634,CONT_2462_CSMG3_2024-03-26;CONT_2463_CSMG3_2024-03-26;CONT_2464_CSMG3_2024-03-26
R03 B2,2024-04-19,UNIP3,0.001748504386271468,0.001923354824898615,CONT_2656_UNIP3_2024-04-19
R03 B2,2024-04-23,CPLE3,0.011861019432632718,0.01191946755355436,CONT_2372_CPLE3_2024-04-23
R03 B2,2024-04-25,TRIS3,0.037437102276934024,0.03876638486265604,CONT_2446_TRIS3_2024-04-25;CONT_2447_TRIS3_2024-04-25
R03 B2,2024-04-26,SBSP3,0.002991888667594183,0.003044252172294094,CONT_2439_SBSP3_2024-04-26
R03 B2,2024-04-29,CSMG3,0.03755591520584634,0.038987197158817516,CONT_2465_CSMG3_2024-04-29
R03 B2,2024-04-30,TRIS3,0.03876638486265604,0.03907280642784031,CONT_2448_TRIS3_2024-04-30;CONT_2449_TRIS3_2024-04-30
R03 B2,2024-05-02,SLCE3,0.023652368842740218,0.024735736750215676,CONT_2504_SLCE3_2024-05-02
R03 B2,2024-06-03,ITSA3,0.018446972915977883,0.01849139953309421,CONT_2592_ITSA3_2024-06-03
R03 B2,2024-06-21,ITSA3,0.01849139953309421,0.018671738336788098,CONT_2593_ITSA3_2024-06-21
R03 B2,2024-06-26,CSMG3,0.038987197158817516,0.03971037681216272,CONT_2466_CSMG3_2024-06-26;CONT_2467_CSMG3_2024-06-26
R03 B2,2024-07-01,SAPR3,0.00607491944816904,0.006243770791774721,CONT_2425_SAPR3_2024-07-01
R03 B2,2024-08-06,KLBN3,0.04681723920462542,0.04757620850412025,CONT_2506_KLBN3_2024-08-06
R03 B2,2024-08-26,CMIG3,0.01651246325465921,0.01710595509938767,CONT_2347_CMIG3_2024-08-26
R03 B2,2024-08-29,POMO3,0.040846619629946464,0.041749307356575116,CONT_2417_POMO3_2024-08-29;CONT_2418_POMO3_2024-08-29
R03 B2,2024-09-02,ITSA3,0.012277386386666707,0.0123038649167295,CONT_2594_ITSA3_2024-09-02
R03 B2,2024-09-18,CSMG3,0.02611110068538579,0.02647120670837011,CONT_2468_CSMG3_2024-09-18;CONT_2469_CSMG3_2024-09-18
R03 B2,2024-09-20,ITSA3,0.0123038649167295,0.012358448515443498,CONT_2595_ITSA3_2024-09-20
R03 B2,2024-09-24,CMIG3,0.01710595509938767,0.017305809538636738,CONT_2348_CMIG3_2024-09-24
R03 B2,2024-09-25,LREN3,0.016168453603520476,0.01631945461238213,CONT_2531_LREN3_2024-09-25
R03 B2,2024-10-01,CPLE3,0.007837508540380346,0.007970687360999401,CONT_2373_CPLE3_2024-10-01;CONT_2374_CPLE3_2024-10-01
R03 B2,2024-10-03,PNVL3,0.020866835674450416,0.021049939072038306,CONT_2511_PNVL3_2024-10-03;CONT_2512_PNVL3_2024-10-03
R03 B2,2024-10-07,ALOS3,0.009554086220262098,0.009594325502523192,CONT_2612_ALOS3_2024-10-07
R03 B2,2024-10-22,ALOS3,0.009594325502523192,0.009636295854989839,CONT_2613_ALOS3_2024-10-22
R03 B2,2024-11-12,KLBN3,0.04757620850412025,0.048393406747407275,CONT_2507_KLBN3_2024-11-12
R03 B2,2024-11-19,ALOS3,0.009636295854989839,0.009679166097345081,CONT_2614_ALOS3_2024-11-19
R03 B2,2024-11-27,POMO3,0.041749307356575116,0.042591512404114094,CONT_2419_POMO3_2024-11-27;CONT_2420_POMO3_2024-11-27
R03 B2,2024-12-02,ITSA3,0.012358448515443498,0.012388364988112646,CONT_2596_ITSA3_2024-12-02
R03 B2,2024-12-03,ITSA3,0.012388364988112646,0.01300778323751828,CONT_2651_ITSA3_2024-12-03
R03 B2,2024-12-12,CPLE3,0.007970687360999401,0.008152886193572491,CONT_2375_CPLE3_2024-12-12;CONT_2376_CPLE3_2024-12-12;CONT_2597_ITSA3_2024-12-12;CONT_2565_LREN3_2024-12-12
R03 B2,2024-12-12,ITSA3,0.01300778323751828,0.01308887253001826,CONT_2375_CPLE3_2024-12-12;CONT_2376_CPLE3_2024-12-12;CONT_2597_ITSA3_2024-12-12;CONT_2565_LREN3_2024-12-12
R03 B2,2024-12-12,LREN3,0.01631945461238213,0.017951400073620345,CONT_2375_CPLE3_2024-12-12;CONT_2376_CPLE3_2024-12-12;CONT_2597_ITSA3_2024-12-12;CONT_2565_LREN3_2024-12-12
R03 B2,2024-12-17,KLBN3,0.048393406747407275,0.04880747383922378,CONT_2508_KLBN3_2024-12-17;CONT_2513_PNVL3_2024-12-17;CONT_2514_PNVL3_2024-12-17;CONT_2515_PNVL3_2024-12-17;CONT_2516_PNVL3_2024-12-17
R03 B2,2024-12-17,PNVL3,0.021049939072038306,0.02127296169200584,CONT_2508_KLBN3_2024-12-17;CONT_2513_PNVL3_2024-12-17;CONT_2514_PNVL3_2024-12-17;CONT_2515_PNVL3_2024-12-17;CONT_2516_PNVL3_2024-12-17
R03 B2,2024-12-19,DXCO3,0.03674335031984432,0.037024630395622225,CONT_2498_DXCO3_2024-12-19
R03 B2,2024-12-23,ALOS3,0.009679166097345081,0.009742280589591609,CONT_2615_ALOS3_2024-12-23
R03 B2,2024-12-26,CMIG3,0.017305809538636738,0.017537113804582134,CONT_2349_CMIG3_2024-12-26;CONT_2470_CSMG3_2024-12-26
R03 B2,2024-12-26,CSMG3,0.02647120670837011,0.026949680152370585,CONT_2349_CMIG3_2024-12-26;CONT_2470_CSMG3_2024-12-26
R03 B2,2024-12-27,LREN3,0.017951400073620345,0.018202045395384763,CONT_2532_LREN3_2024-12-27
R03 B2,2025-01-02,SAPR3,0.006243770791774721,0.006419992187338905,CONT_2426_SAPR3_2025-01-02
R03 B2,2025-01-24,ALOS3,0.009742280589591609,0.00979159396621289,CONT_2616_ALOS3_2025-01-24;CONT_2646_ALOS3_2025-01-24
R03 B2,2025-02-18,ITSA1,0,0.0001801902935038067,CONT_2598_ITSA3_2025-02-18;CONT_2599_ITSA3_2025-02-18;CONT_2643_ITSA3_2025-02-18;CONT_3050_ITSA3_2025-02-18
R03 B2,2025-02-18,ITSA3,0.01308887253001826,0.01392819299250021,CONT_2598_ITSA3_2025-02-18;CONT_2599_ITSA3_2025-02-18;CONT_2643_ITSA3_2025-02-18;CONT_3050_ITSA3_2025-02-18
R03 B2,2025-02-21,ALOS3,0.00979159396621289,0.009838277866452695,CONT_2617_ALOS3_2025-02-21
R03 B2,2025-02-27,POMO3,0.042591512404114094,0.04436294962887833,CONT_2421_POMO3_2025-02-27
R03 B2,2025-03-05,ITSA3,0.01392819299250021,0.013964167022908227,CONT_2600_ITSA3_2025-03-05
R03 B2,2025-03-06,CSMG3,0.026949680152370585,0.02751981193773924,CONT_2471_CSMG3_2025-03-06;CONT_2472_CSMG3_2025-03-06;CONT_2509_KLBN3_2025-03-06
R03 B2,2025-03-06,KLBN3,0.04880747383922378,0.04891399448218993,CONT_2471_CSMG3_2025-03-06;CONT_2472_CSMG3_2025-03-06;CONT_2509_KLBN3_2025-03-06
R03 B2,2025-03-10,ITSA1,0.0001801902935038067,0,CONT_3051_ITSA1_2025-03-10
R03 B2,2025-03-10,ITSA3,0.013964167022908227,0.014013468015229548,CONT_3051_ITSA1_2025-03-10
R03 B2,2025-03-18,DXCO3,0.037024630395622225,0.03707344150366827,CONT_2499_DXCO3_2025-03-18
R03 B2,2025-03-24,ALOS3,0.009838277866452695,0.009890204830087615,CONT_2618_ALOS3_2025-03-24
R03 B2,2025-03-26,CMIG3,0.017537113804582134,0.017762425028317434,CONT_2350_CMIG3_2025-03-26;CONT_2533_LREN3_2025-03-26
R03 B2,2025-03-26,LREN3,0.018202045395384763,0.018472628960473778,CONT_2350_CMIG3_2025-03-26;CONT_2533_LREN3_2025-03-26
R03 B2,2025-03-27,CSMG3,0.02751981193773924,0.02756774074998315,CONT_2473_CSMG3_2025-03-27;CONT_2517_PNVL3_2025-03-27
R03 B2,2025-03-27,PNVL3,0.02127296169200584,0.021483636736585637,CONT_2473_CSMG3_2025-03-27;CONT_2517_PNVL3_2025-03-27
R03 B2,2025-04-23,ALOS3,0.009890204830087615,0.00993926626218408,CONT_2619_ALOS3_2025-04-23
R03 B2,2025-04-25,CPLE3,0.008152886193572491,0.008469856894872597,CONT_2377_CPLE3_2025-04-25
R03 B2,2025-04-28,TRIS3,0.025691873625974873,0.02683956662783423,CONT_2450_TRIS3_2025-04-28
R03 B2,2025-05-02,CMIG3,0.017762425028317434,0.01855364174987561,CONT_2351_CMIG3_2025-05-02;CONT_2422_POMO3_2025-05-02
R03 B2,2025-05-02,POMO3,0.04436294962887833,0.045057397275002575,CONT_2351_CMIG3_2025-05-02;CONT_2422_POMO3_2025-05-02
R03 B2,2025-05-06,SLCE3,0.01626469866723239,0.016724628802292356,CONT_2505_SLCE3_2025-05-06
R03 B2,2025-05-14,KLBN3,0.04891399448218993,0.049470787850725846,CONT_2510_KLBN3_2025-05-14
R03 B2,2025-05-23,ALOS3,0.00993926626218408,0.0099859649254676,CONT_2620_ALOS3_2025-05-23
R03 B2,2025-06-02,ITSA3,0.014013468015229548,0.014043635434777978,CONT_2601_ITSA3_2025-06-02
R03 B2,2025-06-18,ALOS3,0.0099859649254676,0.010032918551340189,CONT_2621_ALOS3_2025-06-18
R03 B2,2025-06-23,ITSA3,0.014043635434777978,0.014121640966187319,CONT_2602_ITSA3_2025-06-23
R03 B2,2025-06-24,CMIG3,0.01855364174987561,0.01880894635554818,CONT_2352_CMIG3_2025-06-24;CONT_2474_CSMG3_2025-06-24
R03 B2,2025-06-24,CSMG3,0.02756774074998315,0.028017261100930536,CONT_2352_CMIG3_2025-06-24;CONT_2474_CSMG3_2025-06-24
R03 B2,2025-07-01,SAPR3,0.006419992187338905,0.0066354649358733595,CONT_2423_SAPR3_2025-07-01
R03 B2,2025-07-04,PNVL3,0.021483636736585637,0.02168738201655249,CONT_2518_PNVL3_2025-07-04;CONT_2519_PNVL3_2025-07-04
R03 B2,2025-07-23,ALOS3,0.010032918551340189,0.010080548956147158,CONT_2622_ALOS3_2025-07-23
R03 B2,2025-08-08,TGMA3,0.007549870884094859,0.007832912419599665,CONT_2634_TGMA3_2025-08-08;CONT_2635_TGMA3_2025-08-08
R03 B2,2025-08-13,FLRY3,0.02036493590241255,0.020816985813049776,CONT_2394_FLRY3_2025-08-13
R03 B2,2025-08-19,ITSA3,0.014121640966187319,0.014370476326909047,CONT_2603_ITSA3_2025-08-19
R03 B2,2025-08-22,ALOS3,0.010080548956147158,0.010125248280774416,CONT_2623_ALOS3_2025-08-22;CONT_2534_UGPA3_2025-08-22
R03 B2,2025-08-22,UGPA3,0.015116959261654015,0.015369048632331959,CONT_2623_ALOS3_2025-08-22;CONT_2534_UGPA3_2025-08-22
R03 B2,2025-08-27,POMO3,0.045057397275002575,0.04607442471007445,CONT_2536_POMO3_2025-08-27;CONT_2537_POMO3_2025-08-27
R03 B2,2025-09-01,ITSA3,0.014370476326909047,0.014400505645091464,CONT_2604_ITSA3_2025-09-01
R03 B2,2025-09-23,CSMG3,0.028017261100930536,0.028391010340196917,CONT_2475_CSMG3_2025-09-23
R03 B2,2025-09-24,ALOS3,0.010125248280774416,0.010165783122856441,CONT_2624_ALOS3_2025-09-24
R03 B2,2025-09-30,CMIG3,0.01880894635554818,0.019083541517698227,CONT_2353_CMIG3_2025-09-30
R03 B2,2025-10-06,PNVL3,0.02168738201655249,0.021734199844266132,CONT_2520_PNVL3_2025-10-06
R03 B2,2025-10-22,ALOS3,0.010165783122856441,0.010208523469556134,CONT_2625_ALOS3_2025-10-22
R03 B2,2025-11-07,TGMA3,0.007832912419599665,0.008041017734500012,CONT_2636_TGMA3_2025-11-07;CONT_2637_TGMA3_2025-11-07
R03 B2,2025-11-19,ALOS3,0.010208523469556134,0.010318520728665622,CONT_2626_ALOS3_2025-11-19;CONT_2647_ALOS3_2025-11-19;CONT_2451_TRIS3_2025-11-19
R03 B2,2025-11-19,TRIS3,0.02683956662783423,0.028684334561451676,CONT_2626_ALOS3_2025-11-19;CONT_2647_ALOS3_2025-11-19;CONT_2451_TRIS3_2025-11-19
R03 B2,2025-11-25,POMO3,0.04607442471007445,0.052134804351534496,CONT_2538_POMO3_2025-11-25;CONT_2539_POMO3_2025-11-25
R03 B2,2025-12-01,ITSA3,0.014400505645091464,0.014428233689082968,CONT_2605_ITSA3_2025-12-01
R03 B2,2025-12-03,FLRY3,0.020816985813049776,0.022048281496357965,CONT_2395_FLRY3_2025-12-03;CONT_2396_FLRY3_2025-12-03;CONT_2397_FLRY3_2025-12-03;CONT_2398_FLRY3_2025-12-03;CONT_2638_TGMA3_2025-12-03
R03 B2,2025-12-03,TGMA3,0.008041017734500012,0.008369575448382809,CONT_2395_FLRY3_2025-12-03;CONT_2396_FLRY3_2025-12-03;CONT_2397_FLRY3_2025-12-03;CONT_2398_FLRY3_2025-12-03;CONT_2638_TGMA3_2025-12-03
R03 B2,2025-12-08,UGPA3,0.015369048632331959,0.01610972567485398,CONT_2535_UGPA3_2025-12-08
R03 B2,2025-12-10,ITSA3,0.014428233689082968,0.015420411058168187,CONT_2606_ITSA3_2025-12-10;CONT_2607_ITSA3_2025-12-10
R03 B2,2025-12-15,TRIS3,0.028684334561451676,0.0372919003489279,CONT_2563_TRIS3_2025-12-15
R03 B2,2025-12-17,CSMG3,0.028391010340196917,0.028740238299931147,CONT_2476_CSMG3_2025-12-17;CONT_2477_CSMG3_2025-12-17
R03 B2,2025-12-19,ITSA3,0.015420411058168187,0.015728819279331552,CONT_2652_ITSA3_2025-12-19
R03 B2,2025-12-22,ALOS3,0.010318520728665622,0.010428745447112983,CONT_2627_ALOS3_2025-12-22
R03 B2,2025-12-23,CMIG3,0.019083541517698227,0.019281114860865426,CONT_2354_CMIG3_2025-12-23;CONT_2478_CSMG3_2025-12-23
R03 B2,2025-12-23,CSMG3,0.028740238299931147,0.02897819807368285,CONT_2354_CMIG3_2025-12-23;CONT_2478_CSMG3_2025-12-23
R03 B2,2025-12-26,CMIG3,0.019281114860865426,0.01959448608614655,CONT_2355_CMIG3_2025-12-26;CONT_2566_POMO3_2025-12-26;CONT_2639_SBSP3_2025-12-26;CONT_2653_SBSP3_2025-12-26
R03 B2,2025-12-26,POMO3,0.052134804351534496,0.05734828478668795,CONT_2355_CMIG3_2025-12-26;CONT_2566_POMO3_2025-12-26;CONT_2639_SBSP3_2025-12-26;CONT_2653_SBSP3_2025-12-26
R03 B2,2025-12-26,SBSP3,0.0022257321031596694,0.0023356168538864013,CONT_2355_CMIG3_2025-12-26;CONT_2566_POMO3_2025-12-26;CONT_2639_SBSP3_2025-12-26;CONT_2653_SBSP3_2025-12-26
R03 B2,2025-12-29,TRIS3,0.0372919003489279,0.03990132413144177,CONT_2452_TRIS3_2025-12-29;CONT_2453_TRIS3_2025-12-29;CONT_2454_TRIS3_2025-12-29
R03 B2,2026-01-02,CPLE3,0.008469856894872597,0.009045372014660736,CONT_2378_CPLE3_2026-01-02;CONT_2379_CPLE3_2026-01-02;CONT_2424_SAPR3_2026-01-02
R03 B2,2026-01-02,SAPR3,0.0066354649358733595,0.00671147828688126,CONT_2378_CPLE3_2026-01-02;CONT_2379_CPLE3_2026-01-02;CONT_2424_SAPR3_2026-01-02
R03 B2,2026-01-16,PNVL3,0.021734199844266132,0.02199358754270805,CONT_2521_PNVL3_2026-01-16;CONT_2522_PNVL3_2026-01-16;CONT_2523_PNVL3_2026-01-16
R03 B2,2026-01-22,ALOS3,0.010428745447112983,0.010532493645700532,CONT_2628_ALOS3_2026-01-22
R03 B2,2026-02-20,ALOS3,0.010532493645700532,0.010629122920713815,CONT_2629_ALOS3_2026-02-20
R03 B2,2026-03-02,ITSA3,0.015728819279331552,0.015755690731155316,CONT_2608_ITSA3_2026-03-02
R03 B2,2026-03-09,CSMG3,0.02897819807368285,0.028979187787010967,CONT_2479_CSMG3_2026-03-09
R03 B2,2026-03-20,ITSA3,0.015755690731155316,0.015895100351659818,CONT_2609_ITSA3_2026-03-20;CONT_2640_SBSP3_2026-03-20;CONT_2654_SBSP3_2026-03-20
R03 B2,2026-03-20,SBSP3,0.0023356168538864013,0.002352484888255896,CONT_2609_ITSA3_2026-03-20;CONT_2640_SBSP3_2026-03-20;CONT_2654_SBSP3_2026-03-20
R03 B2,2026-03-24,CSMG3,0.028979187787010967,0.029227240505494037,CONT_2480_CSMG3_2026-03-24
R03 B2,2026-03-25,CMIG3,0.01959448608614655,0.0198659760224692,CONT_2356_CMIG3_2026-03-25
R03 B2,2026-03-27,PNVL3,0.02199358754270805,0.022128026748821347,CONT_2524_PNVL3_2026-03-27;CONT_2525_PNVL3_2026-03-27;CONT_2526_PNVL3_2026-03-27
R03 B2,2026-03-30,ALOS3,0.010629122920713815,0.010736286084976647,CONT_2630_ALOS3_2026-03-30
R03 B2,2026-04-23,ALOS3,0.010736286084976647,0.010834571604137987,CONT_2631_ALOS3_2026-04-23
R03 B2,2026-04-27,POMO3,0.05734828478668795,0.05813705569394822,CONT_2540_POMO3_2026-04-27
R03 B2,2026-04-29,SBSP3,0.002352484888255896,0.01176242444127948,CONT_2655_SBSP3_2026-04-29
R03 B2,2026-04-30,CPLE3,0.009045372014660736,0.009180599445061567,CONT_2380_CPLE3_2026-04-30
R03 B2,2026-05-04,CMIG3,0.0198659760224692,0.020150375801808614,CONT_2357_CMIG3_2026-05-04
R03 B2,2026-05-20,ALOS3,0.010834571604137987,0.010944935122668888,CONT_2632_ALOS3_2026-05-20
R03 B2,2026-06-01,ITSA3,0.015895100351659818,0.015924925194560367,CONT_2610_ITSA3_2026-06-01
R03 B2,2026-06-19,ITSA3,0.015924925194560367,0.01609528485943241,CONT_2611_ITSA3_2026-06-19
R03 B2,2026-06-23,ALOS3,0.010944935122668888,0.011063540827860053,CONT_2633_ALOS3_2026-06-23
R03 B2,2026-06-24,CMIG3,0.020150375801808614,0.020439519451790934,CONT_2358_CMIG3_2026-06-24;CONT_2481_CSMG3_2026-06-24
R03 B2,2026-06-24,CSMG3,0.029227240505494037,0.02941573993904693,CONT_2358_CMIG3_2026-06-24;CONT_2481_CSMG3_2026-06-24
R03 B2,2026-06-29,PNVL3,0.022128026748821347,0.02236643714106696,CONT_2527_PNVL3_2026-06-29;CONT_2528_PNVL3_2026-06-29;CONT_2529_PNVL3_2026-06-29;CONT_2530_PNVL3_2026-06-29
