case,portfolio,final_pct,difference_from_base_pp
EVIDENCE_ONLY_BASE,R03 B2,390.69338120163525,0.0
2018:ITUB3,R03 B2,380.8224046770003,-9.870976524634955
2018:BBDC3,R03 B2,395.84309932555095,5.149718123915704
2018:BBDC3;2018:ITUB3,R03 B2,386.6465882867332,-4.046792914902028
2017:SMTO3,R03 B2,409.64251146540545,18.9491302637702
2017:SMTO3;2018:ITUB3,R03 B2,391.62507795927934,0.9316967576440902
2017:SMTO3;2018:BBDC3,R03 B2,409.039254683858,18.34587348222277
2017:SMTO3;2018:BBDC3;2018:ITUB3,R03 B2,395.13080979563074,4.437428593995492
2017:ITUB3,R03 B2,435.434989318678,44.741608117042745
2017:ITUB3;2018:ITUB3,R03 B2,425.7751325812391,35.08175137960387
2017:ITUB3;2018:BBDC3,R03 B2,440.87698661094015,50.1836054093049
2017:ITUB3;2018:BBDC3;2018:ITUB3,R03 B2,432.3508732039646,41.65749200232938
2017:ITUB3;2017:SMTO3,R03 B2,414.4510238013801,23.757642599744827
2017:ITUB3;2017:SMTO3;2018:ITUB3,R03 B2,405.5677077849667,14.874326583331424
2017:ITUB3;2017:SMTO3;2018:BBDC3,R03 B2,419.7095018985381,29.016120696902874
2017:ITUB3;2017:SMTO3;2018:BBDC3;2018:ITUB3,R03 B2,411.61647905347644,20.92309785184119
2017:BBDC3,R03 B2,400.5693844143761,9.87600321274084
2017:BBDC3;2018:ITUB3,R03 B2,386.50001149904654,-4.193369702588711
2017:BBDC3;2018:BBDC3,R03 B2,398.7796491706099,8.086267968974653
2017:BBDC3;2018:BBDC3;2018:ITUB3,R03 B2,388.52204066789176,-2.1713405337434892
2017:BBDC3;2017:SMTO3,R03 B2,405.6525524496547,14.959171248019459
2017:BBDC3;2017:SMTO3;2018:ITUB3,R03 B2,392.1866745172733,1.4932933156380273
2017:BBDC3;2017:SMTO3;2018:BBDC3,R03 B2,402.94164420018114,12.248262998545897
2017:BBDC3;2017:SMTO3;2018:BBDC3;2018:ITUB3,R03 B2,392.013007873241,1.3196266716057607
2017:BBDC3;2017:ITUB3,R03 B2,417.99812225876076,27.30474105712551
2017:BBDC3;2017:ITUB3;2018:ITUB3,R03 B2,412.27140879374645,21.578027592111198
2017:BBDC3;2017:ITUB3;2018:BBDC3,R03 B2,412.27140879374645,21.578027592111198
2017:BBDC3;2017:ITUB3;2018:BBDC3;2018:ITUB3,R03 B2,408.3638331807394,17.670451979104143
2017:BBDC3;2017:ITUB3;2017:SMTO3,R03 B2,412.7125227604825,22.019141558847252
2017:BBDC3;2017:ITUB3;2017:SMTO3;2018:ITUB3,R03 B2,406.91184794681965,16.2184667451844
2017:BBDC3;2017:ITUB3;2017:SMTO3;2018:BBDC3,R03 B2,406.91184794681965,16.2184667451844
2017:BBDC3;2017:ITUB3;2017:SMTO3;2018:BBDC3;2018:ITUB3,R03 B2,403.02314311153384,12.329761909898593
2016:ITUB3,R03 B2,417.73491969941136,27.041538497776116
2016:ITUB3;2018:ITUB3,R03 B2,409.3697431448425,18.67636194320727
2016:ITUB3;2018:BBDC3,R03 B2,423.08185369399956,32.388472492364315
2016:ITUB3;2018:BBDC3;2018:ITUB3,R03 B2,415.5243435195329,24.830962317897672
2016:ITUB3;2017:SMTO3,R03 B2,411.80116820083407,21.107786999198822
2016:ITUB3;2017:SMTO3;2018:ITUB3,R03 B2,411.80116820083407,21.107786999198822
2016:ITUB3;2017:SMTO3;2018:BBDC3,R03 B2,411.4360404950266,20.74265929339134
2016:ITUB3;2017:SMTO3;2018:BBDC3;2018:ITUB3,R03 B2,411.43002347845766,20.73664227682241
2016:ITUB3;2017:ITUB3,R03 B2,417.73491969941136,27.041538497776116
2016:ITUB3;2017:ITUB3;2018:ITUB3,R03 B2,409.3697431448425,18.67636194320727
2016:ITUB3;2017:ITUB3;2018:BBDC3,R03 B2,423.08185369399956,32.388472492364315
2016:ITUB3;2017:ITUB3;2018:BBDC3;2018:ITUB3,R03 B2,415.5243435195329,24.830962317897672
2016:ITUB3;2017:ITUB3;2017:SMTO3,R03 B2,411.80116820083407,21.107786999198822
2016:ITUB3;2017:ITUB3;2017:SMTO3;2018:ITUB3,R03 B2,411.80116820083407,21.107786999198822
2016:ITUB3;2017:ITUB3;2017:SMTO3;2018:BBDC3,R03 B2,411.4360404950266,20.74265929339134
2016:ITUB3;2017:ITUB3;2017:SMTO3;2018:BBDC3;2018:ITUB3,R03 B2,411.43002347845766,20.73664227682241
2016:ITUB3;2017:BBDC3,R03 B2,411.20589265531856,20.512511453683317
2016:ITUB3;2017:BBDC3;2018:ITUB3,R03 B2,408.33956449459026,17.646183292955016
2016:ITUB3;2017:BBDC3;2018:BBDC3,R03 B2,408.33956449459026,17.646183292955016
2016:ITUB3;2017:BBDC3;2018:BBDC3;2018:ITUB3,R03 B2,407.1083666377646,16.41498543612937
2016:ITUB3;2017:BBDC3;2017:SMTO3,R03 B2,414.0237616521056,23.33038045047033
2016:ITUB3;2017:BBDC3;2017:SMTO3;2018:ITUB3,R03 B2,409.84409967625146,19.150718474616212
2016:ITUB3;2017:BBDC3;2017:SMTO3;2018:BBDC3,R03 B2,409.84409967625146,19.150718474616212
2016:ITUB3;2017:BBDC3;2017:SMTO3;2018:BBDC3;2018:ITUB3,R03 B2,407.12249252756675,16.4291113259315
2016:ITUB3;2017:BBDC3;2017:ITUB3,R03 B2,411.20589265531856,20.512511453683317
2016:ITUB3;2017:BBDC3;2017:ITUB3;2018:ITUB3,R03 B2,408.33956449459026,17.646183292955016
2016:ITUB3;2017:BBDC3;2017:ITUB3;2018:BBDC3,R03 B2,408.33956449459026,17.646183292955016
2016:ITUB3;2017:BBDC3;2017:ITUB3;2018:BBDC3;2018:ITUB3,R03 B2,407.1083666377646,16.41498543612937
2016:ITUB3;2017:BBDC3;2017:ITUB3;2017:SMTO3,R03 B2,414.0237616521056,23.33038045047033
2016:ITUB3;2017:BBDC3;2017:ITUB3;2017:SMTO3;2018:ITUB3,R03 B2,409.84409967625146,19.150718474616212
2016:ITUB3;2017:BBDC3;2017:ITUB3;2017:SMTO3;2018:BBDC3,R03 B2,409.84409967625146,19.150718474616212
2016:ITUB3;2017:BBDC3;2017:ITUB3;2017:SMTO3;2018:BBDC3;2018:ITUB3,R03 B2,407.12249252756675,16.4291113259315
2016:BBDC3,R03 B2,388.2610834848154,-2.4322977168198463
2016:BBDC3;2018:ITUB3,R03 B2,376.78977848164965,-13.9036027199856
2016:BBDC3;2018:BBDC3,R03 B2,383.4600776814426,-7.233303520192635
2016:BBDC3;2018:BBDC3;2018:ITUB3,R03 B2,374.61901839332626,-16.07436280830899
2016:BBDC3;2017:SMTO3,R03 B2,401.630600327392,10.93721912575677
2016:BBDC3;2017:SMTO3;2018:ITUB3,R03 B2,385.75162610542753,-4.941755096207714
2016:BBDC3;2017:SMTO3;2018:BBDC3,R03 B2,401.6306003273921,10.937219125756826
2016:BBDC3;2017:SMTO3;2018:BBDC3;2018:ITUB3,R03 B2,385.75162610542753,-4.941755096207714
2016:BBDC3;2017:ITUB3,R03 B2,424.61716338539605,33.92378218376081
2016:BBDC3;2017:ITUB3;2018:ITUB3,R03 B2,416.0078977726526,25.31451657101735
2016:BBDC3;2017:ITUB3;2018:BBDC3,R03 B2,416.0078977726526,25.31451657101735
2016:BBDC3;2017:ITUB3;2018:BBDC3;2018:ITUB3,R03 B2,409.98169110107307,19.28830989943782
2016:BBDC3;2017:ITUB3;2017:SMTO3,R03 B2,407.56450670151577,16.87112549988052
2016:BBDC3;2017:ITUB3;2017:SMTO3;2018:ITUB3,R03 B2,400.0148766858062,9.321495484170953
2016:BBDC3;2017:ITUB3;2017:SMTO3;2018:BBDC3,R03 B2,400.0148766858062,9.321495484170953
2016:BBDC3;2017:ITUB3;2017:SMTO3;2018:BBDC3;2018:ITUB3,R03 B2,394.8654822488984,4.172101047263141
2016:BBDC3;2017:BBDC3,R03 B2,388.2610834848154,-2.4322977168198463
2016:BBDC3;2017:BBDC3;2018:ITUB3,R03 B2,376.78977848164965,-13.9036027199856
2016:BBDC3;2017:BBDC3;2018:BBDC3,R03 B2,383.4600776814426,-7.233303520192635
2016:BBDC3;2017:BBDC3;2018:BBDC3;2018:ITUB3,R03 B2,374.61901839332626,-16.07436280830899
2016:BBDC3;2017:BBDC3;2017:SMTO3,R03 B2,401.630600327392,10.93721912575677
2016:BBDC3;2017:BBDC3;2017:SMTO3;2018:ITUB3,R03 B2,385.75162610542753,-4.941755096207714
2016:BBDC3;2017:BBDC3;2017:SMTO3;2018:BBDC3,R03 B2,401.6306003273921,10.937219125756826
2016:BBDC3;2017:BBDC3;2017:SMTO3;2018:BBDC3;2018:ITUB3,R03 B2,385.75162610542753,-4.941755096207714
2016:BBDC3;2017:BBDC3;2017:ITUB3,R03 B2,424.61716338539605,33.92378218376081
2016:BBDC3;2017:BBDC3;2017:ITUB3;2018:ITUB3,R03 B2,416.0078977726526,25.31451657101735
2016:BBDC3;2017:BBDC3;2017:ITUB3;2018:BBDC3,R03 B2,416.0078977726526,25.31451657101735
2016:BBDC3;2017:BBDC3;2017:ITUB3;2018:BBDC3;2018:ITUB3,R03 B2,409.98169110107307,19.28830989943782
2016:BBDC3;2017:BBDC3;2017:ITUB3;2017:SMTO3,R03 B2,407.56450670151577,16.87112549988052
2016:BBDC3;2017:BBDC3;2017:ITUB3;2017:SMTO3;2018:ITUB3,R03 B2,400.0148766858062,9.321495484170953
2016:BBDC3;2017:BBDC3;2017:ITUB3;2017:SMTO3;2018:BBDC3,R03 B2,400.0148766858062,9.321495484170953
2016:BBDC3;2017:BBDC3;2017:ITUB3;2017:SMTO3;2018:BBDC3;2018:ITUB3,R03 B2,394.8654822488984,4.172101047263141
2016:BBDC3;2016:ITUB3,R03 B2,408.69639226441683,18.00301106278158
2016:BBDC3;2016:ITUB3;2018:ITUB3,R03 B2,402.36906825250725,11.675687050872
2016:BBDC3;2016:ITUB3;2018:BBDC3,R03 B2,402.36906825250725,11.675687050872
2016:BBDC3;2016:ITUB3;2018:BBDC3;2018:ITUB3,R03 B2,398.09119217160224,7.397810969966997
2016:BBDC3;2016:ITUB3;2017:SMTO3,R03 B2,404.37458250307924,13.681201301443991
2016:BBDC3;2016:ITUB3;2017:SMTO3;2018:ITUB3,R03 B2,404.37458250307924,13.681201301443991
2016:BBDC3;2016:ITUB3;2017:SMTO3;2018:BBDC3,R03 B2,404.37458250307924,13.681201301443991
2016:BBDC3;2016:ITUB3;2017:SMTO3;2018:BBDC3;2018:ITUB3,R03 B2,404.37458250307924,13.681201301443991
2016:BBDC3;2016:ITUB3;2017:ITUB3,R03 B2,408.69639226441683,18.00301106278158
2016:BBDC3;2016:ITUB3;2017:ITUB3;2018:ITUB3,R03 B2,402.36906825250725,11.675687050872
2016:BBDC3;2016:ITUB3;2017:ITUB3;2018:BBDC3,R03 B2,402.36906825250725,11.675687050872
2016:BBDC3;2016:ITUB3;2017:ITUB3;2018:BBDC3;2018:ITUB3,R03 B2,398.09119217160224,7.397810969966997
2016:BBDC3;2016:ITUB3;2017:ITUB3;2017:SMTO3,R03 B2,404.37458250307924,13.681201301443991
2016:BBDC3;2016:ITUB3;2017:ITUB3;2017:SMTO3;2018:ITUB3,R03 B2,404.37458250307924,13.681201301443991
2016:BBDC3;2016:ITUB3;2017:ITUB3;2017:SMTO3;2018:BBDC3,R03 B2,404.37458250307924,13.681201301443991
2016:BBDC3;2016:ITUB3;2017:ITUB3;2017:SMTO3;2018:BBDC3;2018:ITUB3,R03 B2,404.37458250307924,13.681201301443991
2016:BBDC3;2016:ITUB3;2017:BBDC3,R03 B2,408.69639226441683,18.00301106278158
2016:BBDC3;2016:ITUB3;2017:BBDC3;2018:ITUB3,R03 B2,402.36906825250725,11.675687050872
2016:BBDC3;2016:ITUB3;2017:BBDC3;2018:BBDC3,R03 B2,402.36906825250725,11.675687050872
2016:BBDC3;2016:ITUB3;2017:BBDC3;2018:BBDC3;2018:ITUB3,R03 B2,398.09119217160224,7.397810969966997
2016:BBDC3;2016:ITUB3;2017:BBDC3;2017:SMTO3,R03 B2,404.37458250307924,13.681201301443991
2016:BBDC3;2016:ITUB3;2017:BBDC3;2017:SMTO3;2018:ITUB3,R03 B2,404.37458250307924,13.681201301443991
2016:BBDC3;2016:ITUB3;2017:BBDC3;2017:SMTO3;2018:BBDC3,R03 B2,404.37458250307924,13.681201301443991
2016:BBDC3;2016:ITUB3;2017:BBDC3;2017:SMTO3;2018:BBDC3;2018:ITUB3,R03 B2,404.37458250307924,13.681201301443991
2016:BBDC3;2016:ITUB3;2017:BBDC3;2017:ITUB3,R03 B2,408.69639226441683,18.00301106278158
2016:BBDC3;2016:ITUB3;2017:BBDC3;2017:ITUB3;2018:ITUB3,R03 B2,402.36906825250725,11.675687050872
2016:BBDC3;2016:ITUB3;2017:BBDC3;2017:ITUB3;2018:BBDC3,R03 B2,402.36906825250725,11.675687050872
2016:BBDC3;2016:ITUB3;2017:BBDC3;2017:ITUB3;2018:BBDC3;2018:ITUB3,R03 B2,398.09119217160224,7.397810969966997
2016:BBDC3;2016:ITUB3;2017:BBDC3;2017:ITUB3;2017:SMTO3,R03 B2,404.37458250307924,13.681201301443991
2016:BBDC3;2016:ITUB3;2017:BBDC3;2017:ITUB3;2017:SMTO3;2018:ITUB3,R03 B2,404.37458250307924,13.681201301443991
2016:BBDC3;2016:ITUB3;2017:BBDC3;2017:ITUB3;2017:SMTO3;2018:BBDC3,R03 B2,404.37458250307924,13.681201301443991
2016:BBDC3;2016:ITUB3;2017:BBDC3;2017:ITUB3;2017:SMTO3;2018:BBDC3;2018:ITUB3,R03 B2,404.37458250307924,13.681201301443991
