portfolio,formation_year,closing_year,date,nav,external_capital,twr_pct,twr_cumulative_pct,status
V0,2014,2015,2015-06-30,131677.12527588528,130000.0,,,"ND_UNVALUED_FLOW_DATE:2014-07-01,2015-01-02"
V0,2015,2016,2016-06-30,183732.76386118564,160000.0,11.459500274849145,,EXACT_FLOW_ADJUSTED_TWR
V0,2016,2017,2017-06-30,262217.10522319446,190000.0,25.54944276332911,,EXACT_FLOW_ADJUSTED_TWR
V0,2017,2018,2018-06-29,302024.0833779848,220000.0,4.556556225241715,,EXACT_FLOW_ADJUSTED_TWR
V0,2018,2019,2019-06-28,527565.8969125112,250000.0,61.94096088201211,,EXACT_FLOW_ADJUSTED_TWR
V0,2019,2020,2020-06-30,538668.058089862,280000.0,-3.3453331588729984,,EXACT_FLOW_ADJUSTED_TWR
V0,2020,2021,2021-06-30,581062.3681591456,310000.0,2.2541617871273845,,EXACT_FLOW_ADJUSTED_TWR
V0,2021,2022,2022-06-30,639254.002112712,340000.0,4.797374178351577,,EXACT_FLOW_ADJUSTED_TWR
V0,2022,2023,2023-06-30,865862.8206592719,370000.0,29.92789266667739,,EXACT_FLOW_ADJUSTED_TWR
V0,2023,2024,2024-06-28,992430.9672911793,400000.0,,,ND_UNVALUED_FLOW_DATE:2023-09-01
V0,2024,2025,2025-06-30,1322978.8834309457,430000.0,29.69127299072052,,EXACT_FLOW_ADJUSTED_TWR
V0,2025,2026,2026-06-30,1646488.2000865682,460000.0,21.97984971597904,,EXACT_FLOW_ADJUSTED_TWR
BH padrão,2014,2015,2015-06-30,154349.34286748475,130000.0,20.893000168125788,20.893000168125788,EXACT_FLOW_ADJUSTED_TWR
BH padrão,2015,2016,2016-06-30,203605.61958639452,160000.0,9.052611557232826,31.836973873231035,EXACT_FLOW_ADJUSTED_TWR
BH padrão,2016,2017,2017-06-30,271295.4272826081,190000.0,17.883288005564356,55.41375960880153,EXACT_FLOW_ADJUSTED_TWR
BH padrão,2017,2018,2018-06-29,303025.5079375503,220000.0,1.7135355862425206,58.076829685615735,EXACT_FLOW_ADJUSTED_TWR
BH padrão,2018,2019,2019-06-28,492141.5237445389,250000.0,50.37063862996134,137.70113832425673,EXACT_FLOW_ADJUSTED_TWR
BH padrão,2019,2020,2020-06-30,587092.8184182136,280000.0,12.942330322870976,168.46520482740632,EXACT_FLOW_ADJUSTED_TWR
BH padrão,2020,2021,2021-06-30,734587.8050461053,310000.0,19.787920703293583,221.5888866745882,EXACT_FLOW_ADJUSTED_TWR
BH padrão,2021,2022,2022-06-30,716239.190215853,340000.0,-6.351384244997704,201.1635407926749,EXACT_FLOW_ADJUSTED_TWR
BH padrão,2022,2023,2023-06-30,977206.4138035586,370000.0,31.63472477132214,296.4357980340061,EXACT_FLOW_ADJUSTED_TWR
BH padrão,2023,2024,2024-06-28,984146.0014568146,400000.0,-2.448141462878861,286.7304888886408,EXACT_FLOW_ADJUSTED_TWR
BH padrão,2024,2025,2025-06-30,1116516.988275818,430000.0,10.27744448345873,326.47650018477935,EXACT_FLOW_ADJUSTED_TWR
BH padrão,2025,2026,2026-06-30,1270936.407901053,460000.0,11.065763605369217,373.6693815276789,EXACT_FLOW_ADJUSTED_TWR
BESST-10 BH,2014,2015,2015-06-30,121278.85365259644,130000.0,-7.337111536358054,-7.337111536358054,EXACT_FLOW_ADJUSTED_TWR
BESST-10 BH,2015,2016,2016-06-30,167499.75311979378,160000.0,8.233464424844495,0.2922544203292521,EXACT_FLOW_ADJUSTED_TWR
BESST-10 BH,2016,2017,2017-06-30,235188.1375592388,190000.0,21.559101725832086,21.914363573938388,EXACT_FLOW_ADJUSTED_TWR
BESST-10 BH,2017,2018,2018-06-29,287880.1429365565,220000.0,10.153642157108278,34.29311178935206,EXACT_FLOW_ADJUSTED_TWR
BESST-10 BH,2018,2019,2019-06-28,485545.7465266506,250000.0,55.74738861611783,109.15801470323964,EXACT_FLOW_ADJUSTED_TWR
BESST-10 BH,2019,2020,2020-06-30,483025.984539627,280000.0,-6.385125306675487,95.80301337548305,EXACT_FLOW_ADJUSTED_TWR
BESST-10 BH,2020,2021,2021-06-30,519429.5973718976,310000.0,1.218855059687285,98.18956831103026,EXACT_FLOW_ADJUSTED_TWR
BESST-10 BH,2021,2022,2022-06-30,553774.013659332,340000.0,0.872426357278866,99.91862634235282,EXACT_FLOW_ADJUSTED_TWR
BESST-10 BH,2022,2023,2023-06-30,774942.9947809582,370000.0,33.52893177294256,166.94920617008412,EXACT_FLOW_ADJUSTED_TWR
BESST-10 BH,2023,2024,2024-06-28,905220.406502082,400000.0,12.65639545389423,200.7353533640015,EXACT_FLOW_ADJUSTED_TWR
BESST-10 BH,2024,2025,2025-06-30,1332049.0495142026,430000.0,42.99373912368154,330.03272664200216,EXACT_FLOW_ADJUSTED_TWR
BESST-10 BH,2025,2026,2026-06-30,1767443.9220700825,460000.0,30.106494057191966,459.50050393245664,EXACT_FLOW_ADJUSTED_TWR
V10,2014,2015,2015-06-30,119692.13837730655,130000.0,-8.644013238409087,-8.644013238409087,EXACT_FLOW_ADJUSTED_TWR
V10,2015,2016,2016-06-30,169527.85178847416,160000.0,10.936733354379257,1.3473474369680938,EXACT_FLOW_ADJUSTED_TWR
V10,2016,2017,2017-06-30,235633.24890170956,190000.0,20.49060216018408,22.114029200176688,EXACT_FLOW_ADJUSTED_TWR
V10,2017,2018,2018-06-29,292995.5152925791,220000.0,12.127371187422487,36.923250793199536,EXACT_FLOW_ADJUSTED_TWR
V10,2018,2019,2019-06-28,489558.55842055456,250000.0,54.542194545571945,111.60419661894782,EXACT_FLOW_ADJUSTED_TWR
V10,2019,2020,2020-06-30,507953.2842878151,280000.0,-2.1485542600639618,107.0577656380173,EXACT_FLOW_ADJUSTED_TWR
V10,2020,2021,2021-06-30,532115.9819221793,310000.0,-1.1735309973045505,104.62787857592892,EXACT_FLOW_ADJUSTED_TWR
V10,2021,2022,2022-06-30,576503.456596096,340000.0,2.688628223875522,110.12956147323925,EXACT_FLOW_ADJUSTED_TWR
V10,2022,2023,2023-06-30,767865.2706671555,370000.0,27.18512438860936,167.25354413697877,EXACT_FLOW_ADJUSTED_TWR
V10,2023,2024,2024-06-28,906943.9711917263,400000.0,13.95593279452596,204.5512691477243,EXACT_FLOW_ADJUSTED_TWR
V10,2024,2025,2025-06-30,1334369.5300569334,430000.0,42.976698140115666,335.437348771233,EXACT_FLOW_ADJUSTED_TWR
V10,2025,2026,2026-06-30,1553810.5069132396,460000.0,14.060099731838772,396.6602742781431,EXACT_FLOW_ADJUSTED_TWR
VVAL,2014,2015,2015-06-30,124174.78210673276,130000.0,-5.831102298379697,-5.831102298379697,EXACT_FLOW_ADJUSTED_TWR
VVAL,2015,2016,2016-06-30,174190.2618898262,160000.0,10.903084412718966,4.43621210855496,EXACT_FLOW_ADJUSTED_TWR
VVAL,2016,2017,2017-06-30,252418.37677352765,190000.0,26.76698880000894,32.39064130680547,EXACT_FLOW_ADJUSTED_TWR
VVAL,2017,2018,2018-06-29,286137.66924053396,220000.0,2.530986284654535,35.74143028044692,EXACT_FLOW_ADJUSTED_TWR
VVAL,2018,2019,2019-06-28,519066.7604573174,250000.0,67.86609689185275,127.8638408769618,EXACT_FLOW_ADJUSTED_TWR
VVAL,2019,2020,2020-06-30,537911.1528093226,280000.0,-1.9425038233115366,123.43757705598226,EXACT_FLOW_ADJUSTED_TWR
VVAL,2020,2021,2021-06-30,557740.0592710088,310000.0,-1.8198325124261117,119.37138738374048,EXACT_FLOW_ADJUSTED_TWR
VVAL,2021,2022,2022-06-30,605726.8368521776,340000.0,3.1543548580047487,126.29113939875198,EXACT_FLOW_ADJUSTED_TWR
VVAL,2022,2023,2023-06-30,844561.0544079251,370000.0,33.53505860610919,202.17800561655568,EXACT_FLOW_ADJUSTED_TWR
VVAL,2023,2024,2024-06-28,969810.7486816675,400000.0,,,ND_UNVALUED_FLOW_DATE:2023-09-01
VVAL,2024,2025,2025-06-30,1313052.6613802041,430000.0,31.631147024602345,,EXACT_FLOW_ADJUSTED_TWR
VVAL,2025,2026,2026-06-30,1687498.779824503,460000.0,25.949505148807983,,EXACT_FLOW_ADJUSTED_TWR
