formation,strategy,scenario,central_difference,min_paired_difference,max_paired_difference,winner_changes,indeterminate_exit,bonus_market_proxy,gcap_zero_bound,jcp_identified_net,jcp_unclassified_upper,v9_cash_minus20,v9_cash_plus20
2020,R00,central,6831.298163405911,6622.616137843754,6898.949974258547,False,6831.298163405911,6898.949974258547,6831.298163405911,6622.616137843754,6622.616137843754,6831.298163405911,6831.298163405911
2020,R03,central,4056.1181863819365,3938.155009068141,6613.405384891375,False,6613.405384891375,3938.155009068141,4056.1181863819365,4055.813535607711,4055.813535607711,4056.1181863819365,4056.1181863819365
2020,R16,central,10508.751911278698,9874.098185082374,13335.740888754837,False,13335.740888754837,9874.098185082374,10508.751911278698,10167.607488643436,10167.607488643436,10508.751911278698,10508.751911278698
2020,B00,central,-5889.794086800597,-7131.5003779544495,849.3227666900202,True,849.3227666900202,-6500.355499217432,-5473.853332189436,-6262.042305773095,-5121.999531238311,-4525.697961635044,-7131.5003779544495
2020,B00,conservative,-6983.017326091387,-8318.709129477415,7011.871335001546,True,7011.871335001546,-7340.666348289204,-6626.737175790768,-7184.992580318503,-6102.127221622184,-5606.406991850119,-8318.709129477415
2020,B00S,central,-3102.246972545574,-3774.407551346434,-2310.393771199684,False,-2485.030839073501,-3411.5213131333585,-2967.698024687794,-3227.7599604318966,-2562.6812676139525,-2310.393771199684,-3774.407551346434
2020,B00S,conservative,-4439.896958272904,-5387.76570493076,668.9728014326247,True,668.9728014326247,-4690.4264155692945,-4334.336346843891,-4603.768954434752,-3782.4703070945106,-3419.6153061726363,-5387.76570493076
2020,B06,central,-2058.6806706374336,-3558.52669931954,12071.185204838723,True,12071.185204838723,-1906.922275986988,-1908.132771318138,-2877.9317327945028,-1648.8848181751673,-617.1304736889724,-3558.52669931954
2020,B06,conservative,21006.630534979486,19788.155140357325,21410.17769018738,False,21006.630534979486,21214.081538320082,21006.630534979486,19788.155140357325,20005.519826036296,21410.17769018738,20705.851553482527
2020,B06S,central,-5966.184472544905,-8080.677855963208,7514.595710226451,True,7514.595710226451,-5860.4535104682145,-5859.964087671338,-6999.970018606255,-5320.055542585818,-3853.4986381041817,-8080.677855963208
2020,B06S,conservative,18789.670863608102,17047.251051770407,20090.08192779831,False,18789.670863608102,18931.129920197185,18789.670863608102,17047.251051770407,18090.805836578947,20090.08192779831,17765.779784268874
2021,R00,central,6345.175173852185,6151.061271554267,6410.7423074414255,False,6345.175173852185,6410.7423074414255,6345.175173852185,6151.061271554267,6151.061271554267,6345.175173852185,6345.175173852185
2021,R03,central,3206.273174374248,3111.1485146222985,5288.134262806503,False,5288.134262806503,3111.1485146222985,3206.273174374248,3200.0740291211696,3200.0740291211696,3206.273174374248,3206.273174374248
2021,R16,central,8552.82358778338,8042.069534465787,10860.603629911813,False,10860.603629911813,8042.069534465787,8552.82358778338,8259.09102591747,8259.09102591747,8552.82358778338,8552.82358778338
2021,B00,central,5616.917661645915,4811.472549168451,6555.00559536973,False,4932.708171895938,5239.341194736422,6096.408491112525,5114.251240675687,5776.9114446337335,6555.00559536973,4811.472549168451
2021,B00,conservative,5742.900881578826,5155.059533529944,8009.045704933087,False,8009.045704933087,5493.936943747918,6124.174045478954,5317.798330442427,5787.228895436769,6416.89055806963,5155.059533529944
2021,B00S,central,18.891954239399638,-776.2689858774538,950.7744708227983,True,-499.4459054931649,-244.36981145158643,209.57367024291307,-19.138686479476746,637.9663122794882,950.7744708227983,-776.2689858774538
2021,B00S,conservative,594.6550050842343,-116.67212488781661,1419.1377446360711,True,1033.789622665994,419.1379564765666,739.6524004134408,535.2509613454749,1122.1073003003548,1419.1377446360711,-116.67212488781661
2021,B06,central,19146.606782350136,17784.958436239715,20430.151900759432,False,19146.606782350136,19329.944327555306,19328.54040126677,17835.389018555637,18897.568105651095,20430.151900759432,17784.958436239715
2021,B06,conservative,25981.33769089749,24606.296321316622,27249.213014132605,False,25981.33769089749,26221.67915452525,25981.33769089749,24606.296321316622,25656.520146651106,27249.213014132605,24751.14365663298
2021,B06S,central,9485.017837566033,7693.433526363224,11230.664951148268,False,9485.017837566033,9623.826151326793,9607.521574888728,7757.8167851686885,9182.667543330608,11230.664951148268,7693.433526363224
2021,B06S,conservative,19577.010149306414,17810.41180350544,20894.4437430315,False,19577.010149306414,19796.55025701874,19577.010149306414,17810.41180350544,18862.4525031691,20894.4437430315,18245.273042639106
2022,R00,central,6425.8840761813335,6277.090243797953,6486.852805369679,False,6425.8840761813335,6486.852805369679,6425.8840761813335,6277.090243797953,6277.090243797953,6425.8840761813335,6425.8840761813335
2022,R03,central,4420.478357764921,4346.740387078462,6333.397906298982,False,6333.397906298982,4346.740387078462,4420.478357764921,4409.368333954451,4409.368333954451,4420.478357764921,4420.478357764921
2022,R16,central,8831.758919618529,8389.584301220602,10945.810508395632,False,10945.810508395632,8389.584301220602,8831.758919618529,8575.523002903647,8575.523002903647,8831.758919618529,8831.758919618529
2022,B00,central,15140.983279389708,12305.814130115934,15833.689526289556,False,12305.814130115934,14940.324115251162,15833.689526289556,14306.478772116243,14718.661424887163,15717.748773159692,14637.473632588226
2022,B00,conservative,11529.055323571869,10953.476941235538,15167.123483753152,False,15167.123483753152,11358.134876441472,11886.19730924131,10953.476941235538,11228.48368606245,11929.71502629164,11192.488598424563
2022,B00S,central,11141.346600486664,10541.380558863777,11644.798543588957,False,11101.336893436412,11013.637396172417,11419.94974158972,10541.380558863777,10854.473681904143,11644.798543588957,10765.569302433927
2022,B00S,conservative,10967.844268707646,10428.378391743317,11729.227821163397,False,11729.227821163397,10848.298696523852,11098.243585276708,10428.378391743317,10755.22785815908,11423.321754600562,10578.763995903108
2022,B06,central,18679.34682418985,17418.75031639464,19890.62297704126,False,18679.34682418985,18842.02113751837,18840.77544207347,17519.6870826768,18508.07144274842,19890.62297704126,17418.75031639464
2022,B06,conservative,25005.27271774452,23795.915717800613,26164.32830537355,False,25005.27271774452,25215.30648229213,25005.27271774452,23795.915717800613,24718.42561637904,26164.32830537355,23807.990997881658
2022,B06S,central,10001.552584179968,8407.2072571397,11578.227689192514,False,10001.552584179968,10124.578995756368,10109.60481956866,8466.252417471056,9740.897422219045,11578.227689192514,8407.2072571397
2022,B06S,conservative,19688.64651966284,18092.118639989756,20960.567335661675,False,19688.64651966284,19883.743770890404,19688.64651966284,18113.25065763577,19113.27043842367,20960.567335661675,18092.118639989756
2023,R00,central,2977.8276279076817,2924.8432630233874,3010.4317583243537,False,2977.8276279076817,3010.4317583243537,2977.8276279076817,2924.8432630233874,2924.8432630233874,2977.8276279076817,2977.8276279076817
2023,R03,central,1917.9506729760906,1844.266035760258,3434.8087043904234,False,3434.8087043904234,1844.266035760258,1917.9506729760906,1957.548748136498,1957.548748136498,1917.9506729760906,1917.9506729760906
2023,R16,central,5206.688233612134,4858.3934936648,6789.215150883305,False,6789.215150883305,4858.3934936648,5206.688233612134,5180.159229252255,5180.159229252255,5206.688233612134,5206.688233612134
2023,B00,central,4364.807736559858,4202.701967436413,4605.153383401193,False,4364.807736559858,4228.818538048479,4605.153383401193,4202.701967436413,4306.577358387236,4510.441439253715,4250.596325908438
2023,B00,conservative,4495.214218520006,4278.383504488564,4743.034973215021,False,4495.214218520006,4368.722431335511,4742.818379249016,4283.897374856373,4464.160375052859,4743.034973215021,4278.383504488564
2023,B00S,central,1477.0657646106847,1383.9267764909018,1605.8010607805336,False,1477.0657646106847,1393.804896923888,1583.8204905185557,1408.0562973724154,1492.9783118170162,1605.8010607805336,1383.9267764909018
2023,B00S,conservative,3799.449795809225,3603.415319692431,4018.4731919031474,False,3799.449795809225,3705.81179545779,3914.1133427227032,3650.7542978749843,3810.960930881789,4018.4731919031474,3603.415319692431
2023,B06,central,3984.0067795696377,3779.4763966743776,4131.638361146557,False,3984.0067795696377,4131.638361146557,4107.970019172935,3779.4763966743776,3874.979598719103,4057.4730431134813,3914.039401045302
2023,B06,conservative,4230.727698394185,4096.213837236573,4429.119458504691,False,4230.727698394185,4429.119458504691,4230.727698394185,4132.179512246163,4096.213837236573,4160.335221270187,4310.569314202323
2023,B06S,central,1220.791712938022,719.4327688560588,1722.4082901714428,False,1220.791712938022,1323.0041171814373,1291.84364919964,920.4762394617137,1366.576436741656,1722.4082901714428,719.4327688560588
2023,B06S,conservative,5314.2666030768305,5075.648609339929,5496.050602392788,False,5314.2666030768305,5496.050602392788,5314.2666030768305,5075.648609339929,5213.735996419389,5445.628944113181,5190.24834603889
2024,R00,central,774.6502158305084,751.7998069558234,792.9059290274454,False,774.6502158305084,792.9059290274454,774.6502158305084,751.7998069558234,751.7998069558234,774.6502158305084,774.6502158305084
2024,R03,central,1507.157914792333,1464.9972083714092,1561.7398004540592,False,1507.157914792333,1561.7398004540592,1507.157914792333,1464.9972083714092,1464.9972083714092,1507.157914792333,1507.157914792333
2024,R16,central,5860.899007770087,5699.4808397947345,5860.899007770087,False,5860.899007770087,5699.4808397947345,5860.899007770087,5721.955309296551,5721.955309296551,5860.899007770087,5860.899007770087
2024,B00,central,2515.8145533934876,2442.002352173935,2845.1013741119823,False,2515.8145533934876,2483.718885299051,2845.1013741119823,2442.002352173935,2483.8374310930376,2571.335995380854,2470.834772823
2024,B00,conservative,2617.0632591146277,2537.4918698420806,2962.060566060769,False,2617.0632591146277,2584.2195402670477,2962.060566060769,2537.4918698420806,2588.3053742283955,2685.606688408967,2558.704648225248
2024,B00S,central,3459.3908730114927,3335.9970930368872,3583.7475017238758,False,3459.3908730114927,3422.8589255824627,3583.7475017238758,3335.9970930368872,3416.24937333705,3560.983187887934,3370.36207909559
2024,B00S,conservative,3588.361000559322,3457.7198280926386,3712.781715110148,False,3588.361000559322,3550.166571609181,3712.781715110148,3457.7198280926386,3551.0488997774955,3707.3966704275517,3481.137930321769
2024,B06,central,2034.365852012881,1743.822483379976,2327.1917477697716,False,2034.365852012881,2034.365852012881,2160.030010321032,1819.231790171034,2086.417473145557,2327.1917477697716,1743.822483379976
2024,B06,conservative,700.6554444884823,433.73046250705374,971.7807560361689,False,700.6554444884823,700.6554444884823,700.6554444884823,578.8369191103848,812.3439144076256,971.7807560361689,433.73046250705374
2024,B06S,central,-57.802014674496604,-582.2155477293418,471.45098751434125,True,-57.802014674496604,-57.802014674496604,7.488648405211279,-335.3794244261517,128.15633589719073,471.45098751434125,-582.2155477293418
2024,B06S,conservative,-1276.0265679710137,-1699.8410818153643,-847.9830567935714,False,-1276.0265679710137,-1276.0265679710137,-1276.0265679710137,-1486.1254190754844,-1117.9468970071757,-847.9830567935714,-1699.8410818153643
2025,R00,central,0.0,0.0,0.0,False,0.0,0.0,0.0,0.0,0.0,0.0,0.0
2025,R03,central,0.0,0.0,0.0,False,0.0,0.0,0.0,0.0,0.0,0.0,0.0
2025,R16,central,0.0,0.0,0.0,False,0.0,0.0,0.0,0.0,0.0,0.0,0.0
2025,B00,central,0.0,0.0,0.0,False,0.0,0.0,0.0,0.0,0.0,0.0,0.0
2025,B00,conservative,0.0,0.0,0.0,False,0.0,0.0,0.0,0.0,0.0,0.0,0.0
2025,B00S,central,0.0,0.0,0.0,False,0.0,0.0,0.0,0.0,0.0,0.0,0.0
2025,B00S,conservative,0.0,0.0,0.0,False,0.0,0.0,0.0,0.0,0.0,0.0,0.0
2025,B06,central,0.0,0.0,0.0,False,0.0,0.0,0.0,0.0,0.0,0.0,0.0
2025,B06,conservative,0.0,0.0,0.0,False,0.0,0.0,0.0,0.0,0.0,0.0,0.0
2025,B06S,central,0.0,0.0,0.0,False,0.0,0.0,0.0,0.0,0.0,0.0,0.0
2025,B06S,conservative,0.0,0.0,0.0,False,0.0,0.0,0.0,0.0,0.0,0.0,0.0
