horizon,partition,filter,selected_unknown,rejected_unknown,loss_advantage_low,loss_advantage_high,bombs_avoided_low,bombs_avoided_high,winners_excluded_low,winners_excluded_high
3,ALL,positive_income,551,399,-0.2801109637,0.5915756905,0.08807588076,0.7918088737,0.05865102639,0.8283018868
3,ALL,cash_conversion,262,172,-0.2375562956,0.3331239452,0.1490514905,0.8136200717,0.0730994152,0.7817460317
3,ALL,margin_positive,515,221,-0.2709961689,0.628184821,0.05325443787,0.6727748691,0.0332278481,0.7159763314
3,ALL,liquidity,551,221,-0.3110013478,0.5032023487,0.0547752809,0.6806282723,0.03129657228,0.7096774194
3,ALL,leverage_low,460,287,-0.3294032141,0.456068804,0.06341463415,0.7375565611,0.04173913043,0.7736318408
3,ALL,roe_high,221,556,-0.2838413363,0.3953261146,0.2810810811,0.9361702128,0.2684365782,0.9599406528
3,ALL,cash_assets_positive,568,205,-0.2775070169,0.5634372076,0.06172839506,0.6830601093,0.0261627907,0.6861538462
3,ALL,revenue_growing,589,311,-0.3387917794,0.4370755016,0.07652399481,0.7505070994,0.05578800558,0.7995444191
3,ALL,income_consistent,400,511,-0.2635855789,0.5236253311,0.1531690141,0.8807069219,0.1226415094,0.8985959438
3,ALL,pe_low,0,0,,,,,,
3,ALL,pb_low,0,0,,,,,,
3,ALL,dividend_yield_high,105,585,-0.1526391142,0.4346789731,0.5119047619,0.9754098361,0.3438914027,0.9429386591
3,ALL,positive_income+cash_conversion,262,571,-0.2384779668,0.4811642335,0.2764976959,0.930013459,0.1701570681,0.9204052098
3,ALL,margin_positive+cash_conversion,254,388,-0.2348622088,0.4516087661,0.2233502538,0.9015151515,0.1257142857,0.8925619835
3,ALL,positive_income+liquidity,359,474,-0.2566186993,0.534266179,0.1468926554,0.8544891641,0.1002087683,0.8787878788
3,ALL,roe_high+leverage_low,107,703,-0.2386211436,0.4023207994,0.4651162791,0.9637002342,0.4429824561,0.9757281553
3,ALL,revenue_growing+cash_conversion,202,437,-0.2398794677,0.4035454591,0.3023255814,0.9343696028,0.1914191419,0.9200743494
3,ALL,pe_low+roe_high,0,556,,,,,,
3,ALL,pb_low+roe_high,0,556,,,,,,
3,ALL,positive_income+cash_conversion+liquidity,219,614,-0.2397350029,0.4612765898,0.3222506394,0.941475827,0.209439528,0.9332425068
3,ALL,roe_high+leverage_low+cash_conversion,51,773,-0.2204276383,0.4009259775,0.6975609756,0.9881337648,0.6494252874,0.9888392857
3,ALL,pe_low+roe_high+cash_conversion,0,662,,,,,,
3,DEVELOPMENT,positive_income,148,121,-0.3090987124,0.6134978541,0.0652173913,0.847133758,0.0585106383,0.8198757764
3,DEVELOPMENT,cash_conversion,68,41,-0.2283879689,0.3971274079,0.08988764045,0.7903225806,0.04395604396,0.703125
3,DEVELOPMENT,margin_positive,140,52,-0.3156592234,0.6571753662,0.02395209581,0.7088607595,0.04069767442,0.7023809524
3,DEVELOPMENT,liquidity,152,54,-0.3041939712,0.5587155963,0.05027932961,0.7777777778,0.0376344086,0.6931818182
3,DEVELOPMENT,leverage_low,123,77,-0.3572534672,0.4579937037,0.04,0.7980769231,0.04516129032,0.7706422018
3,DEVELOPMENT,roe_high,63,165,-0.3592562868,0.3875334403,0.2087912088,0.9533678756,0.3465346535,0.9852216749
3,DEVELOPMENT,cash_assets_positive,158,48,-0.3168074818,0.6127849514,0.03243243243,0.72,0.02604166667,0.6463414634
3,DEVELOPMENT,revenue_growing,148,102,-0.3334707715,0.512323621,0.07103825137,0.8394160584,0.05913978495,0.8071428571
3,DEVELOPMENT,income_consistent,113,151,-0.2736157958,0.5947097461,0.1148648649,0.9032258065,0.1111111111,0.8795811518
3,DEVELOPMENT,pe_low,0,0,,,,,,
3,DEVELOPMENT,pb_low,0,0,,,,,,
3,DEVELOPMENT,dividend_yield_high,28,105,-0.2437636916,0.4136456788,0.2954545455,0.9752066116,0.2711864407,0.8897058824
3,DEVELOPMENT,positive_income+cash_conversion,68,162,-0.2365991126,0.5387696366,0.198019802,0.9333333333,0.1470588235,0.9030612245
3,DEVELOPMENT,margin_positive+cash_conversion,64,93,-0.233952136,0.5067200748,0.125,0.8888888889,0.1195652174,0.8595041322
3,DEVELOPMENT,positive_income+liquidity,90,140,-0.2658001169,0.5706193353,0.1219512195,0.8959537572,0.1129032258,0.8850574713
3,DEVELOPMENT,roe_high+leverage_low,27,196,-0.2981589958,0.3818828452,0.3703703704,0.9686098655,0.5538461538,0.9914529915
3,DEVELOPMENT,revenue_growing+cash_conversion,48,125,-0.2129107115,0.4675913718,0.2597402597,0.9415584416,0.1842105263,0.908496732
3,DEVELOPMENT,pe_low+roe_high,0,165,,,,,,
3,DEVELOPMENT,pb_low+roe_high,0,165,,,,,,
3,DEVELOPMENT,positive_income+cash_conversion+liquidity,57,173,-0.2311539036,0.51272578,0.2444444444,0.9466019417,0.1978021978,0.922705314
3,DEVELOPMENT,roe_high+leverage_low+cash_conversion,12,212,-0.2748022599,0.3644444444,0.6,0.9833333333,0.74,0.996
3,DEVELOPMENT,pe_low+roe_high+cash_conversion,0,190,,,,,,
3,OOS,positive_income,254,162,-0.231033237,0.6251083815,0.1184210526,0.71875,0.02068965517,0.8484848485
3,OOS,cash_conversion,110,91,-0.2275849667,0.3091170653,0.2173913043,0.7939393939,0.07971014493,0.8571428571
3,OOS,margin_positive,238,96,-0.2186400206,0.6553469748,0.0790960452,0.5849056604,0.01102941176,0.7615384615
3,OOS,liquidity,245,98,-0.2909279909,0.5126189126,0.06648199446,0.5700934579,0.01075268817,0.7651515152
3,OOS,leverage_low,207,122,-0.3058510357,0.4389702853,0.09463722397,0.6551724138,0.02904564315,0.8269230769
3,OOS,roe_high,106,234,-0.2350160711,0.4193735426,0.3414634146,0.9129129129,0.1678832117,0.9698113208
3,OOS,cash_assets_positive,244,100,-0.2408816708,0.5384337056,0.09722222222,0.625,0.02158273381,0.7910447761
3,OOS,revenue_growing,302,101,-0.3112494442,0.4263450422,0.08470588235,0.6116071429,0.02366863905,0.795620438
3,OOS,income_consistent,185,201,-0.2347180007,0.5216143195,0.186440678,0.8231511254,0.07272727273,0.9194915254
3,OOS,pe_low,0,0,,,,,,
3,OOS,pb_low,0,0,,,,,,
3,OOS,dividend_yield_high,52,299,-0.1039770812,0.4707336254,0.6073619632,0.9707317073,0.275862069,0.9670658683
3,OOS,positive_income+cash_conversion,110,253,-0.2105513547,0.4606084047,0.3711790393,0.9086021505,0.1180555556,0.9407665505
3,OOS,margin_positive+cash_conversion,107,183,-0.2074462272,0.4262381402,0.3221153846,0.8802816901,0.09489051095,0.9201877934
3,OOS,positive_income+liquidity,168,195,-0.2148782295,0.559524193,0.181184669,0.7866242038,0.0396039604,0.8864628821
3,OOS,roe_high+leverage_low,52,309,-0.1928009374,0.4232257648,0.5379746835,0.9493975904,0.3095238095,0.9824046921
3,OOS,revenue_growing+cash_conversion,90,175,-0.2076819168,0.385872935,0.3804347826,0.9107806691,0.1260504202,0.931372549
3,OOS,pe_low+roe_high,0,234,,,,,,
3,OOS,pb_low+roe_high,0,234,,,,,,
3,OOS,positive_income+cash_conversion+liquidity,90,273,-0.2085770621,0.4442901742,0.4210526316,0.9209183673,0.1451612903,0.9478827362
3,OOS,roe_high+leverage_low+cash_conversion,25,345,-0.1893349188,0.4188535345,0.7669172932,0.9867549669,0.5423728814,0.9947229551
3,OOS,pe_low+roe_high+cash_conversion,0,293,,,,,,
3,PURGED_DESCRIPTIVE,positive_income,149,116,-0.3117024588,0.5383597884,0.04597701149,0.8794326241,0.112745098,0.8128654971
3,PURGED_DESCRIPTIVE,cash_conversion,84,40,-0.2884030418,0.3167028789,0.07291666667,0.9038461538,0.08849557522,0.7246376812
3,PURGED_DESCRIPTIVE,margin_positive,137,73,-0.3005991189,0.5851629956,0.02580645161,0.8461538462,0.0585106383,0.6774193548
3,PURGED_DESCRIPTIVE,liquidity,154,69,-0.3344001897,0.4663940256,0.03488372093,0.8620689655,0.05339805825,0.6611570248
3,PURGED_DESCRIPTIVE,leverage_low,130,88,-0.3381507776,0.4862237999,0.02027027027,0.858490566,0.05586592179,0.7153284672
3,PURGED_DESCRIPTIVE,roe_high,52,157,-0.2861724875,0.3772075711,0.2027027027,0.9608938547,0.3267326733,0.9223300971
3,PURGED_DESCRIPTIVE,cash_assets_positive,166,57,-0.3273921201,0.558083177,0.02173913043,0.8133333333,0.03211009174,0.5871559633
3,PURGED_DESCRIPTIVE,revenue_growing,139,108,-0.342429076,0.4155558087,0.06134969325,0.8939393939,0.1088082902,0.7962962963
3,PURGED_DESCRIPTIVE,income_consistent,102,159,-0.2835213033,0.484962406,0.12,0.956043956,0.2038216561,0.8925233645
3,PURGED_DESCRIPTIVE,pe_low,0,0,,,,,,
3,PURGED_DESCRIPTIVE,pb_low,0,0,,,,,,
3,PURGED_DESCRIPTIVE,dividend_yield_high,25,181,-0.1704656863,0.3904411765,0.3777777778,0.9850746269,0.48,0.9393939394
3,PURGED_DESCRIPTIVE,positive_income+cash_conversion,84,156,-0.2962682104,0.4613256718,0.1442307692,0.9715909091,0.2426470588,0.9086538462
3,PURGED_DESCRIPTIVE,margin_positive+cash_conversion,83,112,-0.3026237329,0.4498509243,0.1020408163,0.9606299213,0.1652892562,0.88
3,PURGED_DESCRIPTIVE,positive_income+liquidity,101,139,-0.2964154701,0.4898857562,0.09090909091,0.9433962264,0.1699346405,0.8638743455
3,PURGED_DESCRIPTIVE,roe_high+leverage_low,28,198,-0.2567951016,0.4016577061,0.3260869565,0.9861111111,0.4936708861,0.9518072289
3,PURGED_DESCRIPTIVE,revenue_growing+cash_conversion,64,137,-0.3159057744,0.3835730665,0.1686746988,0.9679487179,0.2685185185,0.9171270718
3,PURGED_DESCRIPTIVE,pe_low+roe_high,0,157,,,,,,
3,PURGED_DESCRIPTIVE,pb_low+roe_high,0,157,,,,,,
3,PURGED_DESCRIPTIVE,positive_income+cash_conversion+liquidity,72,168,-0.3070319635,0.4417351598,0.1739130435,0.9787234043,0.2822580645,0.9227272727
3,PURGED_DESCRIPTIVE,roe_high+leverage_low+cash_conversion,14,216,-0.2236066575,0.4028706673,0.53125,0.9957264957,0.6769230769,0.9737827715
3,PURGED_DESCRIPTIVE,pe_low+roe_high+cash_conversion,0,179,,,,,,
5,ALL,positive_income,594,375,-0.4397668735,0.664722629,0.04843304843,0.8467908903,0.05943152455,0.7585585586
5,ALL,cash_conversion,289,175,-0.3659770999,0.4954141754,0.07142857143,0.8474576271,0.07579462103,0.6983050847
5,ALL,margin_positive,541,198,-0.4257109011,0.6889230988,0.0252764613,0.7379310345,0.03413940256,0.6166666667
5,ALL,liquidity,575,199,-0.4600965006,0.5684542558,0.02848575712,0.7491408935,0.04465493911,0.6391184573
5,ALL,leverage_low,482,272,-0.4528907923,0.5661445241,0.03832752613,0.8076923077,0.04672897196,0.6990740741
5,ALL,roe_high,235,577,-0.4555681734,0.5015905216,0.1882716049,0.957957958,0.3233082707,0.9527665317
5,ALL,cash_assets_positive,599,176,-0.4196378145,0.6905295101,0.03039073806,0.7350746269,0.02359108781,0.5705882353
5,ALL,revenue_growing,573,346,-0.4857357238,0.5399050986,0.05014749263,0.8425720621,0.07723035952,0.7709923664
5,ALL,income_consistent,439,492,-0.4252149025,0.6148792256,0.08178438662,0.9069373942,0.1233766234,0.8490284006
5,ALL,pe_low,0,0,,,,,,
5,ALL,pb_low,0,0,,,,,,
5,ALL,dividend_yield_high,107,591,-0.3011160094,0.5377894277,0.3689839572,0.9836065574,0.3984375,0.9364864865
5,ALL,positive_income+cash_conversion,289,550,-0.3708776945,0.6025769402,0.1536458333,0.9441860465,0.1692307692,0.875698324
5,ALL,margin_positive+cash_conversion,282,369,-0.3684993259,0.5867458713,0.1142061281,0.9192825112,0.1255924171,0.8290766208
5,ALL,positive_income+liquidity,398,441,-0.4161353562,0.6071325909,0.08113590264,0.8973880597,0.1134751773,0.8319604613
5,ALL,roe_high+leverage_low,126,704,-0.4055479105,0.5215709603,0.3349056604,0.9810126582,0.4795918367,0.9690366972
5,ALL,revenue_growing+cash_conversion,220,468,-0.3783164793,0.5279940805,0.18,0.9525547445,0.2309782609,0.8977272727
5,ALL,pe_low+roe_high,0,577,,,,,,
5,ALL,pb_low+roe_high,0,577,,,,,,
5,ALL,positive_income+cash_conversion+liquidity,252,587,-0.3812189742,0.5740336654,0.181556196,0.9530791789,0.2200956938,0.9017264276
5,ALL,roe_high+leverage_low+cash_conversion,59,780,-0.3594548134,0.5201006876,0.5510204082,0.9919354839,0.6872246696,0.9873417722
5,ALL,pe_low+roe_high+cash_conversion,0,679,,,,,,
5,DEVELOPMENT,positive_income,141,95,-0.4546401985,0.7453349876,0.01290322581,0.8899082569,0.01595744681,0.6901408451
5,DEVELOPMENT,cash_conversion,71,35,-0.3722910217,0.4679144385,0.0375,0.8636363636,0.09345794393,0.6338028169
5,DEVELOPMENT,margin_positive,133,35,-0.4435107376,0.8244631186,0.006944444444,0.7826086957,0.01169590643,0.5068493151
5,DEVELOPMENT,liquidity,143,35,-0.4333333333,0.6266666667,0.02597402597,0.847826087,0.03846153846,0.5675675676
5,DEVELOPMENT,leverage_low,113,63,-0.4866219475,0.5578082605,0.008064516129,0.8648648649,0.03973509934,0.6831683168
5,DEVELOPMENT,roe_high,64,140,-0.478723109,0.5189174185,0.1184210526,0.9802631579,0.3363636364,0.9516129032
5,DEVELOPMENT,cash_assets_positive,143,35,-0.4573781575,0.6687972466,0.01298701299,0.8043478261,0.03296703297,0.5540540541
5,DEVELOPMENT,revenue_growing,143,77,-0.4929689997,0.5980078832,0.01910828025,0.8791208791,0.07407407407,0.7398373984
5,DEVELOPMENT,income_consistent,109,119,-0.4235588972,0.6945488722,0.0325203252,0.9248120301,0.08441558442,0.8048780488
5,DEVELOPMENT,pe_low,0,0,,,,,,
5,DEVELOPMENT,pb_low,0,0,,,,,,
5,DEVELOPMENT,dividend_yield_high,20,79,-0.3470959596,0.5651515152,0.1923076923,0.9882352941,0.2558139535,0.8823529412
5,DEVELOPMENT,positive_income+cash_conversion,71,130,-0.3867647059,0.6429144385,0.06097560976,0.9574468085,0.1181818182,0.8461538462
5,DEVELOPMENT,margin_positive+cash_conversion,68,70,-0.3704732796,0.5943317588,0.05128205128,0.925,0.1142857143,0.7663551402
5,DEVELOPMENT,positive_income+liquidity,93,108,-0.4032105234,0.6972298088,0.03846153846,0.9411764706,0.06060606061,0.7891156463
5,DEVELOPMENT,roe_high+leverage_low,32,167,-0.4057295137,0.5438041306,0.2142857143,0.9943502825,0.4810126582,0.9579439252
5,DEVELOPMENT,revenue_growing+cash_conversion,53,100,-0.3719972546,0.5415236788,0.09523809524,0.9636363636,0.2365591398,0.8714285714
5,DEVELOPMENT,pe_low+roe_high,0,140,,,,,,
5,DEVELOPMENT,pb_low+roe_high,0,140,,,,,,
5,DEVELOPMENT,positive_income+cash_conversion+liquidity,64,137,-0.3911547912,0.6138411138,0.08,0.9662162162,0.1747572816,0.8806818182
5,DEVELOPMENT,roe_high+leverage_low+cash_conversion,18,181,-0.4467514124,0.5145480226,0.3448275862,0.9947916667,0.6769230769,0.9868421053
5,DEVELOPMENT,pe_low+roe_high+cash_conversion,0,163,,,,,,
5,OOS,positive_income,93,57,-0.3789335664,0.7159090909,0.125,0.74,0.01960784314,0.8939393939
5,OOS,cash_conversion,39,33,-0.3048474442,0.5328226126,0.171875,0.7586206897,0.02173913043,0.85
5,OOS,margin_positive,85,34,-0.3648971784,0.7164036346,0.08,0.5945945946,0.02127659574,0.8372093023
5,OOS,liquidity,92,29,-0.4113461538,0.6109615385,0.06818181818,0.5507246377,0,0.7631578947
5,OOS,leverage_low,80,41,-0.4342596117,0.5756376094,0.09166666667,0.6419753086,0,0.82
5,OOS,roe_high,34,91,-0.3964832672,0.5472206466,0.3384615385,0.9262295082,0.1627906977,0.98
5,OOS,cash_assets_positive,92,30,-0.3517006803,0.6986394558,0.08333333333,0.5857142857,0,0.7692307692
5,OOS,revenue_growing,86,58,-0.4922194922,0.5189393939,0.125,0.74,0.02105263158,0.8955223881
5,OOS,income_consistent,67,62,-0.3668160319,0.6646128952,0.180952381,0.81,0.04,0.9285714286
5,OOS,pe_low,0,0,,,,,,
5,OOS,pb_low,0,0,,,,,,
5,OOS,dividend_yield_high,14,116,-0.2758149522,0.55416748,0.5957446809,0.966442953,0.2608695652,0.976
5,OOS,positive_income+cash_conversion,39,90,-0.2883813874,0.6373965173,0.3456790123,0.8939393939,0.0625,0.9393939394
5,OOS,margin_positive+cash_conversion,38,67,-0.2863196126,0.6207627119,0.2876712329,0.862745098,0.06382978723,0.9210526316
5,OOS,positive_income+liquidity,64,65,-0.3733985558,0.6348707198,0.1698113208,0.7757009346,0.02739726027,0.9054054054
5,OOS,roe_high+leverage_low,21,112,-0.3212864721,0.5792440318,0.5263157895,0.9594594595,0.2333333333,0.9834710744
5,OOS,revenue_growing+cash_conversion,27,81,-0.3425253991,0.5130624093,0.3770491803,0.9043478261,0.08571428571,0.9438202247
5,OOS,pe_low+roe_high,0,91,,,,,,
5,OOS,pb_low+roe_high,0,91,,,,,,
5,OOS,positive_income+cash_conversion+liquidity,34,95,-0.29169384,0.6138020988,0.3815789474,0.9051094891,0.06976744186,0.9423076923
5,OOS,roe_high+leverage_low+cash_conversion,7,127,-0.1541666667,0.6083333333,0.7954545455,0.987804878,0.5,0.9926470588
5,OOS,pe_low+roe_high+cash_conversion,0,109,,,,,,
5,PURGED_DESCRIPTIVE,positive_income,360,223,-0.450402482,0.6237632064,0.03649635036,0.8686131387,0.0847107438,0.7608069164
5,PURGED_DESCRIPTIVE,cash_conversion,179,107,-0.3854095521,0.4888097006,0.05339805825,0.8805970149,0.078125,0.6902173913
5,PURGED_DESCRIPTIVE,margin_positive,323,129,-0.4403270305,0.6475472714,0.01373626374,0.7882352941,0.04566210046,0.6106557377
5,PURGED_DESCRIPTIVE,liquidity,340,135,-0.474124137,0.5458324475,0.0157480315,0.8011363636,0.05701754386,0.6414342629
5,PURGED_DESCRIPTIVE,leverage_low,289,168,-0.4422980729,0.5697172531,0.0303030303,0.8516746411,0.05970149254,0.6832740214
5,PURGED_DESCRIPTIVE,roe_high,137,346,-0.460493468,0.4837450259,0.1639344262,0.9591836735,0.3455284553,0.9472527473
5,PURGED_DESCRIPTIVE,cash_assets_positive,364,111,-0.4315497854,0.6901097758,0.01975308642,0.7828947368,0.025,0.5418502203
5,PURGED_DESCRIPTIVE,revenue_growing,344,211,-0.4872166247,0.5220472992,0.03816793893,0.8692307692,0.08993576017,0.7574850299
5,PURGED_DESCRIPTIVE,income_consistent,263,311,-0.4365640038,0.582401797,0.06774193548,0.9273743017,0.1550387597,0.8528735632
5,PURGED_DESCRIPTIVE,pe_low,0,0,,,,,,
5,PURGED_DESCRIPTIVE,pb_low,0,0,,,,,,
5,PURGED_DESCRIPTIVE,dividend_yield_high,73,396,-0.3012694409,0.5225444865,0.3157894737,0.9885583524,0.4473684211,0.9376218324
5,PURGED_DESCRIPTIVE,positive_income+cash_conversion,179,330,-0.3895480107,0.5771019171,0.1176470588,0.9569892473,0.2053872054,0.8727678571
5,PURGED_DESCRIPTIVE,margin_positive+cash_conversion,176,232,-0.3962543453,0.5700757891,0.07692307692,0.9393939394,0.1407407407,0.8282208589
5,PURGED_DESCRIPTIVE,positive_income+liquidity,241,268,-0.4294047764,0.5739764835,0.06360424028,0.9225806452,0.1504178273,0.8341968912
5,PURGED_DESCRIPTIVE,roe_high+leverage_low,73,425,-0.4271938881,0.5013283777,0.2831858407,0.9827956989,0.5189189189,0.9702048417
5,PURGED_DESCRIPTIVE,revenue_growing+cash_conversion,140,287,-0.395906995,0.5211215185,0.1420454545,0.9659442724,0.25,0.8966408269
5,PURGED_DESCRIPTIVE,pe_low+roe_high,0,346,,,,,,
5,PURGED_DESCRIPTIVE,pb_low+roe_high,0,346,,,,,,
5,PURGED_DESCRIPTIVE,positive_income+cash_conversion+liquidity,154,355,-0.4027443223,0.5493884581,0.1428571429,0.9647355164,0.2610294118,0.9006342495
5,PURGED_DESCRIPTIVE,roe_high+leverage_low+cash_conversion,34,472,-0.3836370132,0.500035727,0.4864864865,0.9921875,0.7123287671,0.9863013699
5,PURGED_DESCRIPTIVE,pe_low+roe_high+cash_conversion,0,407,,,,,,
