portfolio,lineage,securities,total_purchases,total_voluntary_sales,compulsory_cash_proceeds,final_value,economic_gain,gain_contribution_to_total
V0,00000000000191,BBAS3,56202.32688376849,23486.327260936192,0.0,68442.70540328733,35726.70578045503,0.029633324851350135
V0,00001180000126,AXIA7;ELET3,53574.11198882944,0.0,0.0,112159.79311784232,58585.681129012875,0.04859357958167562
V0,01083200000118,,39633.20744554239,4845.67180018971,84410.22884315075,0.0,49622.693197798064,0.04115927722431352
V0,02149205000169,PSSA3,45008.89073305584,43016.63373303214,0.0,78382.48151504822,76390.22451502451,0.06336146277890782
V0,02429144000193,CPFE3,55154.24736127539,30319.17836596324,0.0,77590.06377652321,52754.994781211055,0.04375734800430843
V0,02474103000119,TBLE3,48442.629752825065,7563.051462299962,0.0,79377.00456633272,38497.426275807615,0.031931484133530426
V0,02558115000121,TIMS3,45060.782239132495,27118.818896150573,0.0,72923.03414551343,54981.0708025315,0.04560375484318575
V0,02558157000162,VIVT3,40052.694389753866,11086.075831937953,0.0,76652.94836335425,47686.32980553834,0.03955317097467194
V0,02998609000127,,65826.6948451983,49725.6697622616,0.0,0.0,-16101.025082936707,-0.013354909060309207
V0,02998611000104,TRPL4,42475.217750857766,19299.30339120874,0.0,80335.67754315217,57159.76318350314,0.047410859575237864
V0,03220438000173,EQTL3,36689.536259918365,16109.248434775494,0.0,75146.65248680167,54566.3646616588,0.04525977905471399
V0,03378521000175,,13937.403884988438,22661.590370130696,0.0,0.0,8724.186485142258,0.007236229776309546
V0,03983431000103,,20663.53654914286,6538.122349637526,43990.41869663681,0.0,29865.00449713147,0.02477136810174884
V0,07047251000170,,30874.280527452847,34855.69895182177,0.0,0.0,3981.4184243689197,0.0033023661980898186
V0,07859971000130,TAEE4,54411.64190832767,0.0,0.0,80077.76320866193,25666.121300334256,0.0212886269123376
V0,17155730000164,CMIG4,38438.534439268224,21741.219245900338,0.0,72820.85914818446,56123.54395481658,0.046551373083267955
V0,17281106000103,CSMG3,45920.63747006904,36341.95135022551,0.0,139059.17004945595,129480.48392961241,0.1073968942385753
V0,17344597000194,BBSE3,44249.61494217084,8845.728339530913,0.0,85682.26268132297,50278.37607868305,0.041703129879751
V0,28195667000106,ABCB4,37979.77545924326,7262.612733482018,0.0,79978.38722895479,49261.224503193545,0.04085945895064919
V0,33376989000191,,50135.62273960687,19529.304956555665,0.0,0.0,-30606.317783051207,-0.025386246438231213
V0,43776517000180,,31031.240622215446,82524.24742563022,0.0,0.0,51493.00680341478,0.04271059883201295
V0,60746948000112,BBDC4,54618.6509269857,14816.33130183236,0.0,77202.62652808071,37400.30690292737,0.031021484342980025
V0,60872504000123,ITUB4;XPBR31,31108.384822902826,6875.515417172104,0.0,82067.10970258605,57834.240296855336,0.0479703010061828
V0,61186680000174,BMGB4,53096.855142726345,0.0,0.0,99695.39970230855,46598.54455958221,0.038650913325729716
V0,76483817000120,CPLE3,23443.199409634402,37751.48069924916,0.0,86341.21219206812,100649.49348168288,0.08348318355447798
V0,76484013000145,SAPR4,46144.76775140649,27982.276733736297,0.0,70938.38076833244,52775.88975066224,0.04377467922486123
V0,90400888000142,SANB4,67442.57762784399,10931.753667677689,0.0,70752.42984814529,14241.605887978993,0.01181262376320908
V0,92702067000196,,19719.392799850655,31707.996652867856,0.0,0.0,11988.6038530172,0.009943883286461848
