portfolio,formation_year,closing_year,date,nav,external_capital,twr_pct,twr_cumulative_pct,status
V0,2014,2015,2015-06-30,131677.12527588528,130000.0,,,"ND_UNVALUED_FLOW_DATE:2014-07-01,2015-01-02"
V0,2015,2016,2016-06-30,183436.3499117126,160000.0,11.208018613113179,,EXACT_FLOW_ADJUSTED_TWR
V0,2016,2017,2017-06-30,266003.79755561537,190000.0,27.696537208835224,,EXACT_FLOW_ADJUSTED_TWR
V0,2017,2018,2018-06-29,310265.81511099596,220000.0,6.075112358553225,,EXACT_FLOW_ADJUSTED_TWR
V0,2018,2019,2019-06-28,547212.7507220055,250000.0,63.839994433209604,,EXACT_FLOW_ADJUSTED_TWR
V0,2019,2020,2020-06-30,536082.504612645,280000.0,-7.137177391947224,,EXACT_FLOW_ADJUSTED_TWR
V0,2020,2021,2021-06-30,585381.4062858745,310000.0,3.4942378924591067,,EXACT_FLOW_ADJUSTED_TWR
V0,2021,2022,2022-06-30,634716.008414255,340000.0,3.2809093621558816,,EXACT_FLOW_ADJUSTED_TWR
V0,2022,2023,2023-06-30,860795.2291478093,370000.0,30.054808553003554,,EXACT_FLOW_ADJUSTED_TWR
V0,2023,2024,2024-06-28,983094.8565791677,400000.0,,,ND_UNVALUED_FLOW_DATE:2023-09-01
V0,2024,2025,2025-06-30,1274447.5668592388,430000.0,26.035762076848922,,EXACT_FLOW_ADJUSTED_TWR
V0,2025,2026,2026-06-30,1645952.983888047,460000.0,26.546028576734535,,EXACT_FLOW_ADJUSTED_TWR
BH padrão,2014,2015,2015-06-30,154349.34286748475,130000.0,20.893000168125788,20.893000168125788,EXACT_FLOW_ADJUSTED_TWR
BH padrão,2015,2016,2016-06-30,203605.61958639452,160000.0,9.052611557232826,31.836973873231035,EXACT_FLOW_ADJUSTED_TWR
BH padrão,2016,2017,2017-06-30,271295.4272826081,190000.0,17.883288005564356,55.41375960880153,EXACT_FLOW_ADJUSTED_TWR
BH padrão,2017,2018,2018-06-29,303025.5079375503,220000.0,1.7135355862425206,58.076829685615735,EXACT_FLOW_ADJUSTED_TWR
BH padrão,2018,2019,2019-06-28,492141.5237445389,250000.0,50.37063862996134,137.70113832425673,EXACT_FLOW_ADJUSTED_TWR
BH padrão,2019,2020,2020-06-30,587092.8184182136,280000.0,12.942330322870976,168.46520482740632,EXACT_FLOW_ADJUSTED_TWR
BH padrão,2020,2021,2021-06-30,734587.8050461053,310000.0,19.787920703293583,221.5888866745882,EXACT_FLOW_ADJUSTED_TWR
BH padrão,2021,2022,2022-06-30,716239.190215853,340000.0,-6.351384244997704,201.1635407926749,EXACT_FLOW_ADJUSTED_TWR
BH padrão,2022,2023,2023-06-30,977206.4138035586,370000.0,31.63472477132214,296.4357980340061,EXACT_FLOW_ADJUSTED_TWR
BH padrão,2023,2024,2024-06-28,984146.0014568146,400000.0,-2.448141462878861,286.7304888886408,EXACT_FLOW_ADJUSTED_TWR
BH padrão,2024,2025,2025-06-30,1116516.988275818,430000.0,10.27744448345873,326.47650018477935,EXACT_FLOW_ADJUSTED_TWR
BH padrão,2025,2026,2026-06-30,1270936.407901053,460000.0,11.065763605369217,373.6693815276789,EXACT_FLOW_ADJUSTED_TWR
BESST-10 BH,2014,2015,2015-06-30,121278.85365259644,130000.0,-7.337111536358054,-7.337111536358054,EXACT_FLOW_ADJUSTED_TWR
BESST-10 BH,2015,2016,2016-06-30,167499.75311979378,160000.0,8.233464424844428,0.29225442032918547,EXACT_FLOW_ADJUSTED_TWR
BESST-10 BH,2016,2017,2017-06-30,235188.1375592388,190000.0,21.559101725832086,21.914363573938324,EXACT_FLOW_ADJUSTED_TWR
BESST-10 BH,2017,2018,2018-06-29,287880.1429365565,220000.0,10.153642157108255,34.29311178935195,EXACT_FLOW_ADJUSTED_TWR
BESST-10 BH,2018,2019,2019-06-28,485545.7465266506,250000.0,55.74738861611785,109.15801470323947,EXACT_FLOW_ADJUSTED_TWR
BESST-10 BH,2019,2020,2020-06-30,483025.984539627,280000.0,-6.385125306675499,95.80301337548278,EXACT_FLOW_ADJUSTED_TWR
BESST-10 BH,2020,2021,2021-06-30,519429.59737189754,310000.0,1.218855059687285,98.18956831103003,EXACT_FLOW_ADJUSTED_TWR
BESST-10 BH,2021,2022,2022-06-30,553774.013659332,340000.0,0.872426357278866,99.91862634235271,EXACT_FLOW_ADJUSTED_TWR
BESST-10 BH,2022,2023,2023-06-30,774942.9947809582,370000.0,33.52893177294256,166.9492061700839,EXACT_FLOW_ADJUSTED_TWR
BESST-10 BH,2023,2024,2024-06-28,905220.406502082,400000.0,12.65639545389423,200.73535336400124,EXACT_FLOW_ADJUSTED_TWR
BESST-10 BH,2024,2025,2025-06-30,1332049.0495142026,430000.0,42.99373912368145,330.0327266420017,EXACT_FLOW_ADJUSTED_TWR
BESST-10 BH,2025,2026,2026-06-30,1767443.9220700825,460000.0,30.106494057192013,459.50050393245647,EXACT_FLOW_ADJUSTED_TWR
IBOV,2014,2015,2015-06-30,129858.14826116255,130000.0,-0.16427106267616898,-0.16427106267616898,OFFICIAL_B3_TOTAL_RETURN_INDEX
IBOV,2015,2016,2016-06-30,159015.77026580813,160000.0,-2.9275324749702736,-3.0869944489396173,OFFICIAL_B3_TOTAL_RETURN_INDEX
IBOV,2016,2017,2017-06-30,225069.9198132195,190000.0,22.072054762830785,18.303697208595658,OFFICIAL_B3_TOTAL_RETURN_INDEX
IBOV,2017,2018,2018-06-29,289175.27739111165,220000.0,15.679737208141752,36.8534060384192,OFFICIAL_B3_TOTAL_RETURN_INDEX
IBOV,2018,2019,2019-06-28,435996.94574048655,250000.0,38.76264868231611,89.90141103087521,OFFICIAL_B3_TOTAL_RETURN_INDEX
IBOV,2019,2020,2020-06-30,439514.7462886336,280000.0,-5.854752830622212,78.7831527931535,OFFICIAL_B3_TOTAL_RETURN_INDEX
IBOV,2020,2021,2021-06-30,621367.9988458806,310000.0,33.39705028056146,138.491452224656,OFFICIAL_B3_TOTAL_RETURN_INDEX
IBOV,2021,2022,2022-06-30,509115.9259567789,340000.0,-22.28654577550484,85.3399455539418,OFFICIAL_B3_TOTAL_RETURN_INDEX
IBOV,2022,2023,2023-06-30,643081.0177780906,370000.0,19.83424318272573,122.10072106984211,OFFICIAL_B3_TOTAL_RETURN_INDEX
IBOV,2023,2024,2024-06-28,704903.0484432579,400000.0,4.928188538958578,133.0462633505504,OFFICIAL_B3_TOTAL_RETURN_INDEX
IBOV,2024,2025,2025-06-30,822345.2852588528,430000.0,12.063970790890387,161.16089649042232,OFFICIAL_B3_TOTAL_RETURN_INDEX
IBOV,2025,2026,2026-06-30,1051091.036910799,460000.0,23.88795185755459,223.5468857148123,OFFICIAL_B3_TOTAL_RETURN_INDEX
