portfolio,date,amount
V0,2014-06-30,-100000.0
V0,2014-07-01,-2500.0
V0,2014-08-01,-2500.0
V0,2014-09-01,-2500.0
V0,2014-10-01,-2500.0
V0,2014-11-03,-2500.0
V0,2014-12-01,-2500.0
V0,2015-01-02,-2500.0
V0,2015-02-02,-2500.0
V0,2015-03-02,-2500.0
V0,2015-04-01,-2500.0
V0,2015-05-04,-2500.0
V0,2015-06-01,-2500.0
V0,2015-07-01,-2500.0
V0,2015-08-03,-2500.0
V0,2015-09-01,-2500.0
V0,2015-10-01,-2500.0
V0,2015-11-03,-2500.0
V0,2015-12-01,-2500.0
V0,2016-01-04,-2500.0
V0,2016-02-01,-2500.0
V0,2016-03-01,-2500.0
V0,2016-04-01,-2500.0
V0,2016-05-02,-2500.0
V0,2016-06-01,-2500.0
V0,2016-07-01,-2500.0
V0,2016-08-01,-2500.0
V0,2016-09-01,-2500.0
V0,2016-10-03,-2500.0
V0,2016-11-01,-2500.0
V0,2016-12-01,-2500.0
V0,2017-01-02,-2500.0
V0,2017-02-01,-2500.0
V0,2017-03-01,-2500.0
V0,2017-04-03,-2500.0
V0,2017-05-02,-2500.0
V0,2017-06-01,-2500.0
V0,2017-07-03,-2500.0
V0,2017-08-01,-2500.0
V0,2017-09-01,-2500.0
V0,2017-10-02,-2500.0
V0,2017-11-01,-2500.0
V0,2017-12-01,-2500.0
V0,2018-01-02,-2500.0
V0,2018-02-01,-2500.0
V0,2018-03-01,-2500.0
V0,2018-04-02,-2500.0
V0,2018-05-02,-2500.0
V0,2018-06-01,-2500.0
V0,2018-07-02,-2500.0
V0,2018-08-01,-2500.0
V0,2018-09-03,-2500.0
V0,2018-10-01,-2500.0
V0,2018-11-01,-2500.0
V0,2018-12-03,-2500.0
V0,2019-01-02,-2500.0
V0,2019-02-01,-2500.0
V0,2019-03-01,-2500.0
V0,2019-04-01,-2500.0
V0,2019-05-02,-2500.0
V0,2019-06-03,-2500.0
V0,2019-07-01,-2500.0
V0,2019-08-01,-2500.0
V0,2019-09-02,-2500.0
V0,2019-10-01,-2500.0
V0,2019-11-01,-2500.0
V0,2019-12-02,-2500.0
V0,2020-01-02,-2500.0
V0,2020-02-03,-2500.0
V0,2020-03-02,-2500.0
V0,2020-04-01,-2500.0
V0,2020-05-04,-2500.0
V0,2020-06-01,-2500.0
V0,2020-07-01,-2500.0
V0,2020-08-03,-2500.0
V0,2020-09-01,-2500.0
V0,2020-10-01,-2500.0
V0,2020-11-03,-2500.0
V0,2020-12-01,-2500.0
V0,2021-01-04,-2500.0
V0,2021-02-01,-2500.0
V0,2021-03-01,-2500.0
V0,2021-04-01,-2500.0
V0,2021-05-03,-2500.0
V0,2021-06-01,-2500.0
V0,2021-07-01,-2500.0
V0,2021-08-02,-2500.0
V0,2021-09-01,-2500.0
V0,2021-10-01,-2500.0
V0,2021-11-01,-2500.0
V0,2021-12-01,-2500.0
V0,2022-01-03,-2500.0
V0,2022-02-01,-2500.0
V0,2022-03-02,-2500.0
V0,2022-04-01,-2500.0
V0,2022-05-02,-2500.0
V0,2022-06-01,-2500.0
V0,2022-07-01,-2500.0
V0,2022-08-01,-2500.0
V0,2022-09-01,-2500.0
V0,2022-10-03,-2500.0
V0,2022-11-01,-2500.0
V0,2022-12-01,-2500.0
V0,2023-01-02,-2500.0
V0,2023-02-01,-2500.0
V0,2023-03-01,-2500.0
V0,2023-04-03,-2500.0
V0,2023-05-02,-2500.0
V0,2023-06-01,-2500.0
V0,2023-07-03,-2500.0
V0,2023-08-01,-2500.0
V0,2023-09-01,-2500.0
V0,2023-10-02,-2500.0
V0,2023-11-01,-2500.0
V0,2023-12-01,-2500.0
V0,2024-01-02,-2500.0
V0,2024-02-01,-2500.0
V0,2024-03-01,-2500.0
V0,2024-04-01,-2500.0
V0,2024-05-02,-2500.0
V0,2024-06-03,-2500.0
V0,2024-07-01,-2500.0
V0,2024-08-01,-2500.0
V0,2024-09-02,-2500.0
V0,2024-10-01,-2500.0
V0,2024-11-01,-2500.0
V0,2024-12-02,-2500.0
V0,2025-01-02,-2500.0
V0,2025-02-03,-2500.0
V0,2025-03-05,-2500.0
V0,2025-04-01,-2500.0
V0,2025-05-02,-2500.0
V0,2025-06-02,-2500.0
V0,2025-07-01,-2500.0
V0,2025-08-01,-2500.0
V0,2025-09-01,-2500.0
V0,2025-10-01,-2500.0
V0,2025-11-03,-2500.0
V0,2025-12-01,-2500.0
V0,2026-01-02,-2500.0
V0,2026-02-02,-2500.0
V0,2026-03-02,-2500.0
V0,2026-04-01,-2500.0
V0,2026-05-04,-2500.0
V0,2026-06-01,-2500.0
V0,2026-06-30,1629310.5798848218
BH padrão,2014-06-30,-100000.0
BH padrão,2014-07-01,-2500.0
BH padrão,2014-08-01,-2500.0
BH padrão,2014-09-01,-2500.0
BH padrão,2014-10-01,-2500.0
BH padrão,2014-11-03,-2500.0
BH padrão,2014-12-01,-2500.0
BH padrão,2015-01-02,-2500.0
BH padrão,2015-02-02,-2500.0
BH padrão,2015-03-02,-2500.0
BH padrão,2015-04-01,-2500.0
BH padrão,2015-05-04,-2500.0
BH padrão,2015-06-01,-2500.0
BH padrão,2015-07-01,-2500.0
BH padrão,2015-08-03,-2500.0
BH padrão,2015-09-01,-2500.0
BH padrão,2015-10-01,-2500.0
BH padrão,2015-11-03,-2500.0
BH padrão,2015-12-01,-2500.0
BH padrão,2016-01-04,-2500.0
BH padrão,2016-02-01,-2500.0
BH padrão,2016-03-01,-2500.0
BH padrão,2016-04-01,-2500.0
BH padrão,2016-05-02,-2500.0
BH padrão,2016-06-01,-2500.0
BH padrão,2016-07-01,-2500.0
BH padrão,2016-08-01,-2500.0
BH padrão,2016-09-01,-2500.0
BH padrão,2016-10-03,-2500.0
BH padrão,2016-11-01,-2500.0
BH padrão,2016-12-01,-2500.0
BH padrão,2017-01-02,-2500.0
BH padrão,2017-02-01,-2500.0
BH padrão,2017-03-01,-2500.0
BH padrão,2017-04-03,-2500.0
BH padrão,2017-05-02,-2500.0
BH padrão,2017-06-01,-2500.0
BH padrão,2017-07-03,-2500.0
BH padrão,2017-08-01,-2500.0
BH padrão,2017-09-01,-2500.0
BH padrão,2017-10-02,-2500.0
BH padrão,2017-11-01,-2500.0
BH padrão,2017-12-01,-2500.0
BH padrão,2018-01-02,-2500.0
BH padrão,2018-02-01,-2500.0
BH padrão,2018-03-01,-2500.0
BH padrão,2018-04-02,-2500.0
BH padrão,2018-05-02,-2500.0
BH padrão,2018-06-01,-2500.0
BH padrão,2018-07-02,-2500.0
BH padrão,2018-08-01,-2500.0
BH padrão,2018-09-03,-2500.0
BH padrão,2018-10-01,-2500.0
BH padrão,2018-11-01,-2500.0
BH padrão,2018-12-03,-2500.0
BH padrão,2019-01-02,-2500.0
BH padrão,2019-02-01,-2500.0
BH padrão,2019-03-01,-2500.0
BH padrão,2019-04-01,-2500.0
BH padrão,2019-05-02,-2500.0
BH padrão,2019-06-03,-2500.0
BH padrão,2019-07-01,-2500.0
BH padrão,2019-08-01,-2500.0
BH padrão,2019-09-02,-2500.0
BH padrão,2019-10-01,-2500.0
BH padrão,2019-11-01,-2500.0
BH padrão,2019-12-02,-2500.0
BH padrão,2020-01-02,-2500.0
BH padrão,2020-02-03,-2500.0
BH padrão,2020-03-02,-2500.0
BH padrão,2020-04-01,-2500.0
BH padrão,2020-05-04,-2500.0
BH padrão,2020-06-01,-2500.0
BH padrão,2020-07-01,-2500.0
BH padrão,2020-08-03,-2500.0
BH padrão,2020-09-01,-2500.0
BH padrão,2020-10-01,-2500.0
BH padrão,2020-11-03,-2500.0
BH padrão,2020-12-01,-2500.0
BH padrão,2021-01-04,-2500.0
BH padrão,2021-02-01,-2500.0
BH padrão,2021-03-01,-2500.0
BH padrão,2021-04-01,-2500.0
BH padrão,2021-05-03,-2500.0
BH padrão,2021-06-01,-2500.0
BH padrão,2021-07-01,-2500.0
BH padrão,2021-08-02,-2500.0
BH padrão,2021-09-01,-2500.0
BH padrão,2021-10-01,-2500.0
BH padrão,2021-11-01,-2500.0
BH padrão,2021-12-01,-2500.0
BH padrão,2022-01-03,-2500.0
BH padrão,2022-02-01,-2500.0
BH padrão,2022-03-02,-2500.0
BH padrão,2022-04-01,-2500.0
BH padrão,2022-05-02,-2500.0
BH padrão,2022-06-01,-2500.0
BH padrão,2022-07-01,-2500.0
BH padrão,2022-08-01,-2500.0
BH padrão,2022-09-01,-2500.0
BH padrão,2022-10-03,-2500.0
BH padrão,2022-11-01,-2500.0
BH padrão,2022-12-01,-2500.0
BH padrão,2023-01-02,-2500.0
BH padrão,2023-02-01,-2500.0
BH padrão,2023-03-01,-2500.0
BH padrão,2023-04-03,-2500.0
BH padrão,2023-05-02,-2500.0
BH padrão,2023-06-01,-2500.0
BH padrão,2023-07-03,-2500.0
BH padrão,2023-08-01,-2500.0
BH padrão,2023-09-01,-2500.0
BH padrão,2023-10-02,-2500.0
BH padrão,2023-11-01,-2500.0
BH padrão,2023-12-01,-2500.0
BH padrão,2024-01-02,-2500.0
BH padrão,2024-02-01,-2500.0
BH padrão,2024-03-01,-2500.0
BH padrão,2024-04-01,-2500.0
BH padrão,2024-05-02,-2500.0
BH padrão,2024-06-03,-2500.0
BH padrão,2024-07-01,-2500.0
BH padrão,2024-08-01,-2500.0
BH padrão,2024-09-02,-2500.0
BH padrão,2024-10-01,-2500.0
BH padrão,2024-11-01,-2500.0
BH padrão,2024-12-02,-2500.0
BH padrão,2025-01-02,-2500.0
BH padrão,2025-02-03,-2500.0
BH padrão,2025-03-05,-2500.0
BH padrão,2025-04-01,-2500.0
BH padrão,2025-05-02,-2500.0
BH padrão,2025-06-02,-2500.0
BH padrão,2025-07-01,-2500.0
BH padrão,2025-08-01,-2500.0
BH padrão,2025-09-01,-2500.0
BH padrão,2025-10-01,-2500.0
BH padrão,2025-11-03,-2500.0
BH padrão,2025-12-01,-2500.0
BH padrão,2026-01-02,-2500.0
BH padrão,2026-02-02,-2500.0
BH padrão,2026-03-02,-2500.0
BH padrão,2026-04-01,-2500.0
BH padrão,2026-05-04,-2500.0
BH padrão,2026-06-01,-2500.0
BH padrão,2026-06-30,1270555.50632277
BESST-10 BH,2014-06-30,-100000.0
BESST-10 BH,2014-07-01,-2500.0
BESST-10 BH,2014-08-01,-2500.0
BESST-10 BH,2014-09-01,-2500.0
BESST-10 BH,2014-10-01,-2500.0
BESST-10 BH,2014-11-03,-2500.0
BESST-10 BH,2014-12-01,-2500.0
BESST-10 BH,2015-01-02,-2500.0
BESST-10 BH,2015-02-02,-2500.0
BESST-10 BH,2015-03-02,-2500.0
BESST-10 BH,2015-04-01,-2500.0
BESST-10 BH,2015-05-04,-2500.0
BESST-10 BH,2015-06-01,-2500.0
BESST-10 BH,2015-07-01,-2500.0
BESST-10 BH,2015-08-03,-2500.0
BESST-10 BH,2015-09-01,-2500.0
BESST-10 BH,2015-10-01,-2500.0
BESST-10 BH,2015-11-03,-2500.0
BESST-10 BH,2015-12-01,-2500.0
BESST-10 BH,2016-01-04,-2500.0
BESST-10 BH,2016-02-01,-2500.0
BESST-10 BH,2016-03-01,-2500.0
BESST-10 BH,2016-04-01,-2500.0
BESST-10 BH,2016-05-02,-2500.0
BESST-10 BH,2016-06-01,-2500.0
BESST-10 BH,2016-07-01,-2500.0
BESST-10 BH,2016-08-01,-2500.0
BESST-10 BH,2016-09-01,-2500.0
BESST-10 BH,2016-10-03,-2500.0
BESST-10 BH,2016-11-01,-2500.0
BESST-10 BH,2016-12-01,-2500.0
BESST-10 BH,2017-01-02,-2500.0
BESST-10 BH,2017-02-01,-2500.0
BESST-10 BH,2017-03-01,-2500.0
BESST-10 BH,2017-04-03,-2500.0
BESST-10 BH,2017-05-02,-2500.0
BESST-10 BH,2017-06-01,-2500.0
BESST-10 BH,2017-07-03,-2500.0
BESST-10 BH,2017-08-01,-2500.0
BESST-10 BH,2017-09-01,-2500.0
BESST-10 BH,2017-10-02,-2500.0
BESST-10 BH,2017-11-01,-2500.0
BESST-10 BH,2017-12-01,-2500.0
BESST-10 BH,2018-01-02,-2500.0
BESST-10 BH,2018-02-01,-2500.0
BESST-10 BH,2018-03-01,-2500.0
BESST-10 BH,2018-04-02,-2500.0
BESST-10 BH,2018-05-02,-2500.0
BESST-10 BH,2018-06-01,-2500.0
BESST-10 BH,2018-07-02,-2500.0
BESST-10 BH,2018-08-01,-2500.0
BESST-10 BH,2018-09-03,-2500.0
BESST-10 BH,2018-10-01,-2500.0
BESST-10 BH,2018-11-01,-2500.0
BESST-10 BH,2018-12-03,-2500.0
BESST-10 BH,2019-01-02,-2500.0
BESST-10 BH,2019-02-01,-2500.0
BESST-10 BH,2019-03-01,-2500.0
BESST-10 BH,2019-04-01,-2500.0
BESST-10 BH,2019-05-02,-2500.0
BESST-10 BH,2019-06-03,-2500.0
BESST-10 BH,2019-07-01,-2500.0
BESST-10 BH,2019-08-01,-2500.0
BESST-10 BH,2019-09-02,-2500.0
BESST-10 BH,2019-10-01,-2500.0
BESST-10 BH,2019-11-01,-2500.0
BESST-10 BH,2019-12-02,-2500.0
BESST-10 BH,2020-01-02,-2500.0
BESST-10 BH,2020-02-03,-2500.0
BESST-10 BH,2020-03-02,-2500.0
BESST-10 BH,2020-04-01,-2500.0
BESST-10 BH,2020-05-04,-2500.0
BESST-10 BH,2020-06-01,-2500.0
BESST-10 BH,2020-07-01,-2500.0
BESST-10 BH,2020-08-03,-2500.0
BESST-10 BH,2020-09-01,-2500.0
BESST-10 BH,2020-10-01,-2500.0
BESST-10 BH,2020-11-03,-2500.0
BESST-10 BH,2020-12-01,-2500.0
BESST-10 BH,2021-01-04,-2500.0
BESST-10 BH,2021-02-01,-2500.0
BESST-10 BH,2021-03-01,-2500.0
BESST-10 BH,2021-04-01,-2500.0
BESST-10 BH,2021-05-03,-2500.0
BESST-10 BH,2021-06-01,-2500.0
BESST-10 BH,2021-07-01,-2500.0
BESST-10 BH,2021-08-02,-2500.0
BESST-10 BH,2021-09-01,-2500.0
BESST-10 BH,2021-10-01,-2500.0
BESST-10 BH,2021-11-01,-2500.0
BESST-10 BH,2021-12-01,-2500.0
BESST-10 BH,2022-01-03,-2500.0
BESST-10 BH,2022-02-01,-2500.0
BESST-10 BH,2022-03-02,-2500.0
BESST-10 BH,2022-04-01,-2500.0
BESST-10 BH,2022-05-02,-2500.0
BESST-10 BH,2022-06-01,-2500.0
BESST-10 BH,2022-07-01,-2500.0
BESST-10 BH,2022-08-01,-2500.0
BESST-10 BH,2022-09-01,-2500.0
BESST-10 BH,2022-10-03,-2500.0
BESST-10 BH,2022-11-01,-2500.0
BESST-10 BH,2022-12-01,-2500.0
BESST-10 BH,2023-01-02,-2500.0
BESST-10 BH,2023-02-01,-2500.0
BESST-10 BH,2023-03-01,-2500.0
BESST-10 BH,2023-04-03,-2500.0
BESST-10 BH,2023-05-02,-2500.0
BESST-10 BH,2023-06-01,-2500.0
BESST-10 BH,2023-07-03,-2500.0
BESST-10 BH,2023-08-01,-2500.0
BESST-10 BH,2023-09-01,-2500.0
BESST-10 BH,2023-10-02,-2500.0
BESST-10 BH,2023-11-01,-2500.0
BESST-10 BH,2023-12-01,-2500.0
BESST-10 BH,2024-01-02,-2500.0
BESST-10 BH,2024-02-01,-2500.0
BESST-10 BH,2024-03-01,-2500.0
BESST-10 BH,2024-04-01,-2500.0
BESST-10 BH,2024-05-02,-2500.0
BESST-10 BH,2024-06-03,-2500.0
BESST-10 BH,2024-07-01,-2500.0
BESST-10 BH,2024-08-01,-2500.0
BESST-10 BH,2024-09-02,-2500.0
BESST-10 BH,2024-10-01,-2500.0
BESST-10 BH,2024-11-01,-2500.0
BESST-10 BH,2024-12-02,-2500.0
BESST-10 BH,2025-01-02,-2500.0
BESST-10 BH,2025-02-03,-2500.0
BESST-10 BH,2025-03-05,-2500.0
BESST-10 BH,2025-04-01,-2500.0
BESST-10 BH,2025-05-02,-2500.0
BESST-10 BH,2025-06-02,-2500.0
BESST-10 BH,2025-07-01,-2500.0
BESST-10 BH,2025-08-01,-2500.0
BESST-10 BH,2025-09-01,-2500.0
BESST-10 BH,2025-10-01,-2500.0
BESST-10 BH,2025-11-03,-2500.0
BESST-10 BH,2025-12-01,-2500.0
BESST-10 BH,2026-01-02,-2500.0
BESST-10 BH,2026-02-02,-2500.0
BESST-10 BH,2026-03-02,-2500.0
BESST-10 BH,2026-04-01,-2500.0
BESST-10 BH,2026-05-04,-2500.0
BESST-10 BH,2026-06-01,-2500.0
BESST-10 BH,2026-06-30,1755973.9833072012
V10,2014-06-30,-100000.0
V10,2014-07-01,-2500.0
V10,2014-08-01,-2500.0
V10,2014-09-01,-2500.0
V10,2014-10-01,-2500.0
V10,2014-11-03,-2500.0
V10,2014-12-01,-2500.0
V10,2015-01-02,-2500.0
V10,2015-02-02,-2500.0
V10,2015-03-02,-2500.0
V10,2015-04-01,-2500.0
V10,2015-05-04,-2500.0
V10,2015-06-01,-2500.0
V10,2015-07-01,-2500.0
V10,2015-08-03,-2500.0
V10,2015-09-01,-2500.0
V10,2015-10-01,-2500.0
V10,2015-11-03,-2500.0
V10,2015-12-01,-2500.0
V10,2016-01-04,-2500.0
V10,2016-02-01,-2500.0
V10,2016-03-01,-2500.0
V10,2016-04-01,-2500.0
V10,2016-05-02,-2500.0
V10,2016-06-01,-2500.0
V10,2016-07-01,-2500.0
V10,2016-08-01,-2500.0
V10,2016-09-01,-2500.0
V10,2016-10-03,-2500.0
V10,2016-11-01,-2500.0
V10,2016-12-01,-2500.0
V10,2017-01-02,-2500.0
V10,2017-02-01,-2500.0
V10,2017-03-01,-2500.0
V10,2017-04-03,-2500.0
V10,2017-05-02,-2500.0
V10,2017-06-01,-2500.0
V10,2017-07-03,-2500.0
V10,2017-08-01,-2500.0
V10,2017-09-01,-2500.0
V10,2017-10-02,-2500.0
V10,2017-11-01,-2500.0
V10,2017-12-01,-2500.0
V10,2018-01-02,-2500.0
V10,2018-02-01,-2500.0
V10,2018-03-01,-2500.0
V10,2018-04-02,-2500.0
V10,2018-05-02,-2500.0
V10,2018-06-01,-2500.0
V10,2018-07-02,-2500.0
V10,2018-08-01,-2500.0
V10,2018-09-03,-2500.0
V10,2018-10-01,-2500.0
V10,2018-11-01,-2500.0
V10,2018-12-03,-2500.0
V10,2019-01-02,-2500.0
V10,2019-02-01,-2500.0
V10,2019-03-01,-2500.0
V10,2019-04-01,-2500.0
V10,2019-05-02,-2500.0
V10,2019-06-03,-2500.0
V10,2019-07-01,-2500.0
V10,2019-08-01,-2500.0
V10,2019-09-02,-2500.0
V10,2019-10-01,-2500.0
V10,2019-11-01,-2500.0
V10,2019-12-02,-2500.0
V10,2020-01-02,-2500.0
V10,2020-02-03,-2500.0
V10,2020-03-02,-2500.0
V10,2020-04-01,-2500.0
V10,2020-05-04,-2500.0
V10,2020-06-01,-2500.0
V10,2020-07-01,-2500.0
V10,2020-08-03,-2500.0
V10,2020-09-01,-2500.0
V10,2020-10-01,-2500.0
V10,2020-11-03,-2500.0
V10,2020-12-01,-2500.0
V10,2021-01-04,-2500.0
V10,2021-02-01,-2500.0
V10,2021-03-01,-2500.0
V10,2021-04-01,-2500.0
V10,2021-05-03,-2500.0
V10,2021-06-01,-2500.0
V10,2021-07-01,-2500.0
V10,2021-08-02,-2500.0
V10,2021-09-01,-2500.0
V10,2021-10-01,-2500.0
V10,2021-11-01,-2500.0
V10,2021-12-01,-2500.0
V10,2022-01-03,-2500.0
V10,2022-02-01,-2500.0
V10,2022-03-02,-2500.0
V10,2022-04-01,-2500.0
V10,2022-05-02,-2500.0
V10,2022-06-01,-2500.0
V10,2022-07-01,-2500.0
V10,2022-08-01,-2500.0
V10,2022-09-01,-2500.0
V10,2022-10-03,-2500.0
V10,2022-11-01,-2500.0
V10,2022-12-01,-2500.0
V10,2023-01-02,-2500.0
V10,2023-02-01,-2500.0
V10,2023-03-01,-2500.0
V10,2023-04-03,-2500.0
V10,2023-05-02,-2500.0
V10,2023-06-01,-2500.0
V10,2023-07-03,-2500.0
V10,2023-08-01,-2500.0
V10,2023-09-01,-2500.0
V10,2023-10-02,-2500.0
V10,2023-11-01,-2500.0
V10,2023-12-01,-2500.0
V10,2024-01-02,-2500.0
V10,2024-02-01,-2500.0
V10,2024-03-01,-2500.0
V10,2024-04-01,-2500.0
V10,2024-05-02,-2500.0
V10,2024-06-03,-2500.0
V10,2024-07-01,-2500.0
V10,2024-08-01,-2500.0
V10,2024-09-02,-2500.0
V10,2024-10-01,-2500.0
V10,2024-11-01,-2500.0
V10,2024-12-02,-2500.0
V10,2025-01-02,-2500.0
V10,2025-02-03,-2500.0
V10,2025-03-05,-2500.0
V10,2025-04-01,-2500.0
V10,2025-05-02,-2500.0
V10,2025-06-02,-2500.0
V10,2025-07-01,-2500.0
V10,2025-08-01,-2500.0
V10,2025-09-01,-2500.0
V10,2025-10-01,-2500.0
V10,2025-11-03,-2500.0
V10,2025-12-01,-2500.0
V10,2026-01-02,-2500.0
V10,2026-02-02,-2500.0
V10,2026-03-02,-2500.0
V10,2026-04-01,-2500.0
V10,2026-05-04,-2500.0
V10,2026-06-01,-2500.0
V10,2026-06-30,1576815.2140587985
VVAL,2014-06-30,-100000.0
VVAL,2014-07-01,-2500.0
VVAL,2014-08-01,-2500.0
VVAL,2014-09-01,-2500.0
VVAL,2014-10-01,-2500.0
VVAL,2014-11-03,-2500.0
VVAL,2014-12-01,-2500.0
VVAL,2015-01-02,-2500.0
VVAL,2015-02-02,-2500.0
VVAL,2015-03-02,-2500.0
VVAL,2015-04-01,-2500.0
VVAL,2015-05-04,-2500.0
VVAL,2015-06-01,-2500.0
VVAL,2015-07-01,-2500.0
VVAL,2015-08-03,-2500.0
VVAL,2015-09-01,-2500.0
VVAL,2015-10-01,-2500.0
VVAL,2015-11-03,-2500.0
VVAL,2015-12-01,-2500.0
VVAL,2016-01-04,-2500.0
VVAL,2016-02-01,-2500.0
VVAL,2016-03-01,-2500.0
VVAL,2016-04-01,-2500.0
VVAL,2016-05-02,-2500.0
VVAL,2016-06-01,-2500.0
VVAL,2016-07-01,-2500.0
VVAL,2016-08-01,-2500.0
VVAL,2016-09-01,-2500.0
VVAL,2016-10-03,-2500.0
VVAL,2016-11-01,-2500.0
VVAL,2016-12-01,-2500.0
VVAL,2017-01-02,-2500.0
VVAL,2017-02-01,-2500.0
VVAL,2017-03-01,-2500.0
VVAL,2017-04-03,-2500.0
VVAL,2017-05-02,-2500.0
VVAL,2017-06-01,-2500.0
VVAL,2017-07-03,-2500.0
VVAL,2017-08-01,-2500.0
VVAL,2017-09-01,-2500.0
VVAL,2017-10-02,-2500.0
VVAL,2017-11-01,-2500.0
VVAL,2017-12-01,-2500.0
VVAL,2018-01-02,-2500.0
VVAL,2018-02-01,-2500.0
VVAL,2018-03-01,-2500.0
VVAL,2018-04-02,-2500.0
VVAL,2018-05-02,-2500.0
VVAL,2018-06-01,-2500.0
VVAL,2018-07-02,-2500.0
VVAL,2018-08-01,-2500.0
VVAL,2018-09-03,-2500.0
VVAL,2018-10-01,-2500.0
VVAL,2018-11-01,-2500.0
VVAL,2018-12-03,-2500.0
VVAL,2019-01-02,-2500.0
VVAL,2019-02-01,-2500.0
VVAL,2019-03-01,-2500.0
VVAL,2019-04-01,-2500.0
VVAL,2019-05-02,-2500.0
VVAL,2019-06-03,-2500.0
VVAL,2019-07-01,-2500.0
VVAL,2019-08-01,-2500.0
VVAL,2019-09-02,-2500.0
VVAL,2019-10-01,-2500.0
VVAL,2019-11-01,-2500.0
VVAL,2019-12-02,-2500.0
VVAL,2020-01-02,-2500.0
VVAL,2020-02-03,-2500.0
VVAL,2020-03-02,-2500.0
VVAL,2020-04-01,-2500.0
VVAL,2020-05-04,-2500.0
VVAL,2020-06-01,-2500.0
VVAL,2020-07-01,-2500.0
VVAL,2020-08-03,-2500.0
VVAL,2020-09-01,-2500.0
VVAL,2020-10-01,-2500.0
VVAL,2020-11-03,-2500.0
VVAL,2020-12-01,-2500.0
VVAL,2021-01-04,-2500.0
VVAL,2021-02-01,-2500.0
VVAL,2021-03-01,-2500.0
VVAL,2021-04-01,-2500.0
VVAL,2021-05-03,-2500.0
VVAL,2021-06-01,-2500.0
VVAL,2021-07-01,-2500.0
VVAL,2021-08-02,-2500.0
VVAL,2021-09-01,-2500.0
VVAL,2021-10-01,-2500.0
VVAL,2021-11-01,-2500.0
VVAL,2021-12-01,-2500.0
VVAL,2022-01-03,-2500.0
VVAL,2022-02-01,-2500.0
VVAL,2022-03-02,-2500.0
VVAL,2022-04-01,-2500.0
VVAL,2022-05-02,-2500.0
VVAL,2022-06-01,-2500.0
VVAL,2022-07-01,-2500.0
VVAL,2022-08-01,-2500.0
VVAL,2022-09-01,-2500.0
VVAL,2022-10-03,-2500.0
VVAL,2022-11-01,-2500.0
VVAL,2022-12-01,-2500.0
VVAL,2023-01-02,-2500.0
VVAL,2023-02-01,-2500.0
VVAL,2023-03-01,-2500.0
VVAL,2023-04-03,-2500.0
VVAL,2023-05-02,-2500.0
VVAL,2023-06-01,-2500.0
VVAL,2023-07-03,-2500.0
VVAL,2023-08-01,-2500.0
VVAL,2023-09-01,-2500.0
VVAL,2023-10-02,-2500.0
VVAL,2023-11-01,-2500.0
VVAL,2023-12-01,-2500.0
VVAL,2024-01-02,-2500.0
VVAL,2024-02-01,-2500.0
VVAL,2024-03-01,-2500.0
VVAL,2024-04-01,-2500.0
VVAL,2024-05-02,-2500.0
VVAL,2024-06-03,-2500.0
VVAL,2024-07-01,-2500.0
VVAL,2024-08-01,-2500.0
VVAL,2024-09-02,-2500.0
VVAL,2024-10-01,-2500.0
VVAL,2024-11-01,-2500.0
VVAL,2024-12-02,-2500.0
VVAL,2025-01-02,-2500.0
VVAL,2025-02-03,-2500.0
VVAL,2025-03-05,-2500.0
VVAL,2025-04-01,-2500.0
VVAL,2025-05-02,-2500.0
VVAL,2025-06-02,-2500.0
VVAL,2025-07-01,-2500.0
VVAL,2025-08-01,-2500.0
VVAL,2025-09-01,-2500.0
VVAL,2025-10-01,-2500.0
VVAL,2025-11-03,-2500.0
VVAL,2025-12-01,-2500.0
VVAL,2026-01-02,-2500.0
VVAL,2026-02-02,-2500.0
VVAL,2026-03-02,-2500.0
VVAL,2026-04-01,-2500.0
VVAL,2026-05-04,-2500.0
VVAL,2026-06-01,-2500.0
VVAL,2026-06-30,1815067.322018954
