portfolio,date,external_deposit,investor_cash_flow,nav_before,nav_after,invested_cash,cash_after,status
V0,2014-07-01,2500.0,-2500.0,,,0.0,2500.0,UNVALUED_POSITION:ABCB2
V0,2014-08-01,2500.0,-2500.0,104180.81202130891,106680.81202130891,5000.0,0.0,INVESTED
V0,2014-09-01,2500.0,-2500.0,118791.52884541769,121291.52884541769,2500.0,0.0,INVESTED
V0,2014-10-01,2500.0,-2500.0,107331.67448845929,109831.67448845929,2500.0,0.0,INVESTED
V0,2014-11-03,2500.0,-2500.0,112252.08792269263,114752.08792269263,2500.0,0.0,INVESTED
V0,2014-12-01,2500.0,-2500.0,114547.12805411528,117047.12805411528,2500.0,0.0,INVESTED
V0,2015-01-02,2500.0,-2500.0,,,0.0,2500.0,UNVALUED_POSITION:ABCB2
V0,2015-02-02,2500.0,-2500.0,108799.84816455822,111299.84816455822,5000.0,0.0,INVESTED
V0,2015-03-02,2500.0,-2500.0,119313.38551167765,121813.38551167765,2500.0,0.0,INVESTED
V0,2015-04-01,2500.0,-2500.0,126145.42484589526,128645.42484589526,2500.0,0.0,INVESTED
V0,2015-05-04,2500.0,-2500.0,135130.16143016197,137630.16143016197,2500.0,0.0,INVESTED
V0,2015-06-01,2500.0,-2500.0,130106.9344408164,132606.9344408164,2500.0,0.0,INVESTED
V0,2015-07-01,2500.0,-2500.0,131401.27849766982,133901.27849766982,2500.0,0.0,INVESTED
V0,2015-08-03,2500.0,-2500.0,131146.4527354539,133646.4527354539,2500.0,0.0,INVESTED
V0,2015-09-01,2500.0,-2500.0,112884.23881861591,115384.23881861591,2500.0,0.0,INVESTED
V0,2015-10-01,2500.0,-2500.0,114741.82392377795,117241.82392377795,2500.0,0.0,INVESTED
V0,2015-11-03,2500.0,-2500.0,126937.46681106366,129437.46681106366,2500.0,0.0,INVESTED
V0,2015-12-01,2500.0,-2500.0,124834.1658617889,127334.1658617889,2500.0,0.0,INVESTED
V0,2016-01-04,2500.0,-2500.0,119160.8970409823,121660.8970409823,2500.0,0.0,INVESTED
V0,2016-02-01,2500.0,-2500.0,123336.40395981359,125836.40395981359,2500.0,0.0,INVESTED
V0,2016-03-01,2500.0,-2500.0,134006.57936565534,136506.57936565534,2500.0,0.0,INVESTED
V0,2016-04-01,2500.0,-2500.0,160162.99139695885,162662.99139695885,2500.0,0.0,INVESTED
V0,2016-05-02,2500.0,-2500.0,166953.75762133684,169453.75762133684,2500.0,0.0,INVESTED
V0,2016-06-01,2500.0,-2500.0,164363.6621218836,166863.6621218836,2500.0,0.0,INVESTED
V0,2016-07-01,2500.0,-2500.0,183569.4330718188,186069.4330718188,2500.0,0.0,INVESTED
V0,2016-08-01,2500.0,-2500.0,211176.7757453352,213676.7757453352,2500.0,0.0,INVESTED
V0,2016-09-01,2500.0,-2500.0,218160.47639108766,220660.47639108766,2500.0,0.0,INVESTED
V0,2016-10-03,2500.0,-2500.0,221229.81296261403,223729.81296261403,2500.0,0.0,INVESTED
V0,2016-11-01,2500.0,-2500.0,240926.94011501584,243426.94011501584,2500.0,0.0,INVESTED
V0,2016-12-01,2500.0,-2500.0,214750.0094309534,217250.0094309534,2500.0,0.0,INVESTED
V0,2017-01-02,2500.0,-2500.0,226731.49590810313,229231.49590810313,2500.0,0.0,INVESTED
V0,2017-02-01,2500.0,-2500.0,257126.21383831784,259626.21383831784,2500.0,0.0,INVESTED
V0,2017-03-01,2500.0,-2500.0,276439.4647819963,278939.4647819963,2500.0,0.0,INVESTED
V0,2017-04-03,2500.0,-2500.0,273518.2078809128,276018.2078809128,2500.0,0.0,INVESTED
V0,2017-05-02,2500.0,-2500.0,275297.35625606694,277797.35625606694,2500.0,0.0,INVESTED
V0,2017-06-01,2500.0,-2500.0,260576.3470095687,263076.3470095687,2500.0,0.0,INVESTED
V0,2017-07-03,2500.0,-2500.0,268053.5192404985,270553.5192404985,2500.0,0.0,INVESTED
V0,2017-08-01,2500.0,-2500.0,283915.11491409375,286415.11491409375,2500.0,0.0,INVESTED
V0,2017-09-01,2500.0,-2500.0,304100.98432549683,306600.98432549683,2500.0,0.0,INVESTED
V0,2017-10-02,2500.0,-2500.0,311476.722776125,313976.722776125,2500.0,0.0,INVESTED
V0,2017-11-01,2500.0,-2500.0,302248.2223851209,304748.2223851209,2500.0,0.0,INVESTED
V0,2017-12-01,2500.0,-2500.0,290815.8828936652,293315.8828936652,2500.0,0.0,INVESTED
V0,2018-01-02,2500.0,-2500.0,311116.6455779492,313616.6455779492,2500.0,0.0,INVESTED
V0,2018-02-01,2500.0,-2500.0,341804.8759299488,344304.8759299488,2500.0,0.0,INVESTED
V0,2018-03-01,2500.0,-2500.0,352564.92871865095,355064.92871865095,2500.0,0.0,INVESTED
V0,2018-04-02,2500.0,-2500.0,355578.99807694374,358078.99807694374,2500.0,0.0,INVESTED
V0,2018-05-02,2500.0,-2500.0,356450.9180747447,358950.9180747447,2500.0,0.0,INVESTED
V0,2018-06-01,2500.0,-2500.0,329414.40507037396,331914.40507037396,2500.0,0.0,INVESTED
V0,2018-07-02,2500.0,-2500.0,310590.32341050357,313090.32341050357,2500.0,0.0,INVESTED
V0,2018-08-01,2500.0,-2500.0,330954.5116437639,333454.5116437639,2500.0,0.0,INVESTED
V0,2018-09-03,2500.0,-2500.0,322676.8571272086,325176.8571272086,2500.0,0.0,INVESTED
V0,2018-10-01,2500.0,-2500.0,323167.7137626976,325667.7137626976,2500.0,0.0,INVESTED
V0,2018-11-01,2500.0,-2500.0,391574.78327045916,394074.78327045916,2500.0,0.0,INVESTED
V0,2018-12-03,2500.0,-2500.0,417710.23425517743,420210.23425517743,2500.0,0.0,INVESTED
V0,2019-01-02,2500.0,-2500.0,444573.3676038664,447073.3676038664,2500.0,0.0,INVESTED
V0,2019-02-01,2500.0,-2500.0,499525.6242285364,502025.6242285364,2500.0,0.0,INVESTED
V0,2019-03-01,2500.0,-2500.0,485466.44958197087,487966.44958197087,2500.0,0.0,INVESTED
V0,2019-04-01,2500.0,-2500.0,490643.79877133033,493143.79877133033,2500.0,0.0,INVESTED
V0,2019-05-02,2500.0,-2500.0,511109.66966869676,513609.66966869676,2500.0,0.0,INVESTED
V0,2019-06-03,2500.0,-2500.0,531553.8297638167,534053.8297638167,2500.0,0.0,INVESTED
V0,2019-07-01,2500.0,-2500.0,546420.5425170928,548920.5425170928,2500.0,0.0,INVESTED
V0,2019-08-01,2500.0,-2500.0,559344.5568805153,561844.5568805153,2500.0,0.0,INVESTED
V0,2019-09-02,2500.0,-2500.0,569016.1348468581,571516.1348468581,2500.0,0.0,INVESTED
V0,2019-10-01,2500.0,-2500.0,568278.8065007747,570778.8065007747,2500.0,0.0,INVESTED
V0,2019-11-01,2500.0,-2500.0,587817.5567961957,590317.5567961957,2500.0,0.0,INVESTED
V0,2019-12-02,2500.0,-2500.0,597245.2826477558,599745.2826477558,2500.0,0.0,INVESTED
V0,2020-01-02,2500.0,-2500.0,663155.288326497,665655.288326497,2500.0,0.0,INVESTED
V0,2020-02-03,2500.0,-2500.0,673783.078270007,676283.078270007,2500.0,0.0,INVESTED
V0,2020-03-02,2500.0,-2500.0,641347.8933703298,643847.8933703298,2500.0,0.0,INVESTED
V0,2020-04-01,2500.0,-2500.0,439433.4371939639,441933.4371939639,2500.0,0.0,INVESTED
V0,2020-05-04,2500.0,-2500.0,465636.6566057104,468136.6566057104,2500.0,0.0,INVESTED
V0,2020-06-01,2500.0,-2500.0,509604.1181280587,512104.1181280587,2500.0,0.0,INVESTED
V0,2020-07-01,2500.0,-2500.0,542911.2100740098,545411.2100740098,2500.0,0.0,INVESTED
V0,2020-08-03,2500.0,-2500.0,564959.3216588666,567459.3216588666,2500.0,0.0,INVESTED
V0,2020-09-01,2500.0,-2500.0,542043.9668680927,544543.9668680927,2500.0,0.0,INVESTED
V0,2020-10-01,2500.0,-2500.0,509486.548977756,511986.548977756,2500.0,0.0,INVESTED
V0,2020-11-03,2500.0,-2500.0,512435.83041761926,514935.83041761926,2500.0,0.0,INVESTED
V0,2020-12-01,2500.0,-2500.0,579115.3464710355,581615.3464710355,2500.0,0.0,INVESTED
V0,2021-01-04,2500.0,-2500.0,608313.0436211562,610813.0436211562,2500.0,0.0,INVESTED
V0,2021-02-01,2500.0,-2500.0,584616.5760161425,587116.5760161425,2500.0,0.0,INVESTED
V0,2021-03-01,2500.0,-2500.0,524881.8690555727,527381.8690555727,2500.0,0.0,INVESTED
V0,2021-04-01,2500.0,-2500.0,567661.908100867,570161.908100867,2500.0,0.0,INVESTED
V0,2021-05-03,2500.0,-2500.0,573894.4303642048,576394.4303642048,2500.0,0.0,INVESTED
V0,2021-06-01,2500.0,-2500.0,610290.501244279,612790.501244279,2500.0,0.0,INVESTED
V0,2021-07-01,2500.0,-2500.0,579943.00710754,582443.00710754,2500.0,0.0,INVESTED
V0,2021-08-02,2500.0,-2500.0,581073.9134083389,583573.9134083389,2500.0,0.0,INVESTED
V0,2021-09-01,2500.0,-2500.0,609557.7809078243,612057.7809078243,2500.0,0.0,INVESTED
V0,2021-10-01,2500.0,-2500.0,588600.4521499695,591100.4521499695,2500.0,0.0,INVESTED
V0,2021-11-01,2500.0,-2500.0,579281.6925703641,581781.6925703641,2500.0,0.0,INVESTED
V0,2021-12-01,2500.0,-2500.0,588098.7161482557,590598.7161482557,2500.0,0.0,INVESTED
V0,2022-01-03,2500.0,-2500.0,583272.9377981374,585772.9377981374,2500.0,0.0,INVESTED
V0,2022-02-01,2500.0,-2500.0,623420.6106630848,625920.6106630848,2500.0,0.0,INVESTED
V0,2022-03-02,2500.0,-2500.0,636250.0867026974,638750.0867026974,2500.0,0.0,INVESTED
V0,2022-04-01,2500.0,-2500.0,699447.7359867913,701947.7359867913,2500.0,0.0,INVESTED
V0,2022-05-02,2500.0,-2500.0,664885.9664508196,667385.9664508196,2500.0,0.0,INVESTED
V0,2022-06-01,2500.0,-2500.0,686359.7046339968,688859.7046339968,2500.0,0.0,INVESTED
V0,2022-07-01,2500.0,-2500.0,643002.6472400125,645502.6472400125,2500.0,0.0,INVESTED
V0,2022-08-01,2500.0,-2500.0,664439.4259985466,666939.4259985466,2500.0,0.0,INVESTED
V0,2022-09-01,2500.0,-2500.0,700605.3007531567,703105.3007531567,2500.0,0.0,INVESTED
V0,2022-10-03,2500.0,-2500.0,734949.8414180982,737449.8414180982,2500.0,0.0,INVESTED
V0,2022-11-01,2500.0,-2500.0,748956.8637902134,751456.8637902134,2500.0,0.0,INVESTED
V0,2022-12-01,2500.0,-2500.0,718923.9406701118,721423.9406701118,2500.0,0.0,INVESTED
V0,2023-01-02,2500.0,-2500.0,695942.9164652578,698442.9164652578,2500.0,0.0,INVESTED
V0,2023-02-01,2500.0,-2500.0,731445.5541142256,733945.5541142256,2500.0,0.0,INVESTED
V0,2023-03-01,2500.0,-2500.0,706750.7557065727,709250.7557065727,2500.0,0.0,INVESTED
V0,2023-04-03,2500.0,-2500.0,716032.5749563229,718532.5749563229,2500.0,0.0,INVESTED
V0,2023-05-02,2500.0,-2500.0,755521.2897707958,758021.2897707958,2500.0,0.0,INVESTED
V0,2023-06-01,2500.0,-2500.0,785467.0779348479,787967.0779348479,2500.0,0.0,INVESTED
V0,2023-07-03,2500.0,-2500.0,862216.8251414374,864716.8251414374,2500.0,0.0,INVESTED
V0,2023-08-01,2500.0,-2500.0,852521.841825077,855021.841825077,2500.0,0.0,INVESTED
V0,2023-09-01,2500.0,-2500.0,,,0.0,2500.0,UNVALUED_POSITION:ENBR3
V0,2023-10-02,2500.0,-2500.0,844706.6622444019,847206.6622444019,5000.0,0.0,INVESTED
V0,2023-11-01,2500.0,-2500.0,844554.6555398863,847054.6555398863,2500.0,0.0,INVESTED
V0,2023-12-01,2500.0,-2500.0,935142.5296789784,937642.5296789784,2500.0,0.0,INVESTED
V0,2024-01-02,2500.0,-2500.0,993320.3805238053,995820.3805238053,2500.0,0.0,INVESTED
V0,2024-02-01,2500.0,-2500.0,992051.010856298,994551.010856298,2500.0,0.0,INVESTED
V0,2024-03-01,2500.0,-2500.0,988033.5522362194,990533.5522362194,2500.0,0.0,INVESTED
V0,2024-04-01,2500.0,-2500.0,986672.5645436695,989172.5645436695,2500.0,0.0,INVESTED
V0,2024-05-02,2500.0,-2500.0,981059.2214889785,983559.2214889785,2500.0,0.0,INVESTED
V0,2024-06-03,2500.0,-2500.0,970313.2826463117,972813.2826463117,2500.0,0.0,INVESTED
V0,2024-07-01,2500.0,-2500.0,983477.8027752793,985977.8027752793,2500.0,0.0,INVESTED
V0,2024-08-01,2500.0,-2500.0,1022643.7478361187,1025143.7478361187,2500.0,0.0,INVESTED
V0,2024-09-02,2500.0,-2500.0,1095466.1781037378,1097966.1781037378,2500.0,0.0,INVESTED
V0,2024-10-01,2500.0,-2500.0,1082613.2679210154,1085113.2679210154,2500.0,0.0,INVESTED
V0,2024-11-01,2500.0,-2500.0,1038424.2952558137,1040924.2952558137,2500.0,0.0,INVESTED
V0,2024-12-02,2500.0,-2500.0,1022745.084146254,1025245.084146254,2500.0,0.0,INVESTED
V0,2025-01-02,2500.0,-2500.0,978174.7730152211,980674.7730152211,2500.0,0.0,INVESTED
V0,2025-02-03,2500.0,-2500.0,1042659.6608427499,1045159.6608427499,2500.0,0.0,INVESTED
V0,2025-03-05,2500.0,-2500.0,1050987.9481614053,1053487.9481614053,2500.0,0.0,INVESTED
V0,2025-04-01,2500.0,-2500.0,1092125.02311982,1094625.02311982,2500.0,0.0,INVESTED
V0,2025-05-02,2500.0,-2500.0,1185733.3810335328,1188233.3810335328,2500.0,0.0,INVESTED
V0,2025-06-02,2500.0,-2500.0,1225155.9497463787,1227655.9497463787,2500.0,0.0,INVESTED
V0,2025-07-01,2500.0,-2500.0,1282084.5974264431,1284584.5974264431,2500.0,0.0,INVESTED
V0,2025-08-01,2500.0,-2500.0,1200210.9989658536,1202710.9989658536,2500.0,0.0,INVESTED
V0,2025-09-01,2500.0,-2500.0,1290212.7331374083,1292712.7331374083,2500.0,0.0,INVESTED
V0,2025-10-01,2500.0,-2500.0,1354056.9875738565,1356556.9875738565,2500.0,0.0,INVESTED
V0,2025-11-03,2500.0,-2500.0,1402717.9445769265,1405217.9445769265,2500.0,0.0,INVESTED
V0,2025-12-01,2500.0,-2500.0,1500978.9135613556,1503478.9135613556,2500.0,0.0,INVESTED
V0,2026-01-02,2500.0,-2500.0,1526746.2526937108,1529246.2526937108,2500.0,0.0,INVESTED
V0,2026-02-02,2500.0,-2500.0,1669951.8271039529,1672451.8271039529,2500.0,0.0,INVESTED
V0,2026-03-02,2500.0,-2500.0,1723911.8255396886,1726411.8255396886,2500.0,0.0,INVESTED
V0,2026-04-01,2500.0,-2500.0,1709959.0254101169,1712459.0254101169,2500.0,0.0,INVESTED
V0,2026-05-04,2500.0,-2500.0,1688604.1774577543,1691104.1774577543,2500.0,0.0,INVESTED
V0,2026-06-01,2500.0,-2500.0,1566012.440123767,1568512.440123767,2500.0,0.0,INVESTED
BH padrão,2014-07-01,2500.0,-2500.0,100258.86644191296,102758.86644191296,2500.0,0.0,INVESTED
BH padrão,2014-08-01,2500.0,-2500.0,106753.11141164138,109253.11141164138,2500.0,0.0,INVESTED
BH padrão,2014-09-01,2500.0,-2500.0,119410.46818782238,121910.46818782238,2500.0,0.0,INVESTED
BH padrão,2014-10-01,2500.0,-2500.0,107549.5667390679,110049.5667390679,2500.0,0.0,INVESTED
BH padrão,2014-11-03,2500.0,-2500.0,116106.76538233683,118606.76538233683,2500.0,0.0,INVESTED
BH padrão,2014-12-01,2500.0,-2500.0,119186.96528201792,121686.96528201792,2500.0,0.0,INVESTED
BH padrão,2015-01-02,2500.0,-2500.0,117599.38142840171,120099.38142840171,2500.0,0.0,INVESTED
BH padrão,2015-02-02,2500.0,-2500.0,122861.09306627227,125361.09306627227,2500.0,0.0,INVESTED
BH padrão,2015-03-02,2500.0,-2500.0,131286.34004330667,133786.34004330667,2500.0,0.0,INVESTED
BH padrão,2015-04-01,2500.0,-2500.0,139238.60115099972,141738.60115099972,2500.0,0.0,INVESTED
BH padrão,2015-05-04,2500.0,-2500.0,150500.5939869638,153000.5939869638,2500.0,0.0,INVESTED
BH padrão,2015-06-01,2500.0,-2500.0,150634.72385679412,153134.72385679412,2500.0,0.0,INVESTED
BH padrão,2015-07-01,2500.0,-2500.0,154970.05158548322,157470.05158548322,2500.0,0.0,INVESTED
BH padrão,2015-08-03,2500.0,-2500.0,151476.6822752388,153976.6822752388,2500.0,0.0,INVESTED
BH padrão,2015-09-01,2500.0,-2500.0,135498.55536361295,137998.55536361295,2500.0,0.0,INVESTED
BH padrão,2015-10-01,2500.0,-2500.0,133502.91305636562,136002.91305636562,2500.0,0.0,INVESTED
BH padrão,2015-11-03,2500.0,-2500.0,146864.49409038125,149364.49409038125,2500.0,0.0,INVESTED
BH padrão,2015-12-01,2500.0,-2500.0,148557.9236074595,151057.9236074595,2500.0,0.0,INVESTED
BH padrão,2016-01-04,2500.0,-2500.0,139161.22260967383,141661.22260967383,2500.0,0.0,INVESTED
BH padrão,2016-02-01,2500.0,-2500.0,153411.48179048538,155911.48179048538,2500.0,0.0,INVESTED
BH padrão,2016-03-01,2500.0,-2500.0,163337.3295399856,165837.3295399856,2500.0,0.0,INVESTED
BH padrão,2016-04-01,2500.0,-2500.0,190100.26411556112,192600.26411556112,2500.0,0.0,INVESTED
BH padrão,2016-05-02,2500.0,-2500.0,198985.69478988374,201485.69478988374,2500.0,0.0,INVESTED
BH padrão,2016-06-01,2500.0,-2500.0,193762.44874043146,196262.44874043146,2500.0,0.0,INVESTED
BH padrão,2016-07-01,2500.0,-2500.0,204366.61511393843,206866.61511393843,2500.0,0.0,INVESTED
BH padrão,2016-08-01,2500.0,-2500.0,230530.20560522864,233030.20560522864,2500.0,0.0,INVESTED
BH padrão,2016-09-01,2500.0,-2500.0,230087.29495867598,232587.29495867598,2500.0,0.0,INVESTED
BH padrão,2016-10-03,2500.0,-2500.0,241549.41770700924,244049.41770700924,2500.0,0.0,INVESTED
BH padrão,2016-11-01,2500.0,-2500.0,249091.9798653975,251591.9798653975,2500.0,0.0,INVESTED
BH padrão,2016-12-01,2500.0,-2500.0,221241.59365987295,223741.59365987295,2500.0,0.0,INVESTED
BH padrão,2017-01-02,2500.0,-2500.0,232251.88643383648,234751.88643383648,2500.0,0.0,INVESTED
BH padrão,2017-02-01,2500.0,-2500.0,251462.65334843105,253962.65334843105,2500.0,0.0,INVESTED
BH padrão,2017-03-01,2500.0,-2500.0,268834.04904382396,271334.04904382396,2500.0,0.0,INVESTED
BH padrão,2017-04-03,2500.0,-2500.0,268678.7783476812,271178.7783476812,2500.0,0.0,INVESTED
BH padrão,2017-05-02,2500.0,-2500.0,281167.8067863978,283667.8067863978,2500.0,0.0,INVESTED
BH padrão,2017-06-01,2500.0,-2500.0,268802.6524500187,271302.6524500187,2500.0,0.0,INVESTED
BH padrão,2017-07-03,2500.0,-2500.0,273450.5061834839,275950.5061834839,2500.0,0.0,INVESTED
BH padrão,2017-08-01,2500.0,-2500.0,285445.4284632163,287945.4284632163,2500.0,0.0,INVESTED
BH padrão,2017-09-01,2500.0,-2500.0,302771.7188845787,305271.7188845787,2500.0,0.0,INVESTED
BH padrão,2017-10-02,2500.0,-2500.0,314646.9096136435,317146.9096136435,2500.0,0.0,INVESTED
BH padrão,2017-11-01,2500.0,-2500.0,317601.67222102085,320101.67222102085,2500.0,0.0,INVESTED
BH padrão,2017-12-01,2500.0,-2500.0,321014.98698925343,323514.98698925343,2500.0,0.0,INVESTED
BH padrão,2018-01-02,2500.0,-2500.0,341906.45436288207,344406.45436288207,2500.0,0.0,INVESTED
BH padrão,2018-02-01,2500.0,-2500.0,353038.78047765844,355538.78047765844,2500.0,0.0,INVESTED
BH padrão,2018-03-01,2500.0,-2500.0,348337.9650565128,350837.9650565128,2500.0,0.0,INVESTED
BH padrão,2018-04-02,2500.0,-2500.0,345956.8734071586,348456.8734071586,2500.0,0.0,INVESTED
BH padrão,2018-05-02,2500.0,-2500.0,332947.17302912206,335447.17302912206,2500.0,0.0,INVESTED
BH padrão,2018-06-01,2500.0,-2500.0,315692.8544984515,318192.8544984515,2500.0,0.0,INVESTED
BH padrão,2018-07-02,2500.0,-2500.0,302949.0890687568,305449.0890687568,2500.0,0.0,INVESTED
BH padrão,2018-08-01,2500.0,-2500.0,337658.30545359344,340158.30545359344,2500.0,0.0,INVESTED
BH padrão,2018-09-03,2500.0,-2500.0,329602.03116013407,332102.03116013407,2500.0,0.0,INVESTED
BH padrão,2018-10-01,2500.0,-2500.0,326658.8737955488,329158.8737955488,2500.0,0.0,INVESTED
BH padrão,2018-11-01,2500.0,-2500.0,377068.6408055676,379568.6408055676,2500.0,0.0,INVESTED
BH padrão,2018-12-03,2500.0,-2500.0,407542.2229923918,410042.2229923918,2500.0,0.0,INVESTED
BH padrão,2019-01-02,2500.0,-2500.0,417159.3531894024,419659.3531894024,2500.0,0.0,INVESTED
BH padrão,2019-02-01,2500.0,-2500.0,457614.2175207821,460114.2175207821,2500.0,0.0,INVESTED
BH padrão,2019-03-01,2500.0,-2500.0,440249.7093976017,442749.7093976017,2500.0,0.0,INVESTED
BH padrão,2019-04-01,2500.0,-2500.0,437434.53479770373,439934.53479770373,2500.0,0.0,INVESTED
BH padrão,2019-05-02,2500.0,-2500.0,452202.6079375185,454702.6079375185,2500.0,0.0,INVESTED
BH padrão,2019-06-03,2500.0,-2500.0,477751.68326581974,480251.68326581974,2500.0,0.0,INVESTED
BH padrão,2019-07-01,2500.0,-2500.0,492622.0361519584,495122.0361519584,2500.0,0.0,INVESTED
BH padrão,2019-08-01,2500.0,-2500.0,513963.6643285039,516463.6643285039,2500.0,0.0,INVESTED
BH padrão,2019-09-02,2500.0,-2500.0,518264.9827174047,520764.9827174047,2500.0,0.0,INVESTED
BH padrão,2019-10-01,2500.0,-2500.0,534375.50339451,536875.50339451,2500.0,0.0,INVESTED
BH padrão,2019-11-01,2500.0,-2500.0,564962.439573216,567462.439573216,2500.0,0.0,INVESTED
BH padrão,2019-12-02,2500.0,-2500.0,569601.9275836217,572101.9275836217,2500.0,0.0,INVESTED
BH padrão,2020-01-02,2500.0,-2500.0,633602.0663922989,636102.0663922989,2500.0,0.0,INVESTED
BH padrão,2020-02-03,2500.0,-2500.0,647753.1814839428,650253.1814839428,2500.0,0.0,INVESTED
BH padrão,2020-03-02,2500.0,-2500.0,652824.5473614832,655324.5473614832,2500.0,0.0,INVESTED
BH padrão,2020-04-01,2500.0,-2500.0,461832.60105681437,464332.60105681437,2500.0,0.0,INVESTED
BH padrão,2020-05-04,2500.0,-2500.0,499577.05491583457,502077.05491583457,2500.0,0.0,INVESTED
BH padrão,2020-06-01,2500.0,-2500.0,552081.4589686558,554581.4589686558,2500.0,0.0,INVESTED
BH padrão,2020-07-01,2500.0,-2500.0,603184.3936293671,605684.3936293671,2500.0,0.0,INVESTED
BH padrão,2020-08-03,2500.0,-2500.0,665965.227827847,668465.227827847,2500.0,0.0,INVESTED
BH padrão,2020-09-01,2500.0,-2500.0,640394.6960097156,642894.6960097156,2500.0,0.0,INVESTED
BH padrão,2020-10-01,2500.0,-2500.0,625327.0250810768,627827.0250810768,2500.0,0.0,INVESTED
BH padrão,2020-11-03,2500.0,-2500.0,648201.1990745792,650701.1990745792,2500.0,0.0,INVESTED
BH padrão,2020-12-01,2500.0,-2500.0,711002.0641239322,713502.0641239322,2500.0,0.0,INVESTED
BH padrão,2021-01-04,2500.0,-2500.0,736724.0426568924,739224.0426568924,2500.0,0.0,INVESTED
BH padrão,2021-02-01,2500.0,-2500.0,755385.1815868559,757885.1815868559,2500.0,0.0,INVESTED
BH padrão,2021-03-01,2500.0,-2500.0,682331.0432969254,684831.0432969254,2500.0,0.0,INVESTED
BH padrão,2021-04-01,2500.0,-2500.0,719495.1640908248,721995.1640908248,2500.0,0.0,INVESTED
BH padrão,2021-05-03,2500.0,-2500.0,731612.0918125787,734112.0918125787,2500.0,0.0,INVESTED
BH padrão,2021-06-01,2500.0,-2500.0,776010.7852483562,778510.7852483562,2500.0,0.0,INVESTED
BH padrão,2021-07-01,2500.0,-2500.0,733795.8335805234,736295.8335805234,2500.0,0.0,INVESTED
BH padrão,2021-08-02,2500.0,-2500.0,756743.6014308181,759243.6014308181,2500.0,0.0,INVESTED
BH padrão,2021-09-01,2500.0,-2500.0,769464.7750080721,771964.7750080721,2500.0,0.0,INVESTED
BH padrão,2021-10-01,2500.0,-2500.0,765762.6353698251,768262.6353698251,2500.0,0.0,INVESTED
BH padrão,2021-11-01,2500.0,-2500.0,728622.2855038177,731122.2855038177,2500.0,0.0,INVESTED
BH padrão,2021-12-01,2500.0,-2500.0,688383.3915785688,690883.3915785688,2500.0,0.0,INVESTED
BH padrão,2022-01-03,2500.0,-2500.0,697101.8268918816,699601.8268918816,2500.0,0.0,INVESTED
BH padrão,2022-02-01,2500.0,-2500.0,743300.0129932751,745800.0129932751,2500.0,0.0,INVESTED
BH padrão,2022-03-02,2500.0,-2500.0,724943.5975405911,727443.5975405911,2500.0,0.0,INVESTED
BH padrão,2022-04-01,2500.0,-2500.0,827602.4827058434,830102.4827058434,2500.0,0.0,INVESTED
BH padrão,2022-05-02,2500.0,-2500.0,733980.4106913125,736480.4106913125,2500.0,0.0,INVESTED
BH padrão,2022-06-01,2500.0,-2500.0,761971.146021012,764471.146021012,2500.0,0.0,INVESTED
BH padrão,2022-07-01,2500.0,-2500.0,716003.7740745909,718503.7740745909,2500.0,0.0,INVESTED
BH padrão,2022-08-01,2500.0,-2500.0,769783.7035826206,772283.7035826206,2500.0,0.0,INVESTED
BH padrão,2022-09-01,2500.0,-2500.0,804280.7456216239,806780.7456216239,2500.0,0.0,INVESTED
BH padrão,2022-10-03,2500.0,-2500.0,864154.3714456204,866654.3714456204,2500.0,0.0,INVESTED
BH padrão,2022-11-01,2500.0,-2500.0,910496.978791769,912996.978791769,2500.0,0.0,INVESTED
BH padrão,2022-12-01,2500.0,-2500.0,839587.3326181074,842087.3326181074,2500.0,0.0,INVESTED
BH padrão,2023-01-02,2500.0,-2500.0,824047.1594536495,826547.1594536495,2500.0,0.0,INVESTED
BH padrão,2023-02-01,2500.0,-2500.0,857410.6517683171,859910.6517683171,2500.0,0.0,INVESTED
BH padrão,2023-03-01,2500.0,-2500.0,826913.4708188637,829413.4708188637,2500.0,0.0,INVESTED
BH padrão,2023-04-03,2500.0,-2500.0,848922.8935891131,851422.8935891131,2500.0,0.0,INVESTED
BH padrão,2023-05-02,2500.0,-2500.0,898320.6789941826,900820.6789941826,2500.0,0.0,INVESTED
BH padrão,2023-06-01,2500.0,-2500.0,921802.8246988475,924302.8246988475,2500.0,0.0,INVESTED
BH padrão,2023-07-03,2500.0,-2500.0,975785.8454828294,978285.8454828294,2500.0,0.0,INVESTED
BH padrão,2023-08-01,2500.0,-2500.0,976088.8027803511,978588.8027803511,2500.0,0.0,INVESTED
BH padrão,2023-09-01,2500.0,-2500.0,921343.2421973775,923843.2421973775,2500.0,0.0,INVESTED
BH padrão,2023-10-02,2500.0,-2500.0,907349.8403124177,909849.8403124177,2500.0,0.0,INVESTED
BH padrão,2023-11-01,2500.0,-2500.0,861051.069009067,863551.069009067,2500.0,0.0,INVESTED
BH padrão,2023-12-01,2500.0,-2500.0,927599.9498923867,930099.9498923867,2500.0,0.0,INVESTED
BH padrão,2024-01-02,2500.0,-2500.0,974604.9593935771,977104.9593935771,2500.0,0.0,INVESTED
BH padrão,2024-02-01,2500.0,-2500.0,906629.2673716836,909129.2673716836,2500.0,0.0,INVESTED
BH padrão,2024-03-01,2500.0,-2500.0,960997.1016901964,963497.1016901964,2500.0,0.0,INVESTED
BH padrão,2024-04-01,2500.0,-2500.0,969226.5943866777,971726.5943866777,2500.0,0.0,INVESTED
BH padrão,2024-05-02,2500.0,-2500.0,968188.0705056643,970688.0705056643,2500.0,0.0,INVESTED
BH padrão,2024-06-03,2500.0,-2500.0,951043.0400279908,953543.0400279908,2500.0,0.0,INVESTED
BH padrão,2024-07-01,2500.0,-2500.0,986444.040760453,988944.040760453,2500.0,0.0,INVESTED
BH padrão,2024-08-01,2500.0,-2500.0,1084680.072009858,1087180.072009858,2500.0,0.0,INVESTED
BH padrão,2024-09-02,2500.0,-2500.0,1142500.6588494417,1145000.6588494417,2500.0,0.0,INVESTED
BH padrão,2024-10-01,2500.0,-2500.0,1135032.4722931616,1137532.4722931616,2500.0,0.0,INVESTED
BH padrão,2024-11-01,2500.0,-2500.0,1098453.792888846,1100953.792888846,2500.0,0.0,INVESTED
BH padrão,2024-12-02,2500.0,-2500.0,1053619.5214809438,1056119.5214809438,2500.0,0.0,INVESTED
BH padrão,2025-01-02,2500.0,-2500.0,1009167.7253743792,1011667.7253743792,2500.0,0.0,INVESTED
BH padrão,2025-02-03,2500.0,-2500.0,1043384.2076589129,1045884.2076589129,2500.0,0.0,INVESTED
BH padrão,2025-03-05,2500.0,-2500.0,1003802.2655102317,1006302.2655102317,2500.0,0.0,INVESTED
BH padrão,2025-04-01,2500.0,-2500.0,1001270.6483363814,1003770.6483363814,2500.0,0.0,INVESTED
BH padrão,2025-05-02,2500.0,-2500.0,1074378.9648782862,1076878.9648782862,2500.0,0.0,INVESTED
BH padrão,2025-06-02,2500.0,-2500.0,1071509.3266391964,1074009.3266391964,2500.0,0.0,INVESTED
BH padrão,2025-07-01,2500.0,-2500.0,1123687.1448830497,1126187.1448830497,2500.0,0.0,INVESTED
BH padrão,2025-08-01,2500.0,-2500.0,1026963.2276331967,1029463.2276331967,2500.0,0.0,INVESTED
BH padrão,2025-09-01,2500.0,-2500.0,1101673.3549140561,1104173.3549140561,2500.0,0.0,INVESTED
BH padrão,2025-10-01,2500.0,-2500.0,1103586.9566644644,1106086.9566644644,2500.0,0.0,INVESTED
BH padrão,2025-11-03,2500.0,-2500.0,1201012.0324564835,1203512.0324564835,2500.0,0.0,INVESTED
BH padrão,2025-12-01,2500.0,-2500.0,1254005.5517437255,1256505.5517437255,2500.0,0.0,INVESTED
BH padrão,2026-01-02,2500.0,-2500.0,1272689.2458811852,1275189.2458811852,2500.0,0.0,INVESTED
BH padrão,2026-02-02,2500.0,-2500.0,1403710.913503806,1406210.913503806,2500.0,0.0,INVESTED
BH padrão,2026-03-02,2500.0,-2500.0,1372352.9535059829,1374852.9535059829,2500.0,0.0,INVESTED
BH padrão,2026-04-01,2500.0,-2500.0,1371752.8912367153,1374252.8912367153,2500.0,0.0,INVESTED
BH padrão,2026-05-04,2500.0,-2500.0,1317092.2766692473,1319592.2766692473,2500.0,0.0,INVESTED
BH padrão,2026-06-01,2500.0,-2500.0,1215672.3105856623,1218172.3105856623,2500.0,0.0,INVESTED
BESST-10 BH,2014-07-01,2500.0,-2500.0,100046.2814538,102546.2814538,2500.0,0.0,INVESTED
BESST-10 BH,2014-08-01,2500.0,-2500.0,104001.14693282454,106501.14693282454,2500.0,0.0,INVESTED
BESST-10 BH,2014-09-01,2500.0,-2500.0,113678.5222407548,116178.5222407548,2500.0,0.0,INVESTED
BESST-10 BH,2014-10-01,2500.0,-2500.0,102597.45067818061,105097.45067818061,2500.0,0.0,INVESTED
BESST-10 BH,2014-11-03,2500.0,-2500.0,108178.77716209857,110678.77716209857,2500.0,0.0,INVESTED
BESST-10 BH,2014-12-01,2500.0,-2500.0,107690.06049628592,110190.06049628592,2500.0,0.0,INVESTED
BESST-10 BH,2015-01-02,2500.0,-2500.0,106714.7514855781,109214.7514855781,2500.0,0.0,INVESTED
BESST-10 BH,2015-02-02,2500.0,-2500.0,102737.96717518126,105237.96717518126,2500.0,0.0,INVESTED
BESST-10 BH,2015-03-02,2500.0,-2500.0,115462.62872023995,117962.62872023995,2500.0,0.0,INVESTED
BESST-10 BH,2015-04-01,2500.0,-2500.0,120040.7578927924,122540.7578927924,2500.0,0.0,INVESTED
BESST-10 BH,2015-05-04,2500.0,-2500.0,127338.58742612631,129838.58742612631,2500.0,0.0,INVESTED
BESST-10 BH,2015-06-01,2500.0,-2500.0,121365.82033937836,123865.82033937836,2500.0,0.0,INVESTED
BESST-10 BH,2015-07-01,2500.0,-2500.0,120747.23577094206,123247.23577094206,2500.0,0.0,INVESTED
BESST-10 BH,2015-08-03,2500.0,-2500.0,117490.52230450745,119990.52230450745,2500.0,0.0,INVESTED
BESST-10 BH,2015-09-01,2500.0,-2500.0,103216.70567039028,105716.70567039028,2500.0,0.0,INVESTED
BESST-10 BH,2015-10-01,2500.0,-2500.0,104975.4924112756,107475.4924112756,2500.0,0.0,INVESTED
BESST-10 BH,2015-11-03,2500.0,-2500.0,118105.48087036339,120605.48087036339,2500.0,0.0,INVESTED
BESST-10 BH,2015-12-01,2500.0,-2500.0,118359.5306735294,120859.5306735294,2500.0,0.0,INVESTED
BESST-10 BH,2016-01-04,2500.0,-2500.0,110423.31609573893,112923.31609573893,2500.0,0.0,INVESTED
BESST-10 BH,2016-02-01,2500.0,-2500.0,114791.8748531457,117291.8748531457,2500.0,0.0,INVESTED
BESST-10 BH,2016-03-01,2500.0,-2500.0,125480.05357777643,127980.05357777643,2500.0,0.0,INVESTED
BESST-10 BH,2016-04-01,2500.0,-2500.0,148827.65278030012,151327.65278030012,2500.0,0.0,INVESTED
BESST-10 BH,2016-05-02,2500.0,-2500.0,153638.09946479072,156138.09946479072,2500.0,0.0,INVESTED
BESST-10 BH,2016-06-01,2500.0,-2500.0,150779.39529284058,153279.39529284058,2500.0,0.0,INVESTED
BESST-10 BH,2016-07-01,2500.0,-2500.0,168017.84304516547,170517.84304516547,2500.0,0.0,INVESTED
BESST-10 BH,2016-08-01,2500.0,-2500.0,189839.98444879858,192339.98444879858,2500.0,0.0,INVESTED
BESST-10 BH,2016-09-01,2500.0,-2500.0,192857.10427318898,195357.10427318898,2500.0,0.0,INVESTED
BESST-10 BH,2016-10-03,2500.0,-2500.0,196716.68983013983,199216.68983013983,2500.0,0.0,INVESTED
BESST-10 BH,2016-11-01,2500.0,-2500.0,207919.1811565694,210419.1811565694,2500.0,0.0,INVESTED
BESST-10 BH,2016-12-01,2500.0,-2500.0,189600.91163887596,192100.91163887596,2500.0,0.0,INVESTED
BESST-10 BH,2017-01-02,2500.0,-2500.0,199135.1142982649,201635.1142982649,2500.0,0.0,INVESTED
BESST-10 BH,2017-02-01,2500.0,-2500.0,223581.08834866062,226081.08834866062,2500.0,0.0,INVESTED
BESST-10 BH,2017-03-01,2500.0,-2500.0,246010.7758298986,248510.7758298986,2500.0,0.0,INVESTED
BESST-10 BH,2017-04-03,2500.0,-2500.0,239861.26182036585,242361.26182036585,2500.0,0.0,INVESTED
BESST-10 BH,2017-05-02,2500.0,-2500.0,234477.66907374654,236977.66907374654,2500.0,0.0,INVESTED
BESST-10 BH,2017-06-01,2500.0,-2500.0,224383.97842483877,226883.97842483877,2500.0,0.0,INVESTED
BESST-10 BH,2017-07-03,2500.0,-2500.0,239887.4431282141,242387.4431282141,2500.0,0.0,INVESTED
BESST-10 BH,2017-08-01,2500.0,-2500.0,251210.88234167968,253710.88234167968,2500.0,0.0,INVESTED
BESST-10 BH,2017-09-01,2500.0,-2500.0,264205.79593055905,266705.79593055905,2500.0,0.0,INVESTED
BESST-10 BH,2017-10-02,2500.0,-2500.0,271015.7145220105,273515.7145220105,2500.0,0.0,INVESTED
BESST-10 BH,2017-11-01,2500.0,-2500.0,264737.73812539194,267237.73812539194,2500.0,0.0,INVESTED
BESST-10 BH,2017-12-01,2500.0,-2500.0,266844.7024324523,269344.7024324523,2500.0,0.0,INVESTED
BESST-10 BH,2018-01-02,2500.0,-2500.0,284693.20924924774,287193.20924924774,2500.0,0.0,INVESTED
BESST-10 BH,2018-02-01,2500.0,-2500.0,315663.9245038233,318163.9245038233,2500.0,0.0,INVESTED
BESST-10 BH,2018-03-01,2500.0,-2500.0,319930.36736114253,322430.36736114253,2500.0,0.0,INVESTED
BESST-10 BH,2018-04-02,2500.0,-2500.0,324210.3999736598,326710.3999736598,2500.0,0.0,INVESTED
BESST-10 BH,2018-05-02,2500.0,-2500.0,328490.94589233864,330990.94589233864,2500.0,0.0,INVESTED
BESST-10 BH,2018-06-01,2500.0,-2500.0,304400.4778460825,306900.4778460825,2500.0,0.0,INVESTED
BESST-10 BH,2018-07-02,2500.0,-2500.0,287654.8033058349,290154.8033058349,2500.0,0.0,INVESTED
BESST-10 BH,2018-08-01,2500.0,-2500.0,308986.2383236646,311486.2383236646,2500.0,0.0,INVESTED
BESST-10 BH,2018-09-03,2500.0,-2500.0,306998.7908000818,309498.7908000818,2500.0,0.0,INVESTED
BESST-10 BH,2018-10-01,2500.0,-2500.0,306799.6247992158,309299.6247992158,2500.0,0.0,INVESTED
BESST-10 BH,2018-11-01,2500.0,-2500.0,365087.97958938906,367587.97958938906,2500.0,0.0,INVESTED
BESST-10 BH,2018-12-03,2500.0,-2500.0,383054.31766808865,385554.31766808865,2500.0,0.0,INVESTED
BESST-10 BH,2019-01-02,2500.0,-2500.0,420455.5316816046,422955.5316816046,2500.0,0.0,INVESTED
BESST-10 BH,2019-02-01,2500.0,-2500.0,453229.1685954068,455729.1685954068,2500.0,0.0,INVESTED
BESST-10 BH,2019-03-01,2500.0,-2500.0,435912.5201303177,438412.5201303177,2500.0,0.0,INVESTED
BESST-10 BH,2019-04-01,2500.0,-2500.0,445079.613452218,447579.613452218,2500.0,0.0,INVESTED
BESST-10 BH,2019-05-02,2500.0,-2500.0,465763.2585286845,468263.2585286845,2500.0,0.0,INVESTED
BESST-10 BH,2019-06-03,2500.0,-2500.0,470953.2599905242,473453.2599905242,2500.0,0.0,INVESTED
BESST-10 BH,2019-07-01,2500.0,-2500.0,486801.5976300088,489301.5976300088,2500.0,0.0,INVESTED
BESST-10 BH,2019-08-01,2500.0,-2500.0,501888.2308842793,504388.2308842793,2500.0,0.0,INVESTED
BESST-10 BH,2019-09-02,2500.0,-2500.0,503616.8506578973,506116.8506578973,2500.0,0.0,INVESTED
BESST-10 BH,2019-10-01,2500.0,-2500.0,503094.8080172158,505594.8080172158,2500.0,0.0,INVESTED
BESST-10 BH,2019-11-01,2500.0,-2500.0,515934.6687543752,518434.6687543752,2500.0,0.0,INVESTED
BESST-10 BH,2019-12-02,2500.0,-2500.0,527921.4591724471,530421.4591724471,2500.0,0.0,INVESTED
BESST-10 BH,2020-01-02,2500.0,-2500.0,572649.943873437,575149.943873437,2500.0,0.0,INVESTED
BESST-10 BH,2020-02-03,2500.0,-2500.0,574102.0850017344,576602.0850017344,2500.0,0.0,INVESTED
BESST-10 BH,2020-03-02,2500.0,-2500.0,544575.5199921513,547075.5199921513,2500.0,0.0,INVESTED
BESST-10 BH,2020-04-01,2500.0,-2500.0,386387.09005423146,388887.09005423146,2500.0,0.0,INVESTED
BESST-10 BH,2020-05-04,2500.0,-2500.0,410211.42811614025,412711.42811614025,2500.0,0.0,INVESTED
BESST-10 BH,2020-06-01,2500.0,-2500.0,460622.8587659732,463122.8587659732,2500.0,0.0,INVESTED
BESST-10 BH,2020-07-01,2500.0,-2500.0,491570.5136611699,494070.5136611699,2500.0,0.0,INVESTED
BESST-10 BH,2020-08-03,2500.0,-2500.0,509927.1083872876,512427.1083872876,2500.0,0.0,INVESTED
BESST-10 BH,2020-09-01,2500.0,-2500.0,479358.54035775264,481858.54035775264,2500.0,0.0,INVESTED
BESST-10 BH,2020-10-01,2500.0,-2500.0,448052.8313083377,450552.8313083377,2500.0,0.0,INVESTED
BESST-10 BH,2020-11-03,2500.0,-2500.0,442924.26620050916,445424.26620050916,2500.0,0.0,INVESTED
BESST-10 BH,2020-12-01,2500.0,-2500.0,507455.3680496184,509955.3680496184,2500.0,0.0,INVESTED
BESST-10 BH,2021-01-04,2500.0,-2500.0,528629.4262352227,531129.4262352227,2500.0,0.0,INVESTED
BESST-10 BH,2021-02-01,2500.0,-2500.0,517458.9063941502,519958.9063941502,2500.0,0.0,INVESTED
BESST-10 BH,2021-03-01,2500.0,-2500.0,460574.0443889081,463074.0443889081,2500.0,0.0,INVESTED
BESST-10 BH,2021-04-01,2500.0,-2500.0,497013.0527012751,499513.0527012751,2500.0,0.0,INVESTED
BESST-10 BH,2021-05-03,2500.0,-2500.0,522292.72320346883,524792.7232034688,2500.0,0.0,INVESTED
BESST-10 BH,2021-06-01,2500.0,-2500.0,550635.2997680801,553135.2997680801,2500.0,0.0,INVESTED
BESST-10 BH,2021-07-01,2500.0,-2500.0,514592.26424804726,517092.26424804726,2500.0,0.0,INVESTED
BESST-10 BH,2021-08-02,2500.0,-2500.0,507883.35122730886,510383.35122730886,2500.0,0.0,INVESTED
BESST-10 BH,2021-09-01,2500.0,-2500.0,530109.4448196676,532609.4448196676,2500.0,0.0,INVESTED
BESST-10 BH,2021-10-01,2500.0,-2500.0,520813.6497139322,523313.6497139322,2500.0,0.0,INVESTED
BESST-10 BH,2021-11-01,2500.0,-2500.0,517852.1545230949,520352.1545230949,2500.0,0.0,INVESTED
BESST-10 BH,2021-12-01,2500.0,-2500.0,511242.9876397814,513742.9876397814,2500.0,0.0,INVESTED
BESST-10 BH,2022-01-03,2500.0,-2500.0,512686.29153392673,515186.29153392673,2500.0,0.0,INVESTED
BESST-10 BH,2022-02-01,2500.0,-2500.0,546164.1468143715,548664.1468143715,2500.0,0.0,INVESTED
BESST-10 BH,2022-03-02,2500.0,-2500.0,555168.7688171802,557668.7688171802,2500.0,0.0,INVESTED
BESST-10 BH,2022-04-01,2500.0,-2500.0,617610.4309550901,620110.4309550901,2500.0,0.0,INVESTED
BESST-10 BH,2022-05-02,2500.0,-2500.0,578080.6017032363,580580.6017032363,2500.0,0.0,INVESTED
BESST-10 BH,2022-06-01,2500.0,-2500.0,606278.0161873405,608778.0161873405,2500.0,0.0,INVESTED
BESST-10 BH,2022-07-01,2500.0,-2500.0,561029.1310416189,563529.1310416189,2500.0,0.0,INVESTED
BESST-10 BH,2022-08-01,2500.0,-2500.0,581089.5483074546,583589.5483074546,2500.0,0.0,INVESTED
BESST-10 BH,2022-09-01,2500.0,-2500.0,614226.2574808112,616726.2574808112,2500.0,0.0,INVESTED
BESST-10 BH,2022-10-03,2500.0,-2500.0,654122.8042951447,656622.8042951447,2500.0,0.0,INVESTED
BESST-10 BH,2022-11-01,2500.0,-2500.0,666568.1284566524,669068.1284566524,2500.0,0.0,INVESTED
BESST-10 BH,2022-12-01,2500.0,-2500.0,647299.3184656316,649799.3184656316,2500.0,0.0,INVESTED
BESST-10 BH,2023-01-02,2500.0,-2500.0,625132.0424025456,627632.0424025456,2500.0,0.0,INVESTED
BESST-10 BH,2023-02-01,2500.0,-2500.0,653641.5363623919,656141.5363623919,2500.0,0.0,INVESTED
BESST-10 BH,2023-03-01,2500.0,-2500.0,642755.9549521215,645255.9549521215,2500.0,0.0,INVESTED
BESST-10 BH,2023-04-03,2500.0,-2500.0,647385.8199979675,649885.8199979675,2500.0,0.0,INVESTED
BESST-10 BH,2023-05-02,2500.0,-2500.0,687712.7006106895,690212.7006106895,2500.0,0.0,INVESTED
BESST-10 BH,2023-06-01,2500.0,-2500.0,713592.5560172474,716092.5560172474,2500.0,0.0,INVESTED
BESST-10 BH,2023-07-03,2500.0,-2500.0,776093.7346496216,778593.7346496216,2500.0,0.0,INVESTED
BESST-10 BH,2023-08-01,2500.0,-2500.0,760406.011397357,762906.011397357,2500.0,0.0,INVESTED
BESST-10 BH,2023-09-01,2500.0,-2500.0,753580.5600650774,756080.5600650774,2500.0,0.0,INVESTED
BESST-10 BH,2023-10-02,2500.0,-2500.0,756030.4824989613,758530.4824989613,2500.0,0.0,INVESTED
BESST-10 BH,2023-11-01,2500.0,-2500.0,759621.4737700425,762121.4737700425,2500.0,0.0,INVESTED
BESST-10 BH,2023-12-01,2500.0,-2500.0,824621.2285174564,827121.2285174564,2500.0,0.0,INVESTED
BESST-10 BH,2024-01-02,2500.0,-2500.0,876418.5427906938,878918.5427906938,2500.0,0.0,INVESTED
BESST-10 BH,2024-02-01,2500.0,-2500.0,875821.653645574,878321.653645574,2500.0,0.0,INVESTED
BESST-10 BH,2024-03-01,2500.0,-2500.0,891802.0981074886,894302.0981074886,2500.0,0.0,INVESTED
BESST-10 BH,2024-04-01,2500.0,-2500.0,912304.7601128856,914804.7601128856,2500.0,0.0,INVESTED
BESST-10 BH,2024-05-02,2500.0,-2500.0,911932.2634449545,914432.2634449545,2500.0,0.0,INVESTED
BESST-10 BH,2024-06-03,2500.0,-2500.0,885362.174589813,887862.174589813,2500.0,0.0,INVESTED
BESST-10 BH,2024-07-01,2500.0,-2500.0,908126.6800955301,910626.6800955301,2500.0,0.0,INVESTED
BESST-10 BH,2024-08-01,2500.0,-2500.0,965633.4079243395,968133.4079243395,2500.0,0.0,INVESTED
BESST-10 BH,2024-09-02,2500.0,-2500.0,1058440.1485990533,1060940.1485990533,2500.0,0.0,INVESTED
BESST-10 BH,2024-10-01,2500.0,-2500.0,1056311.4814262483,1058811.4814262483,2500.0,0.0,INVESTED
BESST-10 BH,2024-11-01,2500.0,-2500.0,1034844.6626907738,1037344.6626907738,2500.0,0.0,INVESTED
BESST-10 BH,2024-12-02,2500.0,-2500.0,1019748.4141953664,1022248.4141953664,2500.0,0.0,INVESTED
BESST-10 BH,2025-01-02,2500.0,-2500.0,973138.6089321644,975638.6089321644,2500.0,0.0,INVESTED
BESST-10 BH,2025-02-03,2500.0,-2500.0,1050450.545108561,1052950.545108561,2500.0,0.0,INVESTED
BESST-10 BH,2025-03-05,2500.0,-2500.0,1051288.672007938,1053788.672007938,2500.0,0.0,INVESTED
BESST-10 BH,2025-04-01,2500.0,-2500.0,1084367.2496518742,1086867.2496518742,2500.0,0.0,INVESTED
BESST-10 BH,2025-05-02,2500.0,-2500.0,1175806.0083482913,1178306.0083482913,2500.0,0.0,INVESTED
BESST-10 BH,2025-06-02,2500.0,-2500.0,1248515.1589427684,1251015.1589427684,2500.0,0.0,INVESTED
BESST-10 BH,2025-07-01,2500.0,-2500.0,1340915.9406900113,1343415.9406900113,2500.0,0.0,INVESTED
BESST-10 BH,2025-08-01,2500.0,-2500.0,1255656.2713049517,1258156.2713049517,2500.0,0.0,INVESTED
BESST-10 BH,2025-09-01,2500.0,-2500.0,1350898.0018680177,1353398.0018680177,2500.0,0.0,INVESTED
BESST-10 BH,2025-10-01,2500.0,-2500.0,1409808.8738400866,1412308.8738400866,2500.0,0.0,INVESTED
BESST-10 BH,2025-11-03,2500.0,-2500.0,1451783.1224367996,1454283.1224367996,2500.0,0.0,INVESTED
BESST-10 BH,2025-12-01,2500.0,-2500.0,1523366.8689446757,1525866.8689446757,2500.0,0.0,INVESTED
BESST-10 BH,2026-01-02,2500.0,-2500.0,1527747.7633705249,1530247.7633705249,2500.0,0.0,INVESTED
BESST-10 BH,2026-02-02,2500.0,-2500.0,1720616.3091675127,1723116.3091675127,2500.0,0.0,INVESTED
BESST-10 BH,2026-03-02,2500.0,-2500.0,1792160.2050942404,1794660.2050942404,2500.0,0.0,INVESTED
BESST-10 BH,2026-04-01,2500.0,-2500.0,1810633.4133062456,1813133.4133062456,2500.0,0.0,INVESTED
BESST-10 BH,2026-05-04,2500.0,-2500.0,1774470.3260667776,1776970.3260667776,2500.0,0.0,INVESTED
BESST-10 BH,2026-06-01,2500.0,-2500.0,1630967.390278111,1633467.390278111,2500.0,0.0,INVESTED
V10,2014-07-01,2500.0,-2500.0,99842.49110704452,102342.49110704452,2500.0,0.0,INVESTED
V10,2014-08-01,2500.0,-2500.0,103663.3395296511,106163.3395296511,2500.0,0.0,INVESTED
V10,2014-09-01,2500.0,-2500.0,113699.69014861323,116199.69014861323,2500.0,0.0,INVESTED
V10,2014-10-01,2500.0,-2500.0,102353.63513166162,104853.63513166162,2500.0,0.0,INVESTED
V10,2014-11-03,2500.0,-2500.0,107877.01432687277,110377.01432687277,2500.0,0.0,INVESTED
V10,2014-12-01,2500.0,-2500.0,107364.5752395472,109864.5752395472,2500.0,0.0,INVESTED
V10,2015-01-02,2500.0,-2500.0,106595.44959618933,109095.44959618933,2500.0,0.0,INVESTED
V10,2015-02-02,2500.0,-2500.0,102121.78279154997,104621.78279154997,2500.0,0.0,INVESTED
V10,2015-03-02,2500.0,-2500.0,114847.37411700819,117347.37411700819,2500.0,0.0,INVESTED
V10,2015-04-01,2500.0,-2500.0,119305.80894829531,121805.80894829531,2500.0,0.0,INVESTED
V10,2015-05-04,2500.0,-2500.0,126516.74223012786,129016.74223012786,2500.0,0.0,INVESTED
V10,2015-06-01,2500.0,-2500.0,120230.21628636426,122730.21628636426,2500.0,0.0,INVESTED
V10,2015-07-01,2500.0,-2500.0,119047.15518095208,121547.15518095208,2500.0,0.0,INVESTED
V10,2015-08-03,2500.0,-2500.0,116194.22379707232,118694.22379707232,2500.0,0.0,INVESTED
V10,2015-09-01,2500.0,-2500.0,101963.47330647278,104463.47330647278,2500.0,0.0,INVESTED
V10,2015-10-01,2500.0,-2500.0,104729.50047256952,107229.50047256952,2500.0,0.0,INVESTED
V10,2015-11-03,2500.0,-2500.0,117531.37067769503,120031.37067769503,2500.0,0.0,INVESTED
V10,2015-12-01,2500.0,-2500.0,118182.42851831822,120682.42851831822,2500.0,0.0,INVESTED
V10,2016-01-04,2500.0,-2500.0,110982.27133659212,113482.27133659212,2500.0,0.0,INVESTED
V10,2016-02-01,2500.0,-2500.0,115229.34432410367,117729.34432410367,2500.0,0.0,INVESTED
V10,2016-03-01,2500.0,-2500.0,125771.31372281205,128271.31372281205,2500.0,0.0,INVESTED
V10,2016-04-01,2500.0,-2500.0,149263.07333807726,151763.07333807726,2500.0,0.0,INVESTED
V10,2016-05-02,2500.0,-2500.0,154183.34679200785,156683.34679200785,2500.0,0.0,INVESTED
V10,2016-06-01,2500.0,-2500.0,151912.25831507007,154412.25831507007,2500.0,0.0,INVESTED
V10,2016-07-01,2500.0,-2500.0,170768.27408301964,173268.27408301964,2500.0,0.0,INVESTED
V10,2016-08-01,2500.0,-2500.0,194577.2595821196,197077.2595821196,2500.0,0.0,INVESTED
V10,2016-09-01,2500.0,-2500.0,197400.41686655337,199900.41686655337,2500.0,0.0,INVESTED
V10,2016-10-03,2500.0,-2500.0,200921.4927023291,203421.4927023291,2500.0,0.0,INVESTED
V10,2016-11-01,2500.0,-2500.0,214276.11290157947,216776.11290157947,2500.0,0.0,INVESTED
V10,2016-12-01,2500.0,-2500.0,191757.8661139538,194257.8661139538,2500.0,0.0,INVESTED
V10,2017-01-02,2500.0,-2500.0,198300.89040981792,200800.89040981792,2500.0,0.0,INVESTED
V10,2017-02-01,2500.0,-2500.0,219956.62554747617,222456.62554747617,2500.0,0.0,INVESTED
V10,2017-03-01,2500.0,-2500.0,238391.06792371004,240891.06792371004,2500.0,0.0,INVESTED
V10,2017-04-03,2500.0,-2500.0,238305.23848020603,240805.23848020603,2500.0,0.0,INVESTED
V10,2017-05-02,2500.0,-2500.0,239997.36347665908,242497.36347665908,2500.0,0.0,INVESTED
V10,2017-06-01,2500.0,-2500.0,228926.07091486786,231426.07091486786,2500.0,0.0,INVESTED
V10,2017-07-03,2500.0,-2500.0,238455.2314104881,240955.2314104881,2499.9999999999964,0.0,INVESTED
V10,2017-08-01,2500.0,-2500.0,251957.20115856195,254457.20115856195,2500.0,0.0,INVESTED
V10,2017-09-01,2500.0,-2500.0,266216.1589222237,268716.1589222237,2500.0,0.0,INVESTED
V10,2017-10-02,2500.0,-2500.0,275682.5665053031,278182.5665053031,2500.0,0.0,INVESTED
V10,2017-11-01,2500.0,-2500.0,269733.0578098603,272233.0578098603,2500.0,0.0,INVESTED
V10,2017-12-01,2500.0,-2500.0,269473.34336001804,271973.34336001804,2500.0,0.0,INVESTED
V10,2018-01-02,2500.0,-2500.0,288204.4394234647,290704.4394234647,2500.0,0.0,INVESTED
V10,2018-02-01,2500.0,-2500.0,317782.0307315906,320282.0307315906,2500.0,0.0,INVESTED
V10,2018-03-01,2500.0,-2500.0,324569.6903932287,327069.6903932287,2500.0,0.0,INVESTED
V10,2018-04-02,2500.0,-2500.0,326875.4710738579,329375.4710738579,2500.0,0.0,INVESTED
V10,2018-05-02,2500.0,-2500.0,329167.10947541107,331667.10947541107,2500.0,0.0,INVESTED
V10,2018-06-01,2500.0,-2500.0,302330.82861716097,304830.82861716097,2500.0,0.0,INVESTED
V10,2018-07-02,2500.0,-2500.0,286206.9263904201,288706.9263904201,2500.0,0.0,INVESTED
V10,2018-08-01,2500.0,-2500.0,308083.5185539447,310583.5185539447,2500.0,0.0,INVESTED
V10,2018-09-03,2500.0,-2500.0,304307.35365665215,306807.35365665215,2500.0,0.0,INVESTED
V10,2018-10-01,2500.0,-2500.0,305537.15586724423,308037.15586724423,2500.0,0.0,INVESTED
V10,2018-11-01,2500.0,-2500.0,362266.6939040734,364766.6939040734,2500.0,0.0,INVESTED
V10,2018-12-03,2500.0,-2500.0,381441.6198899995,383941.6198899995,2500.0,0.0,INVESTED
V10,2019-01-02,2500.0,-2500.0,409718.9589769282,412218.9589769282,2500.0,0.0,INVESTED
V10,2019-02-01,2500.0,-2500.0,460214.34350788797,462714.34350788797,2500.0,0.0,INVESTED
V10,2019-03-01,2500.0,-2500.0,437934.9792005615,440434.9792005615,2500.0,0.0,INVESTED
V10,2019-04-01,2500.0,-2500.0,447788.6062311063,450288.6062311063,2500.0,0.0,INVESTED
V10,2019-05-02,2500.0,-2500.0,465227.54090695444,467727.54090695444,2500.0,0.0,INVESTED
V10,2019-06-03,2500.0,-2500.0,475647.60102469847,478147.60102469847,2500.0,0.0,INVESTED
V10,2019-07-01,2500.0,-2500.0,490107.29678361525,492607.29678361525,2500.0,0.0,INVESTED
V10,2019-08-01,2500.0,-2500.0,511148.7317777674,513648.7317777674,2500.0,0.0,INVESTED
V10,2019-09-02,2500.0,-2500.0,513733.7403559797,516233.7403559797,2500.0,0.0,INVESTED
V10,2019-10-01,2500.0,-2500.0,514257.5314342162,516757.5314342162,2500.0,0.0,INVESTED
V10,2019-11-01,2500.0,-2500.0,533213.2650051445,535713.2650051445,2500.0,0.0,INVESTED
V10,2019-12-02,2500.0,-2500.0,547509.931308538,550009.931308538,2500.0,0.0,INVESTED
V10,2020-01-02,2500.0,-2500.0,603384.1356869271,605884.1356869271,2500.0,0.0,INVESTED
V10,2020-02-03,2500.0,-2500.0,603361.2803191977,605861.2803191977,2500.0,0.0,INVESTED
V10,2020-03-02,2500.0,-2500.0,583531.1796752729,586031.1796752729,2500.0,0.0,INVESTED
V10,2020-04-01,2500.0,-2500.0,414174.7042995972,416674.7042995972,2500.0,0.0,INVESTED
V10,2020-05-04,2500.0,-2500.0,433398.64489564777,435898.64489564777,2500.0,0.0,INVESTED
V10,2020-06-01,2500.0,-2500.0,481863.3112726178,484363.3112726178,2500.0,0.0,INVESTED
V10,2020-07-01,2500.0,-2500.0,522420.5515788069,524920.551578807,2500.0,0.0,INVESTED
V10,2020-08-03,2500.0,-2500.0,544952.5066749189,547452.5066749189,2500.0,0.0,INVESTED
V10,2020-09-01,2500.0,-2500.0,509199.4418593645,511699.4418593645,2500.0,0.0,INVESTED
V10,2020-10-01,2500.0,-2500.0,474705.3714392299,477205.3714392299,2500.0,0.0,INVESTED
V10,2020-11-03,2500.0,-2500.0,466513.6810194821,469013.6810194821,2500.0,0.0,INVESTED
V10,2020-12-01,2500.0,-2500.0,531665.237488932,534165.237488932,2500.0,0.0,INVESTED
V10,2021-01-04,2500.0,-2500.0,546458.9860141708,548958.9860141708,2500.0,0.0,INVESTED
V10,2021-02-01,2500.0,-2500.0,529470.039148971,531970.039148971,2500.0,0.0,INVESTED
V10,2021-03-01,2500.0,-2500.0,472360.8813731907,474860.8813731907,2500.0,0.0,INVESTED
V10,2021-04-01,2500.0,-2500.0,509887.1162877196,512387.1162877196,2500.0,0.0,INVESTED
V10,2021-05-03,2500.0,-2500.0,521037.3410500711,523537.3410500711,2500.0,0.0,INVESTED
V10,2021-06-01,2500.0,-2500.0,550824.1872771297,553324.1872771297,2500.0,0.0,INVESTED
V10,2021-07-01,2500.0,-2500.0,524236.9346087613,526736.9346087612,2500.0,0.0,INVESTED
V10,2021-08-02,2500.0,-2500.0,519969.06582393195,522469.06582393195,2500.0,0.0,INVESTED
V10,2021-09-01,2500.0,-2500.0,541056.6085754848,543556.6085754848,2500.0,0.0,INVESTED
V10,2021-10-01,2500.0,-2500.0,531625.150225738,534125.150225738,2500.0,0.0,INVESTED
V10,2021-11-01,2500.0,-2500.0,526113.0267207127,528613.0267207127,2500.0,0.0,INVESTED
V10,2021-12-01,2500.0,-2500.0,525618.2270967821,528118.2270967821,2500.0,0.0,INVESTED
V10,2022-01-03,2500.0,-2500.0,529591.4658148596,532091.4658148596,2500.0,0.0,INVESTED
V10,2022-02-01,2500.0,-2500.0,564022.0522046929,566522.0522046929,2500.0,0.0,INVESTED
V10,2022-03-02,2500.0,-2500.0,570124.6825168537,572624.6825168537,2500.0,0.0,INVESTED
V10,2022-04-01,2500.0,-2500.0,634685.7027768325,637185.7027768325,2500.0,0.0,INVESTED
V10,2022-05-02,2500.0,-2500.0,595856.7848316384,598356.7848316384,2500.0,0.0,INVESTED
V10,2022-06-01,2500.0,-2500.0,624399.0635532042,626899.0635532042,2500.0,0.0,INVESTED
V10,2022-07-01,2500.0,-2500.0,583029.5823496113,585529.5823496113,2500.0,0.0,INVESTED
V10,2022-08-01,2500.0,-2500.0,601543.8217369635,604043.8217369635,2500.0,0.0,INVESTED
V10,2022-09-01,2500.0,-2500.0,626429.6134545145,628929.6134545145,2500.0,0.0,INVESTED
V10,2022-10-03,2500.0,-2500.0,659940.3188834792,662440.3188834792,2500.0,0.0,INVESTED
V10,2022-11-01,2500.0,-2500.0,678244.741288057,680744.741288057,2500.0,0.0,INVESTED
V10,2022-12-01,2500.0,-2500.0,652851.7057683986,655351.7057683986,2500.0,0.0,INVESTED
V10,2023-01-02,2500.0,-2500.0,630876.0500641098,633376.0500641098,2500.0,0.0,INVESTED
V10,2023-02-01,2500.0,-2500.0,663636.2549785703,666136.2549785703,2500.0,0.0,INVESTED
V10,2023-03-01,2500.0,-2500.0,649635.1241314653,652135.1241314653,2500.0,0.0,INVESTED
V10,2023-04-03,2500.0,-2500.0,648230.9066259614,650730.9066259614,2500.0,0.0,INVESTED
V10,2023-05-02,2500.0,-2500.0,686238.0222165389,688738.0222165389,2500.0,0.0,INVESTED
V10,2023-06-01,2500.0,-2500.0,702926.1676424014,705426.1676424014,2500.0,0.0,INVESTED
V10,2023-07-03,2500.0,-2500.0,766979.9232965762,769479.9232965762,2500.0,0.0,INVESTED
V10,2023-08-01,2500.0,-2500.0,762048.9780291512,764548.9780291512,2500.0,0.0,INVESTED
V10,2023-09-01,2500.0,-2500.0,763118.3363793668,765618.3363793668,2500.0,0.0,INVESTED
V10,2023-10-02,2500.0,-2500.0,769500.5524488989,772000.5524488989,2500.0,0.0,INVESTED
V10,2023-11-01,2500.0,-2500.0,774344.49120571,776844.49120571,2500.0,0.0,INVESTED
V10,2023-12-01,2500.0,-2500.0,841853.0303038353,844353.0303038353,2500.0,0.0,INVESTED
V10,2024-01-02,2500.0,-2500.0,892783.9864503483,895283.9864503483,2500.0,0.0,INVESTED
V10,2024-02-01,2500.0,-2500.0,886054.2948852972,888554.2948852972,2500.0,0.0,INVESTED
V10,2024-03-01,2500.0,-2500.0,897582.6279767611,900082.6279767611,2500.0,0.0,INVESTED
V10,2024-04-01,2500.0,-2500.0,909546.2474501912,912046.2474501912,2500.0,0.0,INVESTED
V10,2024-05-02,2500.0,-2500.0,917494.8785146471,919994.8785146471,2500.0,0.0,INVESTED
V10,2024-06-03,2500.0,-2500.0,891332.4814182207,893832.4814182207,2500.0,0.0,INVESTED
V10,2024-07-01,2500.0,-2500.0,903124.3743676861,905624.3743676861,2500.0,0.0,INVESTED
V10,2024-08-01,2500.0,-2500.0,950158.8612816352,952658.8612816352,2500.0,0.0,INVESTED
V10,2024-09-02,2500.0,-2500.0,1040960.3855849744,1043460.3855849744,2500.0,0.0,INVESTED
V10,2024-10-01,2500.0,-2500.0,1045887.3259324942,1048387.3259324942,2500.0,0.0,INVESTED
V10,2024-11-01,2500.0,-2500.0,1011827.3772887273,1014327.3772887273,2500.0,0.0,INVESTED
V10,2024-12-02,2500.0,-2500.0,999702.1929028679,1002202.1929028679,2500.0,0.0,INVESTED
V10,2025-01-02,2500.0,-2500.0,948812.6759039725,951312.6759039725,2500.0,0.0,INVESTED
V10,2025-02-03,2500.0,-2500.0,1014704.302261602,1017204.302261602,2500.0,0.0,INVESTED
V10,2025-03-05,2500.0,-2500.0,1021545.3626911315,1024045.3626911315,2500.0,0.0,INVESTED
V10,2025-04-01,2500.0,-2500.0,1057495.7002440055,1059995.7002440055,2500.0,0.0,INVESTED
V10,2025-05-02,2500.0,-2500.0,1135363.0128268653,1137863.0128268653,2500.0,0.0,INVESTED
V10,2025-06-02,2500.0,-2500.0,1218065.9205138437,1220565.9205138437,2500.0,0.0,INVESTED
V10,2025-07-01,2500.0,-2500.0,1322900.5407265439,1325400.5407265439,2500.0,0.0,INVESTED
V10,2025-08-01,2500.0,-2500.0,1239351.2062550434,1241851.2062550434,2500.0,0.0,INVESTED
V10,2025-09-01,2500.0,-2500.0,1314770.3808308872,1317270.3808308872,2500.0,0.0,INVESTED
V10,2025-10-01,2500.0,-2500.0,1365944.8872811627,1368444.8872811627,2500.0,0.0,INVESTED
V10,2025-11-03,2500.0,-2500.0,1392910.8317466858,1395410.8317466858,2500.0,0.0,INVESTED
V10,2025-12-01,2500.0,-2500.0,1461841.901761211,1464341.901761211,2500.0,0.0,INVESTED
V10,2026-01-02,2500.0,-2500.0,1473941.8339399165,1476441.8339399165,2500.0,0.0,INVESTED
V10,2026-02-02,2500.0,-2500.0,1666633.315659966,1669133.315659966,2500.0,0.0,INVESTED
V10,2026-03-02,2500.0,-2500.0,1720390.6786719714,1722890.6786719714,2500.0,0.0,INVESTED
V10,2026-04-01,2500.0,-2500.0,1724231.0582292858,1726731.0582292858,2500.0,0.0,INVESTED
V10,2026-05-04,2500.0,-2500.0,1665331.6273795415,1667831.6273795415,2500.0,0.0,INVESTED
V10,2026-06-01,2500.0,-2500.0,1547526.9105011316,1550026.9105011316,2500.0,0.0,INVESTED
VVAL,2014-07-01,2500.0,-2500.0,99611.58877916199,102111.58877916199,2500.0,0.0,INVESTED
VVAL,2014-08-01,2500.0,-2500.0,101168.70284622327,103668.70284622327,2500.0,0.0,INVESTED
VVAL,2014-09-01,2500.0,-2500.0,113824.42484034954,116324.42484034954,2500.0,0.0,INVESTED
VVAL,2014-10-01,2500.0,-2500.0,101938.14308935471,104438.14308935471,2500.0,0.0,INVESTED
VVAL,2014-11-03,2500.0,-2500.0,103435.9327252906,105935.9327252906,2500.0,0.0,INVESTED
VVAL,2014-12-01,2500.0,-2500.0,104961.35433249976,107461.35433249976,2500.0,0.0,INVESTED
VVAL,2015-01-02,2500.0,-2500.0,103026.4903990517,105526.4903990517,2500.0,0.0,INVESTED
VVAL,2015-02-02,2500.0,-2500.0,96669.56742771083,99169.56742771083,2500.0,0.0,INVESTED
VVAL,2015-03-02,2500.0,-2500.0,105864.24901913847,108364.24901913847,2500.0,0.0,INVESTED
VVAL,2015-04-01,2500.0,-2500.0,116793.162734506,119293.162734506,2500.0,0.0,INVESTED
VVAL,2015-05-04,2500.0,-2500.0,126086.30680638684,128586.30680638684,2500.0,0.0,INVESTED
VVAL,2015-06-01,2500.0,-2500.0,121522.51857768185,124022.51857768185,2500.0,0.0,INVESTED
VVAL,2015-07-01,2500.0,-2500.0,123453.80172824179,125953.80172824179,2500.0,0.0,INVESTED
VVAL,2015-08-03,2500.0,-2500.0,124450.35606389605,126950.35606389605,2500.0,0.0,INVESTED
VVAL,2015-09-01,2500.0,-2500.0,106032.21059258429,108532.21059258429,2500.0,0.0,INVESTED
VVAL,2015-10-01,2500.0,-2500.0,109947.64329463143,112447.64329463143,2500.0,0.0,INVESTED
VVAL,2015-11-03,2500.0,-2500.0,122117.9952399244,124617.9952399244,2500.0,0.0,INVESTED
VVAL,2015-12-01,2500.0,-2500.0,122324.8089269938,124824.8089269938,2500.0,0.0,INVESTED
VVAL,2016-01-04,2500.0,-2500.0,114485.63884722989,116985.63884722989,2500.0,0.0,INVESTED
VVAL,2016-02-01,2500.0,-2500.0,118695.96574484934,121195.96574484934,2500.0,0.0,INVESTED
VVAL,2016-03-01,2500.0,-2500.0,128212.67604379829,130712.67604379829,2500.0,0.0,INVESTED
VVAL,2016-04-01,2500.0,-2500.0,150961.2077936293,153461.2077936293,2500.0,0.0,INVESTED
VVAL,2016-05-02,2500.0,-2500.0,159809.48764196303,162309.48764196303,2500.0,0.0,INVESTED
VVAL,2016-06-01,2500.0,-2500.0,154926.5221909735,157426.5221909735,2500.0,0.0,INVESTED
VVAL,2016-07-01,2500.0,-2500.0,175408.5576716753,177908.5576716753,2500.0,0.0,INVESTED
VVAL,2016-08-01,2500.0,-2500.0,201020.43092877488,203520.43092877488,2500.0,0.0,INVESTED
VVAL,2016-09-01,2500.0,-2500.0,210375.0018156242,212875.0018156242,2500.0,0.0,INVESTED
VVAL,2016-10-03,2500.0,-2500.0,217407.0908386271,219907.0908386271,2500.0,0.0,INVESTED
VVAL,2016-11-01,2500.0,-2500.0,239355.085714229,241855.085714229,2500.0,0.0,INVESTED
VVAL,2016-12-01,2500.0,-2500.0,212553.02144591586,215053.02144591586,2500.0,0.0,INVESTED
VVAL,2017-01-02,2500.0,-2500.0,223477.7736276587,225977.7736276587,2500.0,0.0,INVESTED
VVAL,2017-02-01,2500.0,-2500.0,253480.70387159023,255980.70387159023,2500.0,0.0,INVESTED
VVAL,2017-03-01,2500.0,-2500.0,271163.78924543975,273663.78924543975,2500.0,0.0,INVESTED
VVAL,2017-04-03,2500.0,-2500.0,266264.46389887744,268764.46389887744,2500.0,0.0,INVESTED
VVAL,2017-05-02,2500.0,-2500.0,269416.8843620701,271916.8843620701,2500.0,0.0,INVESTED
VVAL,2017-06-01,2500.0,-2500.0,256582.24925528455,259082.24925528455,2500.0,0.0,INVESTED
VVAL,2017-07-03,2500.0,-2500.0,264056.80676872557,266556.80676872557,2500.0,0.0,INVESTED
VVAL,2017-08-01,2500.0,-2500.0,279500.807248413,282000.807248413,2500.0,0.0,INVESTED
VVAL,2017-09-01,2500.0,-2500.0,302568.6683211256,305068.6683211256,2500.0,0.0,INVESTED
VVAL,2017-10-02,2500.0,-2500.0,313237.03651970706,315737.03651970706,2500.0,0.0,INVESTED
VVAL,2017-11-01,2500.0,-2500.0,299022.1622681593,301522.1622681593,2500.0,0.0,INVESTED
VVAL,2017-12-01,2500.0,-2500.0,286216.11536482984,288716.11536482984,2500.0,0.0,INVESTED
VVAL,2018-01-02,2500.0,-2500.0,305624.48283242655,308124.48283242655,2500.0,0.0,INVESTED
VVAL,2018-02-01,2500.0,-2500.0,338378.2418206581,340878.2418206581,2500.0,0.0,INVESTED
VVAL,2018-03-01,2500.0,-2500.0,352677.29641514446,355177.29641514446,2500.0,0.0,INVESTED
VVAL,2018-04-02,2500.0,-2500.0,356800.2681076402,359300.2681076402,2500.0,0.0,INVESTED
VVAL,2018-05-02,2500.0,-2500.0,352275.2179463434,354775.2179463434,2500.0,0.0,INVESTED
VVAL,2018-06-01,2500.0,-2500.0,323449.37437737716,325949.37437737716,2500.0,0.0,INVESTED
VVAL,2018-07-02,2500.0,-2500.0,301849.37384222983,304349.37384222983,2500.0,0.0,INVESTED
VVAL,2018-08-01,2500.0,-2500.0,327243.0586944159,329743.0586944159,2500.0,0.0,INVESTED
VVAL,2018-09-03,2500.0,-2500.0,323588.91881433566,326088.91881433566,2500.0,0.0,INVESTED
VVAL,2018-10-01,2500.0,-2500.0,326380.6820717305,328880.6820717305,2500.0,0.0,INVESTED
VVAL,2018-11-01,2500.0,-2500.0,393079.98559979844,395579.98559979844,2500.0,0.0,INVESTED
VVAL,2018-12-03,2500.0,-2500.0,417903.78407722706,420403.78407722706,2500.0,0.0,INVESTED
VVAL,2019-01-02,2500.0,-2500.0,444105.1772575228,446605.1772575228,2500.0,0.0,INVESTED
VVAL,2019-02-01,2500.0,-2500.0,508159.625623737,510659.625623737,2500.0,0.0,INVESTED
VVAL,2019-03-01,2500.0,-2500.0,494146.6949601912,496646.6949601912,2500.0,0.0,INVESTED
VVAL,2019-04-01,2500.0,-2500.0,499351.9882915628,501851.9882915628,2500.0,0.0,INVESTED
VVAL,2019-05-02,2500.0,-2500.0,522122.25004166964,524622.2500416697,2500.0,0.0,INVESTED
VVAL,2019-06-03,2500.0,-2500.0,544951.017406905,547451.017406905,2500.0,0.0,INVESTED
VVAL,2019-07-01,2500.0,-2500.0,555284.9928106393,557784.9928106393,2500.0,0.0,INVESTED
VVAL,2019-08-01,2500.0,-2500.0,574832.2660362201,577332.2660362201,2500.0,0.0,INVESTED
VVAL,2019-09-02,2500.0,-2500.0,574417.357167433,576917.357167433,2500.0,0.0,INVESTED
VVAL,2019-10-01,2500.0,-2500.0,571351.246642795,573851.246642795,2500.0,0.0,INVESTED
VVAL,2019-11-01,2500.0,-2500.0,605507.1890732765,608007.1890732765,2500.0,0.0,INVESTED
VVAL,2019-12-02,2500.0,-2500.0,613805.4219292571,616305.4219292571,2500.0,0.0,INVESTED
VVAL,2020-01-02,2500.0,-2500.0,685055.7511756014,687555.7511756014,2500.0,0.0,INVESTED
VVAL,2020-02-03,2500.0,-2500.0,680004.4044932143,682504.4044932143,2500.0,0.0,INVESTED
VVAL,2020-03-02,2500.0,-2500.0,656889.760810915,659389.760810915,2500.0,0.0,INVESTED
VVAL,2020-04-01,2500.0,-2500.0,450146.6154529016,452646.6154529016,2500.0,0.0,INVESTED
VVAL,2020-05-04,2500.0,-2500.0,480615.04945847223,483115.04945847223,2500.0,0.0,INVESTED
VVAL,2020-06-01,2500.0,-2500.0,538471.8618424091,540971.8618424091,2500.0,0.0,INVESTED
VVAL,2020-07-01,2500.0,-2500.0,572557.589905664,575057.589905664,2500.0,0.0,INVESTED
VVAL,2020-08-03,2500.0,-2500.0,593896.9869618535,596396.9869618535,2500.0,0.0,INVESTED
VVAL,2020-09-01,2500.0,-2500.0,566119.0170047052,568619.0170047052,2500.0,0.0,INVESTED
VVAL,2020-10-01,2500.0,-2500.0,529049.3795652229,531549.3795652229,2500.0,0.0,INVESTED
VVAL,2020-11-03,2500.0,-2500.0,532913.9112285034,535413.9112285034,2500.0,0.0,INVESTED
VVAL,2020-12-01,2500.0,-2500.0,599253.1173939961,601753.1173939961,2500.0,0.0,INVESTED
VVAL,2021-01-04,2500.0,-2500.0,622896.3413553225,625396.3413553225,2500.0,0.0,INVESTED
VVAL,2021-02-01,2500.0,-2500.0,594543.7768489716,597043.7768489716,2500.0,0.0,INVESTED
VVAL,2021-03-01,2500.0,-2500.0,526944.1798177302,529444.1798177302,2500.0,0.0,INVESTED
VVAL,2021-04-01,2500.0,-2500.0,574208.7355841761,576708.7355841761,2500.0,0.0,INVESTED
VVAL,2021-05-03,2500.0,-2500.0,578936.4572695149,581436.4572695149,2500.0,0.0,INVESTED
VVAL,2021-06-01,2500.0,-2500.0,616827.3956888509,619327.3956888509,2500.0,0.0,INVESTED
VVAL,2021-07-01,2500.0,-2500.0,592644.4376104112,595144.4376104112,2500.0,0.0,INVESTED
VVAL,2021-08-02,2500.0,-2500.0,587156.2280684453,589656.2280684453,2500.0,0.0,INVESTED
VVAL,2021-09-01,2500.0,-2500.0,601949.9487202187,604449.9487202187,2500.0,0.0,INVESTED
VVAL,2021-10-01,2500.0,-2500.0,592474.4441011165,594974.4441011165,2500.0,0.0,INVESTED
VVAL,2021-11-01,2500.0,-2500.0,588363.6841984183,590863.6841984183,2500.0,0.0,INVESTED
VVAL,2021-12-01,2500.0,-2500.0,578558.8536848362,581058.8536848362,2500.0,0.0,INVESTED
VVAL,2022-01-03,2500.0,-2500.0,582027.8760951669,584527.8760951669,2500.0,0.0,INVESTED
VVAL,2022-02-01,2500.0,-2500.0,632835.2934159489,635335.2934159489,2500.0,0.0,INVESTED
VVAL,2022-03-02,2500.0,-2500.0,645377.3567980796,647877.3567980796,2500.0,0.0,INVESTED
VVAL,2022-04-01,2500.0,-2500.0,705113.2308444524,707613.2308444524,2500.0,0.0,INVESTED
VVAL,2022-05-02,2500.0,-2500.0,656960.0780847091,659460.0780847091,2500.0,0.0,INVESTED
VVAL,2022-06-01,2500.0,-2500.0,697878.1264798758,700378.1264798758,2500.0,0.0,INVESTED
VVAL,2022-07-01,2500.0,-2500.0,649804.8376352938,652304.8376352938,2500.0,0.0,INVESTED
VVAL,2022-08-01,2500.0,-2500.0,674418.3703099445,676918.3703099445,2500.0,0.0,INVESTED
VVAL,2022-09-01,2500.0,-2500.0,728168.3534354834,730668.3534354834,2500.0,0.0,INVESTED
VVAL,2022-10-03,2500.0,-2500.0,768901.607303143,771401.607303143,2500.0,0.0,INVESTED
VVAL,2022-11-01,2500.0,-2500.0,784092.3306490792,786592.3306490792,2500.0,0.0,INVESTED
VVAL,2022-12-01,2500.0,-2500.0,757445.1132773145,759945.1132773145,2500.0,0.0,INVESTED
VVAL,2023-01-02,2500.0,-2500.0,730549.0672960369,733049.0672960369,2500.0,0.0,INVESTED
VVAL,2023-02-01,2500.0,-2500.0,769738.1482189466,772238.1482189466,2500.0,0.0,INVESTED
VVAL,2023-03-01,2500.0,-2500.0,755740.096528744,758240.096528744,2500.0,0.0,INVESTED
VVAL,2023-04-03,2500.0,-2500.0,757999.9107586314,760499.9107586314,2500.0,0.0,INVESTED
VVAL,2023-05-02,2500.0,-2500.0,796485.2456413747,798985.2456413747,2500.0,0.0,INVESTED
VVAL,2023-06-01,2500.0,-2500.0,843980.9161302135,846480.9161302135,2500.0,0.0,INVESTED
VVAL,2023-07-03,2500.0,-2500.0,922366.2113645338,924866.2113645338,2500.0,0.0,INVESTED
VVAL,2023-08-01,2500.0,-2500.0,899165.2725975309,901665.2725975309,2500.0,0.0,INVESTED
VVAL,2023-09-01,2500.0,-2500.0,,,0.0,2500.0,UNVALUED_POSITION:ENBR3
VVAL,2023-10-02,2500.0,-2500.0,891197.6704938186,893697.6704938186,5000.0,0.0,INVESTED
VVAL,2023-11-01,2500.0,-2500.0,891191.7938607694,893691.7938607694,2500.0,0.0,INVESTED
VVAL,2023-12-01,2500.0,-2500.0,1004666.7680406771,1007166.7680406771,2500.0,0.0,INVESTED
VVAL,2024-01-02,2500.0,-2500.0,1071743.8432122527,1074243.8432122527,2500.0,0.0,INVESTED
VVAL,2024-02-01,2500.0,-2500.0,1062823.4526893185,1065323.4526893185,2500.0,0.0,INVESTED
VVAL,2024-03-01,2500.0,-2500.0,1059689.558562645,1062189.558562645,2500.0,0.0,INVESTED
VVAL,2024-04-01,2500.0,-2500.0,1072419.5443087644,1074919.5443087644,2500.0,0.0,INVESTED
VVAL,2024-05-02,2500.0,-2500.0,1063858.0066130823,1066358.0066130823,2500.0,0.0,INVESTED
VVAL,2024-06-03,2500.0,-2500.0,1057429.8371050737,1059929.8371050737,2500.0,0.0,INVESTED
VVAL,2024-07-01,2500.0,-2500.0,1066805.9920966867,1069305.9920966867,2500.0,0.0,INVESTED
VVAL,2024-08-01,2500.0,-2500.0,1110422.8159072695,1112922.8159072695,2500.0,0.0,INVESTED
VVAL,2024-09-02,2500.0,-2500.0,1218896.640350534,1221396.640350534,2500.0,0.0,INVESTED
VVAL,2024-10-01,2500.0,-2500.0,1192185.585434007,1194685.585434007,2500.0,0.0,INVESTED
VVAL,2024-11-01,2500.0,-2500.0,1160613.0157327116,1163113.0157327116,2500.0,0.0,INVESTED
VVAL,2024-12-02,2500.0,-2500.0,1144380.235138181,1146880.235138181,2500.0,0.0,INVESTED
VVAL,2025-01-02,2500.0,-2500.0,1088184.32951631,1090684.32951631,2500.0,0.0,INVESTED
VVAL,2025-02-03,2500.0,-2500.0,1178085.4309917162,1180585.4309917162,2500.0,0.0,INVESTED
VVAL,2025-03-05,2500.0,-2500.0,1185742.9017856247,1188242.9017856247,2500.0,0.0,INVESTED
VVAL,2025-04-01,2500.0,-2500.0,1233897.7928563172,1236397.7928563172,2500.0,0.0,INVESTED
VVAL,2025-05-02,2500.0,-2500.0,1333560.9812745317,1336060.9812745317,2500.0,0.0,INVESTED
VVAL,2025-06-02,2500.0,-2500.0,1397735.8208886043,1400235.8208886043,2500.0,0.0,INVESTED
VVAL,2025-07-01,2500.0,-2500.0,1479318.1356844665,1481818.1356844665,2500.0,0.0,INVESTED
VVAL,2025-08-01,2500.0,-2500.0,1358711.0197008052,1361211.0197008052,2500.0,0.0,INVESTED
VVAL,2025-09-01,2500.0,-2500.0,1434155.2556129543,1436655.2556129543,2500.0,0.0,INVESTED
VVAL,2025-10-01,2500.0,-2500.0,1505736.7796020831,1508236.7796020831,2500.0,0.0,INVESTED
VVAL,2025-11-03,2500.0,-2500.0,1559322.7721626232,1561822.7721626232,2500.0,0.0,INVESTED
VVAL,2025-12-01,2500.0,-2500.0,1640559.9029323468,1643059.9029323468,2500.0,0.0,INVESTED
VVAL,2026-01-02,2500.0,-2500.0,1664286.7517780976,1666786.7517780976,2500.0,0.0,INVESTED
VVAL,2026-02-02,2500.0,-2500.0,1882969.415458248,1885469.415458248,2500.0,0.0,INVESTED
VVAL,2026-03-02,2500.0,-2500.0,1912209.0515123764,1914709.0515123764,2500.0,0.0,INVESTED
VVAL,2026-04-01,2500.0,-2500.0,1894474.8515066854,1896974.8515066854,2500.0,0.0,INVESTED
VVAL,2026-05-04,2500.0,-2500.0,1842711.9380672,1845211.9380672,2500.0,0.0,INVESTED
VVAL,2026-06-01,2500.0,-2500.0,1742270.3110881334,1744770.3110881334,2500.0,0.0,INVESTED
