start_year,strategy,scenario,return,low,high,source
2020,B00,central,1.1348112093869411,1.1024281237425786,1.1676281695985624,v9_final_maintenance
2020,B00,conservative,0.9807226564291656,0.9511034990423874,1.0107301680937417,v9_final_maintenance
2020,B00S,central,1.2299622026737436,1.197045853565132,1.2632962540346342,v9_final_maintenance
2020,B00S,conservative,1.0081694330764317,0.9783006745761922,1.0384195408544938,v9_final_maintenance
2020,B06,central,0.9267043232266114,0.8946359021280603,0.9592356444797283,v9_final_maintenance
2020,B06,conservative,1.1025131437715086,1.0672977416298153,1.1382201111724055,v9_final_maintenance
2020,B06S,central,0.7764610094420499,0.7483529283678256,0.8049644803938507,v9_final_maintenance
2020,B06S,conservative,0.9693135011605039,0.9386006783639265,1.0004244821577268,v9_final_maintenance
2021,B00,central,1.4179505439092344,1.3805301387596174,1.455873367605733,v9_final_maintenance
2021,B00,conservative,1.4120700982485448,1.375224873871344,1.449398317739424,v9_final_maintenance
2021,B00S,central,1.5965815367719833,1.5571798356248139,1.6364916183680367,v9_final_maintenance
2021,B00S,conservative,1.5798057313441198,1.540879193547343,1.619229950830249,v9_final_maintenance
2021,B06,central,1.1592706452511239,1.1207032287662169,1.1984116510538514,v9_final_maintenance
2021,B06,conservative,1.1592706452511239,1.1207032287662169,1.1984116510538514,v9_final_maintenance
2021,B06S,central,1.1592706452511239,1.1207032287662169,1.1984116510538514,v9_final_maintenance
2021,B06S,conservative,1.1592706452511239,1.1207032287662169,1.1984116510538514,v9_final_maintenance
2022,B00,central,1.4013372954799883,1.3723820760873422,1.4305770083524112,v9_final_maintenance
2022,B00,conservative,1.3842786539053638,1.3550448800066093,1.4138039200470147,v9_final_maintenance
2022,B00S,central,1.6334941160346128,1.6015995916180747,1.6656972734927713,v9_final_maintenance
2022,B00S,conservative,1.6130494098698396,1.581217937668021,1.645190921676987,v9_final_maintenance
2022,B06,central,1.2625308054566164,1.2355099528294673,1.2898085836897502,v9_final_maintenance
2022,B06,conservative,1.172890126517808,1.1464530565258992,1.1995860097939137,v9_final_maintenance
2022,B06S,central,1.2249097225403478,1.198973104231467,1.2510857120980452,v9_final_maintenance
2022,B06S,conservative,1.0833575901409929,1.0580498077365226,1.108912004088121,v9_final_maintenance
2023,B00,central,0.7761096274372694,0.7597640646595873,0.792563233633184,v9_final_maintenance
2023,B00,conservative,0.7761096274372694,0.7597640646595873,0.792563233633184,v9_final_maintenance
2023,B00S,central,0.9334563815988286,0.9154996950455199,0.9515292385278953,v9_final_maintenance
2023,B00S,conservative,0.9334563815988286,0.9154996950455199,0.9515292385278953,v9_final_maintenance
2023,B06,central,0.7094140584994035,0.6932845868009712,0.7256467346752438,v9_final_maintenance
2023,B06,conservative,0.5823067230868069,0.5662268172686518,0.5984969188602367,v9_final_maintenance
2023,B06S,central,0.738267479530381,0.7220644767721405,0.7545726885982991,v9_final_maintenance
2023,B06S,conservative,0.5976625411312968,0.5813798978968872,0.6140578360815723,v9_final_maintenance
2024,B00,central,0.5852516271651351,0.5753825515529705,0.5951533683397312,v9_final_maintenance
2024,B00,conservative,0.5713292923732063,0.5617991777412445,0.5808902311857895,v9_final_maintenance
2024,B00S,central,0.7184080264101729,0.7078660427326597,0.7289836903125522,v9_final_maintenance
2024,B00S,conservative,0.7008863901997986,0.6905624009078981,0.7112430093070956,v9_final_maintenance
2024,B06,central,0.5235049266207508,0.5122112513321273,0.5348406782857116,v9_final_maintenance
2024,B06,conservative,0.4021112647761118,0.3913156982206385,0.41294894016909467,v9_final_maintenance
2024,B06S,central,0.5486550694056858,0.536908181540469,0.5604474131966111,v9_final_maintenance
2024,B06S,conservative,0.41396287473998616,0.403232414905786,0.42473510943808046,v9_final_maintenance
2025,B00,central,0.23997430356421212,0.23627867687777115,0.24366993025065287,v9_final_maintenance
2025,B00,conservative,0.22389488742678276,0.22027511345830386,0.22751466139526166,v9_final_maintenance
2025,B00S,central,0.26273158542656105,0.259033062709348,0.2664301081437741,v9_final_maintenance
2025,B00S,conservative,0.24820239645517872,0.24454466240028916,0.25186013051006806,v9_final_maintenance
2025,B06,central,0.17478001330807724,0.17023512691805576,0.17932489969809895,v9_final_maintenance
2025,B06,conservative,0.1156760498531002,0.11121717833303424,0.12013492137316595,v9_final_maintenance
2025,B06S,central,0.18576620526072074,0.18078591808089617,0.1907464924405451,v9_final_maintenance
2025,B06S,conservative,0.1227795650641097,0.11802889521652693,0.12753023491169202,v9_final_maintenance
