year,doc_type,known_versions,stored_known_versions,receipt_matches,companies,missing_known_versions
2010,DFP,1113,663,663,663,450
2010,FRE,2783,591,591,651,2192
2011,DFP,958,684,684,679,274
2011,FRE,4110,629,629,672,3481
2011,ITR,2510,1976,1976,678,534
2012,DFP,927,662,662,662,265
2012,FRE,4239,632,632,667,3607
2012,ITR,2411,1979,1979,678,432
2013,DFP,853,651,651,650,202
2013,FRE,4456,621,621,648,3835
2013,ITR,2321,1947,1947,659,374
2014,DFP,829,652,652,652,177
2014,FRE,4119,624,624,648,3495
2014,ITR,2205,1920,1920,651,285
2015,DFP,793,633,633,633,160
2015,FRE,4209,619,619,639,3590
2015,ITR,2155,1921,1921,650,234
2016,DFP,796,626,626,625,170
2016,FRE,4308,585,585,613,3723
2016,ITR,2110,1856,1856,632,254
2017,DFP,793,632,632,632,161
2017,FRE,4324,591,591,613,3733
2017,ITR,2146,1852,1852,626,294
2018,DFP,828,630,630,630,198
2018,FRE,4435,604,604,631,3831
2018,ITR,2113,1856,1856,634,257
2019,DFP,816,671,671,670,145
2019,FRE,4498,587,587,615,3911
2019,ITR,2106,1822,1822,620,284
2020,DFP,891,733,733,731,158
2020,FRE,4238,636,636,662,3602
2020,ITR,2218,1968,1968,666,250
2021,DFP,947,773,771,765,174
2021,FRE,5050,729,729,746,4321
2021,ITR,2480,2214,2212,752,266
2022,DFP,935,731,731,729,204
2022,FRE,5076,733,733,758,4343
2022,ITR,2496,2216,2216,763,280
2023,DFP,893,734,733,732,159
2023,FRE,5215,693,693,717,4522
2023,ITR,2411,2155,2155,727,256
2024,DFP,873,709,709,709,164
2024,FRE,5114,706,706,721,4408
2024,ITR,2448,2154,2154,728,294
2025,DFP,757,668,668,668,89
2025,FRE,4944,688,688,700,4256
2025,ITR,2262,2075,2075,708,187
2026,DFP,9,9,9,9,0
2026,FRE,2023,643,643,654,1380
2026,ITR,1334,1269,1269,645,65
