formation_year,indicator,companies,available_diagnostic,missing_or_inapplicable,predictive_certified
2014,roe_end_equity_proxy,233,207,26,0
2014,operating_margin,233,172,61,0
2014,ocf_to_positive_income,233,136,97,0
2014,income_positive,233,223,10,0
2014,current_ratio,233,179,54,0
2014,financial_debt_assets,233,179,54,0
2015,roe_end_equity_proxy,230,202,28,0
2015,operating_margin,230,171,59,0
2015,ocf_to_positive_income,230,124,106,0
2015,income_positive,230,219,11,0
2015,current_ratio,230,176,54,0
2015,financial_debt_assets,230,176,54,0
2016,roe_end_equity_proxy,222,182,40,0
2016,operating_margin,222,166,56,0
2016,ocf_to_positive_income,222,111,111,0
2016,income_positive,222,206,16,0
2016,current_ratio,222,171,51,0
2016,financial_debt_assets,222,171,51,0
2017,roe_end_equity_proxy,233,191,42,0
2017,operating_margin,233,177,56,0
2017,ocf_to_positive_income,233,110,123,0
2017,income_positive,233,220,13,0
2017,current_ratio,233,185,48,0
2017,financial_debt_assets,233,185,48,0
2018,roe_end_equity_proxy,240,200,40,0
2018,operating_margin,240,196,44,0
2018,ocf_to_positive_income,240,135,105,0
2018,income_positive,240,227,13,0
2018,current_ratio,240,201,39,0
2018,financial_debt_assets,240,201,39,0
2019,roe_end_equity_proxy,241,202,39,0
2019,operating_margin,241,193,48,0
2019,ocf_to_positive_income,241,148,93,0
2019,income_positive,241,229,12,0
2019,current_ratio,241,196,45,0
2019,financial_debt_assets,241,196,45,0
2020,roe_end_equity_proxy,262,215,47,0
2020,operating_margin,262,203,59,0
2020,ocf_to_positive_income,262,152,110,0
2020,income_positive,262,245,17,0
2020,current_ratio,262,207,55,0
2020,financial_debt_assets,262,207,55,0
2021,roe_end_equity_proxy,304,258,46,0
2021,operating_margin,304,253,51,0
2021,ocf_to_positive_income,304,177,127,0
2021,income_positive,304,292,12,0
2021,current_ratio,304,255,49,0
2021,financial_debt_assets,304,256,48,0
2022,roe_end_equity_proxy,318,270,48,0
2022,operating_margin,318,266,52,0
2022,ocf_to_positive_income,318,211,107,0
2022,income_positive,318,303,15,0
2022,current_ratio,318,268,50,0
2022,financial_debt_assets,318,268,50,0
2023,roe_end_equity_proxy,305,240,65,0
2023,operating_margin,305,232,73,0
2023,ocf_to_positive_income,305,179,126,0
2023,income_positive,305,263,42,0
2023,current_ratio,305,234,71,0
2023,financial_debt_assets,305,234,71,0
