fiscal_year,doc_type,metric,rows,companies,nonmissing_rows,companies_with_metric
2010,DFP,revenue,663,663,663,663
2010,DFP,net_income,663,663,663,663
2010,DFP,ebitda,663,663,623,623
2010,DFP,total_assets,663,663,663,663
2010,DFP,current_assets,663,663,644,644
2010,DFP,current_liabilities,663,663,644,644
2010,DFP,operating_cash_flow,663,663,663,663
2010,DFP,financial_debt,663,663,652,652
2010,DFP,capital_social,663,663,663,663
2010,DFP,equity,663,663,663,663
2010,DFP,net_debt,663,663,657,657
2010,DFP,shares_outstanding,663,663,309,309
2010,DFP,shares_on,663,663,309,309
2010,DFP,shares_pn,663,663,309,309
2010,DFP,net_income_ttm,663,663,663,663
2010,FRE,revenue,591,591,0,0
2010,FRE,net_income,591,591,0,0
2010,FRE,ebitda,591,591,0,0
2010,FRE,total_assets,591,591,0,0
2010,FRE,current_assets,591,591,0,0
2010,FRE,current_liabilities,591,591,0,0
2010,FRE,operating_cash_flow,591,591,0,0
2010,FRE,financial_debt,591,591,0,0
2010,FRE,capital_social,591,591,0,0
2010,FRE,equity,591,591,0,0
2010,FRE,net_debt,591,591,0,0
2010,FRE,shares_outstanding,591,591,588,588
2010,FRE,shares_on,591,591,588,588
2010,FRE,shares_pn,591,591,588,588
2010,FRE,net_income_ttm,591,591,0,0
2011,DFP,revenue,684,679,682,677
2011,DFP,net_income,684,679,682,677
2011,DFP,ebitda,684,679,638,633
2011,DFP,total_assets,684,679,684,679
2011,DFP,current_assets,684,679,664,659
2011,DFP,current_liabilities,684,679,664,659
2011,DFP,operating_cash_flow,684,679,684,679
2011,DFP,financial_debt,684,679,673,668
2011,DFP,capital_social,684,679,684,679
2011,DFP,equity,684,679,684,679
2011,DFP,net_debt,684,679,677,672
2011,DFP,shares_outstanding,684,679,582,582
2011,DFP,shares_on,684,679,582,582
2011,DFP,shares_pn,684,679,582,582
2011,DFP,net_income_ttm,684,679,682,677
2011,FRE,revenue,629,629,0,0
2011,FRE,net_income,629,629,0,0
2011,FRE,ebitda,629,629,0,0
2011,FRE,total_assets,629,629,0,0
2011,FRE,current_assets,629,629,0,0
2011,FRE,current_liabilities,629,629,0,0
2011,FRE,operating_cash_flow,629,629,0,0
2011,FRE,financial_debt,629,629,0,0
2011,FRE,capital_social,629,629,0,0
2011,FRE,equity,629,629,0,0
2011,FRE,net_debt,629,629,0,0
2011,FRE,shares_outstanding,629,629,626,626
2011,FRE,shares_on,629,629,626,626
2011,FRE,shares_pn,629,629,626,626
2011,FRE,net_income_ttm,629,629,0,0
2011,ITR,revenue,1976,678,1976,678
2011,ITR,net_income,1976,678,1976,678
2011,ITR,ebitda,1976,678,1850,635
2011,ITR,total_assets,1976,678,1976,678
2011,ITR,current_assets,1976,678,1958,671
2011,ITR,current_liabilities,1976,678,1958,671
2011,ITR,operating_cash_flow,1976,678,1970,678
2011,ITR,financial_debt,1976,678,1962,673
2011,ITR,capital_social,1976,678,1976,678
2011,ITR,equity,1976,678,1976,678
2011,ITR,net_debt,1976,678,1965,674
2011,ITR,shares_outstanding,1976,678,1645,594
2011,ITR,shares_on,1976,678,1645,594
2011,ITR,shares_pn,1976,678,1645,594
2011,ITR,net_income_ttm,1976,678,0,0
2012,DFP,revenue,662,662,662,662
2012,DFP,net_income,662,662,662,662
2012,DFP,ebitda,662,662,616,616
2012,DFP,total_assets,662,662,662,662
2012,DFP,current_assets,662,662,641,641
2012,DFP,current_liabilities,662,662,641,641
2012,DFP,operating_cash_flow,662,662,662,662
2012,DFP,financial_debt,662,662,649,649
2012,DFP,capital_social,662,662,662,662
2012,DFP,equity,662,662,662,662
2012,DFP,net_debt,662,662,654,654
2012,DFP,shares_outstanding,662,662,605,605
2012,DFP,shares_on,662,662,605,605
2012,DFP,shares_pn,662,662,605,605
2012,DFP,net_income_ttm,662,662,662,662
2012,FRE,revenue,632,630,0,0
2012,FRE,net_income,632,630,0,0
2012,FRE,ebitda,632,630,0,0
2012,FRE,total_assets,632,630,0,0
2012,FRE,current_assets,632,630,0,0
2012,FRE,current_liabilities,632,630,0,0
2012,FRE,operating_cash_flow,632,630,0,0
2012,FRE,financial_debt,632,630,0,0
2012,FRE,capital_social,632,630,0,0
2012,FRE,equity,632,630,0,0
2012,FRE,net_debt,632,630,0,0
2012,FRE,shares_outstanding,632,630,629,627
2012,FRE,shares_on,632,630,629,627
2012,FRE,shares_pn,632,630,629,627
2012,FRE,net_income_ttm,632,630,0,0
2012,ITR,revenue,1979,678,1973,678
2012,ITR,net_income,1979,678,1973,678
2012,ITR,ebitda,1979,678,1841,631
2012,ITR,total_assets,1979,678,1979,678
2012,ITR,current_assets,1979,678,1964,672
2012,ITR,current_liabilities,1979,678,1964,672
2012,ITR,operating_cash_flow,1979,678,1970,678
2012,ITR,financial_debt,1979,678,1970,674
2012,ITR,capital_social,1979,678,1979,678
2012,ITR,equity,1979,678,1979,678
2012,ITR,net_debt,1979,678,1973,675
2012,ITR,shares_outstanding,1979,678,1805,627
2012,ITR,shares_on,1979,678,1805,627
2012,ITR,shares_pn,1979,678,1805,627
2012,ITR,net_income_ttm,1979,678,1732,614
2013,DFP,revenue,651,649,651,649
2013,DFP,net_income,651,649,651,649
2013,DFP,ebitda,651,649,607,605
2013,DFP,total_assets,651,649,651,649
2013,DFP,current_assets,651,649,629,627
2013,DFP,current_liabilities,651,649,629,627
2013,DFP,operating_cash_flow,651,649,651,649
2013,DFP,financial_debt,651,649,637,635
2013,DFP,capital_social,651,649,651,649
2013,DFP,equity,651,649,651,649
2013,DFP,net_debt,651,649,642,640
2013,DFP,shares_outstanding,651,649,600,598
2013,DFP,shares_on,651,649,600,598
2013,DFP,shares_pn,651,649,600,598
2013,DFP,net_income_ttm,651,649,651,649
2013,FRE,revenue,621,617,0,0
2013,FRE,net_income,621,617,0,0
2013,FRE,ebitda,621,617,0,0
2013,FRE,total_assets,621,617,0,0
2013,FRE,current_assets,621,617,0,0
2013,FRE,current_liabilities,621,617,0,0
2013,FRE,operating_cash_flow,621,617,0,0
2013,FRE,financial_debt,621,617,0,0
2013,FRE,capital_social,621,617,0,0
2013,FRE,equity,621,617,0,0
2013,FRE,net_debt,621,617,0,0
2013,FRE,shares_outstanding,621,617,618,614
2013,FRE,shares_on,621,617,618,614
2013,FRE,shares_pn,621,617,618,614
2013,FRE,net_income_ttm,621,617,0,0
2013,ITR,revenue,1947,659,1945,659
2013,ITR,net_income,1947,659,1945,659
2013,ITR,ebitda,1947,659,1812,616
2013,ITR,total_assets,1947,659,1947,659
2013,ITR,current_assets,1947,659,1929,653
2013,ITR,current_liabilities,1947,659,1929,653
2013,ITR,operating_cash_flow,1947,659,1936,659
2013,ITR,financial_debt,1947,659,1937,656
2013,ITR,capital_social,1947,659,1947,659
2013,ITR,equity,1947,659,1947,659
2013,ITR,net_debt,1947,659,1943,658
2013,ITR,shares_outstanding,1947,659,1815,616
2013,ITR,shares_on,1947,659,1815,616
2013,ITR,shares_pn,1947,659,1815,616
2013,ITR,net_income_ttm,1947,659,1797,625
2014,DFP,revenue,652,652,651,651
2014,DFP,net_income,652,652,651,651
2014,DFP,ebitda,652,652,608,608
2014,DFP,total_assets,652,652,652,652
2014,DFP,current_assets,652,652,630,630
2014,DFP,current_liabilities,652,652,630,630
2014,DFP,operating_cash_flow,652,652,651,651
2014,DFP,financial_debt,652,652,638,638
2014,DFP,capital_social,652,652,652,652
2014,DFP,equity,652,652,652,652
2014,DFP,net_debt,652,652,643,643
2014,DFP,shares_outstanding,652,652,598,598
2014,DFP,shares_on,652,652,598,598
2014,DFP,shares_pn,652,652,598,598
2014,DFP,net_income_ttm,652,652,651,651
2014,FRE,revenue,624,624,0,0
2014,FRE,net_income,624,624,0,0
2014,FRE,ebitda,624,624,0,0
2014,FRE,total_assets,624,624,0,0
2014,FRE,current_assets,624,624,0,0
2014,FRE,current_liabilities,624,624,0,0
2014,FRE,operating_cash_flow,624,624,0,0
2014,FRE,financial_debt,624,624,0,0
2014,FRE,capital_social,624,624,0,0
2014,FRE,equity,624,624,0,0
2014,FRE,net_debt,624,624,0,0
2014,FRE,shares_outstanding,624,624,621,621
2014,FRE,shares_on,624,624,621,621
2014,FRE,shares_pn,624,624,621,621
2014,FRE,net_income_ttm,624,624,0,0
2014,ITR,revenue,1920,651,1920,651
2014,ITR,net_income,1920,651,1920,651
2014,ITR,ebitda,1920,651,1783,605
2014,ITR,total_assets,1920,651,1920,651
2014,ITR,current_assets,1920,651,1899,644
2014,ITR,current_liabilities,1920,651,1899,644
2014,ITR,operating_cash_flow,1920,651,1906,651
2014,ITR,financial_debt,1920,651,1905,646
2014,ITR,capital_social,1920,651,1920,651
2014,ITR,equity,1920,651,1920,651
2014,ITR,net_debt,1920,651,1914,649
2014,ITR,shares_outstanding,1920,651,1795,612
2014,ITR,shares_on,1920,651,1795,612
2014,ITR,shares_pn,1920,651,1795,612
2014,ITR,net_income_ttm,1920,651,1776,615
2015,DFP,revenue,633,633,633,633
2015,DFP,net_income,633,633,633,633
2015,DFP,ebitda,633,633,592,592
2015,DFP,total_assets,633,633,633,633
2015,DFP,current_assets,633,633,612,612
2015,DFP,current_liabilities,633,633,612,612
2015,DFP,operating_cash_flow,633,633,633,633
2015,DFP,financial_debt,633,633,619,619
2015,DFP,capital_social,633,633,633,633
2015,DFP,equity,633,633,633,633
2015,DFP,net_debt,633,633,624,624
2015,DFP,shares_outstanding,633,633,589,589
2015,DFP,shares_on,633,633,589,589
2015,DFP,shares_pn,633,633,589,589
2015,DFP,net_income_ttm,633,633,633,633
2015,FRE,revenue,619,618,0,0
2015,FRE,net_income,619,618,0,0
2015,FRE,ebitda,619,618,0,0
2015,FRE,total_assets,619,618,0,0
2015,FRE,current_assets,619,618,0,0
2015,FRE,current_liabilities,619,618,0,0
2015,FRE,operating_cash_flow,619,618,0,0
2015,FRE,financial_debt,619,618,0,0
2015,FRE,capital_social,619,618,0,0
2015,FRE,equity,619,618,0,0
2015,FRE,net_debt,619,618,0,0
2015,FRE,shares_outstanding,619,618,617,616
2015,FRE,shares_on,619,618,617,616
2015,FRE,shares_pn,619,618,617,616
2015,FRE,net_income_ttm,619,618,0,0
2015,ITR,revenue,1921,650,1921,650
2015,ITR,net_income,1921,650,1921,650
2015,ITR,ebitda,1921,650,1785,604
2015,ITR,total_assets,1921,650,1921,650
2015,ITR,current_assets,1921,650,1903,644
2015,ITR,current_liabilities,1921,650,1903,644
2015,ITR,operating_cash_flow,1921,650,1913,650
2015,ITR,financial_debt,1921,650,1912,647
2015,ITR,capital_social,1921,650,1921,650
2015,ITR,equity,1921,650,1921,650
2015,ITR,net_debt,1921,650,1918,649
2015,ITR,shares_outstanding,1921,650,1802,612
2015,ITR,shares_on,1921,650,1802,612
2015,ITR,shares_pn,1921,650,1802,612
2015,ITR,net_income_ttm,1921,650,1747,601
2016,DFP,revenue,626,625,626,625
2016,DFP,net_income,626,625,626,625
2016,DFP,ebitda,626,625,587,586
2016,DFP,total_assets,626,625,626,625
2016,DFP,current_assets,626,625,608,607
2016,DFP,current_liabilities,626,625,608,607
2016,DFP,operating_cash_flow,626,625,626,625
2016,DFP,financial_debt,626,625,614,613
2016,DFP,capital_social,626,625,626,625
2016,DFP,equity,626,625,626,625
2016,DFP,net_debt,626,625,620,619
2016,DFP,shares_outstanding,626,625,586,585
2016,DFP,shares_on,626,625,586,585
2016,DFP,shares_pn,626,625,586,585
2016,DFP,net_income_ttm,626,625,626,625
2016,FRE,revenue,585,585,0,0
2016,FRE,net_income,585,585,0,0
2016,FRE,ebitda,585,585,0,0
2016,FRE,total_assets,585,585,0,0
2016,FRE,current_assets,585,585,0,0
2016,FRE,current_liabilities,585,585,0,0
2016,FRE,operating_cash_flow,585,585,0,0
2016,FRE,financial_debt,585,585,0,0
2016,FRE,capital_social,585,585,0,0
2016,FRE,equity,585,585,0,0
2016,FRE,net_debt,585,585,0,0
2016,FRE,shares_outstanding,585,585,581,581
2016,FRE,shares_on,585,585,581,581
2016,FRE,shares_pn,585,585,581,581
2016,FRE,net_income_ttm,585,585,0,0
2016,ITR,revenue,1856,632,1855,632
2016,ITR,net_income,1856,632,1855,632
2016,ITR,ebitda,1856,632,1732,591
2016,ITR,total_assets,1856,632,1856,632
2016,ITR,current_assets,1856,632,1841,627
2016,ITR,current_liabilities,1856,632,1841,627
2016,ITR,operating_cash_flow,1856,632,1849,632
2016,ITR,financial_debt,1856,632,1847,629
2016,ITR,capital_social,1856,632,1856,632
2016,ITR,equity,1856,632,1856,632
2016,ITR,net_debt,1856,632,1853,631
2016,ITR,shares_outstanding,1856,632,1771,602
2016,ITR,shares_on,1856,632,1771,602
2016,ITR,shares_pn,1856,632,1771,602
2016,ITR,net_income_ttm,1856,632,1718,594
2017,DFP,revenue,632,632,631,631
2017,DFP,net_income,632,632,631,631
2017,DFP,ebitda,632,632,591,591
2017,DFP,total_assets,632,632,632,632
2017,DFP,current_assets,632,632,612,612
2017,DFP,current_liabilities,632,632,612,612
2017,DFP,operating_cash_flow,632,632,631,631
2017,DFP,financial_debt,632,632,618,618
2017,DFP,capital_social,632,632,632,632
2017,DFP,equity,632,632,632,632
2017,DFP,net_debt,632,632,624,624
2017,DFP,shares_outstanding,632,632,584,584
2017,DFP,shares_on,632,632,584,584
2017,DFP,shares_pn,632,632,584,584
2017,DFP,net_income_ttm,632,632,631,631
2017,FRE,revenue,591,587,0,0
2017,FRE,net_income,591,587,0,0
2017,FRE,ebitda,591,587,0,0
2017,FRE,total_assets,591,587,0,0
2017,FRE,current_assets,591,587,0,0
2017,FRE,current_liabilities,591,587,0,0
2017,FRE,operating_cash_flow,591,587,0,0
2017,FRE,financial_debt,591,587,0,0
2017,FRE,capital_social,591,587,0,0
2017,FRE,equity,591,587,0,0
2017,FRE,net_debt,591,587,0,0
2017,FRE,shares_outstanding,591,587,587,583
2017,FRE,shares_on,591,587,587,583
2017,FRE,shares_pn,591,587,587,583
2017,FRE,net_income_ttm,591,587,0,0
2017,ITR,revenue,1852,626,1852,626
2017,ITR,net_income,1852,626,1852,626
2017,ITR,ebitda,1852,626,1734,586
2017,ITR,total_assets,1852,626,1852,626
2017,ITR,current_assets,1852,626,1837,621
2017,ITR,current_liabilities,1852,626,1837,621
2017,ITR,operating_cash_flow,1852,626,1842,626
2017,ITR,financial_debt,1852,626,1843,623
2017,ITR,capital_social,1852,626,1852,626
2017,ITR,equity,1852,626,1852,626
2017,ITR,net_debt,1852,626,1849,625
2017,ITR,shares_outstanding,1852,626,1754,594
2017,ITR,shares_on,1852,626,1754,594
2017,ITR,shares_pn,1852,626,1754,594
2017,ITR,net_income_ttm,1852,626,1740,595
2018,DFP,revenue,630,629,627,627
2018,DFP,net_income,630,629,627,627
2018,DFP,ebitda,630,629,589,589
2018,DFP,total_assets,630,629,630,629
2018,DFP,current_assets,630,629,612,611
2018,DFP,current_liabilities,630,629,612,611
2018,DFP,operating_cash_flow,630,629,629,629
2018,DFP,financial_debt,630,629,619,618
2018,DFP,capital_social,630,629,630,629
2018,DFP,equity,630,629,630,629
2018,DFP,net_debt,630,629,624,623
2018,DFP,shares_outstanding,630,629,581,580
2018,DFP,shares_on,630,629,581,580
2018,DFP,shares_pn,630,629,581,580
2018,DFP,net_income_ttm,630,629,627,627
2018,FRE,revenue,604,602,0,0
2018,FRE,net_income,604,602,0,0
2018,FRE,ebitda,604,602,0,0
2018,FRE,total_assets,604,602,0,0
2018,FRE,current_assets,604,602,0,0
2018,FRE,current_liabilities,604,602,0,0
2018,FRE,operating_cash_flow,604,602,0,0
2018,FRE,financial_debt,604,602,0,0
2018,FRE,capital_social,604,602,0,0
2018,FRE,equity,604,602,0,0
2018,FRE,net_debt,604,602,0,0
2018,FRE,shares_outstanding,604,602,602,600
2018,FRE,shares_on,604,602,602,600
2018,FRE,shares_pn,604,602,602,600
2018,FRE,net_income_ttm,604,602,0,0
2018,ITR,revenue,1856,634,1852,633
2018,ITR,net_income,1856,634,1852,633
2018,ITR,ebitda,1856,634,1723,590
2018,ITR,total_assets,1856,634,1855,634
2018,ITR,current_assets,1856,634,1837,628
2018,ITR,current_liabilities,1856,634,1838,628
2018,ITR,operating_cash_flow,1856,634,1844,633
2018,ITR,financial_debt,1856,634,1851,633
2018,ITR,capital_social,1856,634,1856,634
2018,ITR,equity,1856,634,1856,634
2018,ITR,net_debt,1856,634,1853,633
2018,ITR,shares_outstanding,1856,634,1747,599
2018,ITR,shares_on,1856,634,1747,599
2018,ITR,shares_pn,1856,634,1747,599
2018,ITR,net_income_ttm,1856,634,1697,586
2019,DFP,revenue,671,670,670,669
2019,DFP,net_income,671,670,670,669
2019,DFP,ebitda,671,670,632,631
2019,DFP,total_assets,671,670,671,670
2019,DFP,current_assets,671,670,653,652
2019,DFP,current_liabilities,671,670,653,652
2019,DFP,operating_cash_flow,671,670,670,669
2019,DFP,financial_debt,671,670,660,659
2019,DFP,capital_social,671,670,671,670
2019,DFP,equity,671,670,671,670
2019,DFP,net_debt,671,670,665,664
2019,DFP,shares_outstanding,671,670,579,579
2019,DFP,shares_on,671,670,579,579
2019,DFP,shares_pn,671,670,579,579
2019,DFP,net_income_ttm,671,670,670,669
2019,FRE,revenue,587,587,0,0
2019,FRE,net_income,587,587,0,0
2019,FRE,ebitda,587,587,0,0
2019,FRE,total_assets,587,587,0,0
2019,FRE,current_assets,587,587,0,0
2019,FRE,current_liabilities,587,587,0,0
2019,FRE,operating_cash_flow,587,587,0,0
2019,FRE,financial_debt,587,587,0,0
2019,FRE,capital_social,587,587,0,0
2019,FRE,equity,587,587,0,0
2019,FRE,net_debt,587,587,0,0
2019,FRE,shares_outstanding,587,587,586,586
2019,FRE,shares_on,587,587,586,586
2019,FRE,shares_pn,587,587,586,586
2019,FRE,net_income_ttm,587,587,0,0
2019,ITR,revenue,1822,620,1819,620
2019,ITR,net_income,1822,620,1819,620
2019,ITR,ebitda,1822,620,1701,580
2019,ITR,total_assets,1822,620,1822,620
2019,ITR,current_assets,1822,620,1808,615
2019,ITR,current_liabilities,1822,620,1808,615
2019,ITR,operating_cash_flow,1822,620,1812,620
2019,ITR,financial_debt,1822,620,1815,618
2019,ITR,capital_social,1822,620,1822,620
2019,ITR,equity,1822,620,1822,620
2019,ITR,net_debt,1822,620,1819,619
2019,ITR,shares_outstanding,1822,620,1736,595
2019,ITR,shares_on,1822,620,1736,595
2019,ITR,shares_pn,1822,620,1736,595
2019,ITR,net_income_ttm,1822,620,1658,581
2020,DFP,revenue,733,731,733,731
2020,DFP,net_income,733,731,733,731
2020,DFP,ebitda,733,731,697,695
2020,DFP,total_assets,733,731,733,731
2020,DFP,current_assets,733,731,707,705
2020,DFP,current_liabilities,733,731,707,705
2020,DFP,operating_cash_flow,733,731,733,731
2020,DFP,financial_debt,733,731,728,726
2020,DFP,capital_social,733,731,722,720
2020,DFP,equity,733,731,733,731
2020,DFP,net_debt,733,731,730,728
2020,DFP,shares_outstanding,733,731,600,599
2020,DFP,shares_on,733,731,600,599
2020,DFP,shares_pn,733,731,600,599
2020,DFP,net_income_ttm,733,731,733,731
2020,FRE,revenue,636,634,0,0
2020,FRE,net_income,636,634,0,0
2020,FRE,ebitda,636,634,0,0
2020,FRE,total_assets,636,634,0,0
2020,FRE,current_assets,636,634,0,0
2020,FRE,current_liabilities,636,634,0,0
2020,FRE,operating_cash_flow,636,634,0,0
2020,FRE,financial_debt,636,634,0,0
2020,FRE,capital_social,636,634,0,0
2020,FRE,equity,636,634,0,0
2020,FRE,net_debt,636,634,0,0
2020,FRE,shares_outstanding,636,634,635,633
2020,FRE,shares_on,636,634,635,633
2020,FRE,shares_pn,636,634,635,633
2020,FRE,net_income_ttm,636,634,0,0
2020,ITR,revenue,1968,666,1967,666
2020,ITR,net_income,1968,666,1967,666
2020,ITR,ebitda,1968,666,1857,629
2020,ITR,total_assets,1968,666,1967,666
2020,ITR,current_assets,1968,666,1941,661
2020,ITR,current_liabilities,1968,666,1942,661
2020,ITR,operating_cash_flow,1968,666,1959,666
2020,ITR,financial_debt,1968,666,1959,664
2020,ITR,capital_social,1968,666,1967,666
2020,ITR,equity,1968,666,1968,666
2020,ITR,net_debt,1968,666,1962,665
2020,ITR,shares_outstanding,1968,666,1747,597
2020,ITR,shares_on,1968,666,1747,597
2020,ITR,shares_pn,1968,666,1747,597
2020,ITR,net_income_ttm,1968,666,1688,580
2021,DFP,revenue,771,765,770,764
2021,DFP,net_income,771,765,771,765
2021,DFP,ebitda,771,765,733,727
2021,DFP,total_assets,771,765,771,765
2021,DFP,current_assets,771,765,742,736
2021,DFP,current_liabilities,771,765,742,736
2021,DFP,operating_cash_flow,771,765,771,765
2021,DFP,financial_debt,771,765,764,758
2021,DFP,capital_social,771,765,757,751
2021,DFP,equity,771,765,771,765
2021,DFP,net_debt,771,765,766,760
2021,DFP,shares_outstanding,771,765,674,674
2021,DFP,shares_on,771,765,674,674
2021,DFP,shares_pn,771,765,674,674
2021,DFP,net_income_ttm,771,765,770,765
2021,FRE,revenue,729,719,0,0
2021,FRE,net_income,729,719,0,0
2021,FRE,ebitda,729,719,0,0
2021,FRE,total_assets,729,719,0,0
2021,FRE,current_assets,729,719,0,0
2021,FRE,current_liabilities,729,719,0,0
2021,FRE,operating_cash_flow,729,719,0,0
2021,FRE,financial_debt,729,719,0,0
2021,FRE,capital_social,729,719,0,0
2021,FRE,equity,729,719,0,0
2021,FRE,net_debt,729,719,0,0
2021,FRE,shares_outstanding,729,719,728,718
2021,FRE,shares_on,729,719,728,718
2021,FRE,shares_pn,729,719,728,718
2021,FRE,net_income_ttm,729,719,0,0
2021,ITR,revenue,2212,751,2208,751
2021,ITR,net_income,2212,751,2209,751
2021,ITR,ebitda,2212,751,2105,717
2021,ITR,total_assets,2212,751,2211,751
2021,ITR,current_assets,2212,751,2149,733
2021,ITR,current_liabilities,2212,751,2149,733
2021,ITR,operating_cash_flow,2212,751,2178,751
2021,ITR,financial_debt,2212,751,2203,750
2021,ITR,capital_social,2212,751,2202,749
2021,ITR,equity,2212,751,2211,751
2021,ITR,net_debt,2212,751,2208,751
2021,ITR,shares_outstanding,2212,751,1929,664
2021,ITR,shares_on,2212,751,1929,664
2021,ITR,shares_pn,2212,751,1929,664
2021,ITR,net_income_ttm,2212,751,1864,639
2022,DFP,revenue,731,729,731,729
2022,DFP,net_income,731,729,731,729
2022,DFP,ebitda,731,729,694,692
2022,DFP,total_assets,731,729,731,729
2022,DFP,current_assets,731,729,700,698
2022,DFP,current_liabilities,731,729,700,698
2022,DFP,operating_cash_flow,731,729,731,729
2022,DFP,financial_debt,731,729,725,723
2022,DFP,capital_social,731,729,716,714
2022,DFP,equity,731,729,731,729
2022,DFP,net_debt,731,729,727,725
2022,DFP,shares_outstanding,731,729,688,687
2022,DFP,shares_on,731,729,688,687
2022,DFP,shares_pn,731,729,688,687
2022,DFP,net_income_ttm,731,729,731,729
2022,FRE,revenue,733,730,0,0
2022,FRE,net_income,733,730,0,0
2022,FRE,ebitda,733,730,0,0
2022,FRE,total_assets,733,730,0,0
2022,FRE,current_assets,733,730,0,0
2022,FRE,current_liabilities,733,730,0,0
2022,FRE,operating_cash_flow,733,730,0,0
2022,FRE,financial_debt,733,730,0,0
2022,FRE,capital_social,733,730,0,0
2022,FRE,equity,733,730,0,0
2022,FRE,net_debt,733,730,0,0
2022,FRE,shares_outstanding,733,730,732,729
2022,FRE,shares_on,733,730,732,729
2022,FRE,shares_pn,733,730,732,729
2022,FRE,net_income_ttm,733,730,0,0
2022,ITR,revenue,2216,763,2216,763
2022,ITR,net_income,2216,763,2216,763
2022,ITR,ebitda,2216,763,2104,725
2022,ITR,total_assets,2216,763,2216,763
2022,ITR,current_assets,2216,763,2124,735
2022,ITR,current_liabilities,2216,763,2124,735
2022,ITR,operating_cash_flow,2216,763,2180,763
2022,ITR,financial_debt,2216,763,2199,759
2022,ITR,capital_social,2216,763,2181,752
2022,ITR,equity,2216,763,2216,763
2022,ITR,net_debt,2216,763,2202,760
2022,ITR,shares_outstanding,2216,763,2084,728
2022,ITR,shares_on,2216,763,2084,728
2022,ITR,shares_pn,2216,763,2084,728
2022,ITR,net_income_ttm,2216,763,1997,702
2023,DFP,revenue,733,732,733,732
2023,DFP,net_income,733,732,733,732
2023,DFP,ebitda,733,732,697,696
2023,DFP,total_assets,733,732,733,732
2023,DFP,current_assets,733,732,704,703
2023,DFP,current_liabilities,733,732,704,703
2023,DFP,operating_cash_flow,733,732,733,732
2023,DFP,financial_debt,733,732,728,727
2023,DFP,capital_social,733,732,719,718
2023,DFP,equity,733,732,733,732
2023,DFP,net_debt,733,732,730,729
2023,DFP,shares_outstanding,733,732,697,696
2023,DFP,shares_on,733,732,697,696
2023,DFP,shares_pn,733,732,697,696
2023,DFP,net_income_ttm,733,732,733,732
2023,FRE,revenue,693,693,0,0
2023,FRE,net_income,693,693,0,0
2023,FRE,ebitda,693,693,0,0
2023,FRE,total_assets,693,693,0,0
2023,FRE,current_assets,693,693,0,0
2023,FRE,current_liabilities,693,693,0,0
2023,FRE,operating_cash_flow,693,693,0,0
2023,FRE,financial_debt,693,693,0,0
2023,FRE,capital_social,693,693,0,0
2023,FRE,equity,693,693,0,0
2023,FRE,net_debt,693,693,0,0
2023,FRE,shares_outstanding,693,693,691,691
2023,FRE,shares_on,693,693,691,691
2023,FRE,shares_pn,693,693,691,691
2023,FRE,net_income_ttm,693,693,0,0
2023,ITR,revenue,2155,727,2155,727
2023,ITR,net_income,2155,727,2155,727
2023,ITR,ebitda,2155,727,2043,692
2023,ITR,total_assets,2155,727,2155,727
2023,ITR,current_assets,2155,727,2066,697
2023,ITR,current_liabilities,2155,727,2066,697
2023,ITR,operating_cash_flow,2155,727,2128,727
2023,ITR,financial_debt,2155,727,2141,722
2023,ITR,capital_social,2155,727,2114,713
2023,ITR,equity,2155,727,2155,727
2023,ITR,net_debt,2155,727,2147,724
2023,ITR,shares_outstanding,2155,727,2069,702
2023,ITR,shares_on,2155,727,2069,702
2023,ITR,shares_pn,2155,727,2069,702
2023,ITR,net_income_ttm,2155,727,1958,683
2024,DFP,revenue,709,709,709,709
2024,DFP,net_income,709,709,709,709
2024,DFP,ebitda,709,709,679,679
2024,DFP,total_assets,709,709,709,709
2024,DFP,current_assets,709,709,684,684
2024,DFP,current_liabilities,709,709,684,684
2024,DFP,operating_cash_flow,709,709,709,709
2024,DFP,financial_debt,709,709,703,703
2024,DFP,capital_social,709,709,699,699
2024,DFP,equity,709,709,709,709
2024,DFP,net_debt,709,709,705,705
2024,DFP,shares_outstanding,709,709,683,683
2024,DFP,shares_on,709,709,683,683
2024,DFP,shares_pn,709,709,683,683
2024,DFP,net_income_ttm,709,709,709,709
2024,FRE,revenue,706,705,0,0
2024,FRE,net_income,706,705,0,0
2024,FRE,ebitda,706,705,0,0
2024,FRE,total_assets,706,705,0,0
2024,FRE,current_assets,706,705,0,0
2024,FRE,current_liabilities,706,705,0,0
2024,FRE,operating_cash_flow,706,705,0,0
2024,FRE,financial_debt,706,705,0,0
2024,FRE,capital_social,706,705,0,0
2024,FRE,equity,706,705,0,0
2024,FRE,net_debt,706,705,0,0
2024,FRE,shares_outstanding,706,705,704,703
2024,FRE,shares_on,706,705,704,703
2024,FRE,shares_pn,706,705,704,703
2024,FRE,net_income_ttm,706,705,0,0
2024,ITR,revenue,2154,728,2154,728
2024,ITR,net_income,2154,728,2154,728
2024,ITR,ebitda,2154,728,2058,696
2024,ITR,total_assets,2154,728,2154,728
2024,ITR,current_assets,2154,728,2074,702
2024,ITR,current_liabilities,2154,728,2074,702
2024,ITR,operating_cash_flow,2154,728,2129,728
2024,ITR,financial_debt,2154,728,2138,723
2024,ITR,capital_social,2154,728,2125,718
2024,ITR,equity,2154,728,2154,728
2024,ITR,net_debt,2154,728,2145,725
2024,ITR,shares_outstanding,2154,728,2066,700
2024,ITR,shares_on,2154,728,2066,700
2024,ITR,shares_pn,2154,728,2066,700
2024,ITR,net_income_ttm,2154,728,2000,685
2025,DFP,revenue,668,668,668,668
2025,DFP,net_income,668,668,668,668
2025,DFP,ebitda,668,668,644,644
2025,DFP,total_assets,668,668,668,668
2025,DFP,current_assets,668,668,646,646
2025,DFP,current_liabilities,668,668,646,646
2025,DFP,operating_cash_flow,668,668,668,668
2025,DFP,financial_debt,668,668,665,665
2025,DFP,capital_social,668,668,659,659
2025,DFP,equity,668,668,668,668
2025,DFP,net_debt,668,668,666,666
2025,DFP,shares_outstanding,668,668,655,655
2025,DFP,shares_on,668,668,655,655
2025,DFP,shares_pn,668,668,655,655
2025,DFP,net_income_ttm,668,668,668,668
2025,FRE,revenue,688,688,0,0
2025,FRE,net_income,688,688,0,0
2025,FRE,ebitda,688,688,0,0
2025,FRE,total_assets,688,688,0,0
2025,FRE,current_assets,688,688,0,0
2025,FRE,current_liabilities,688,688,0,0
2025,FRE,operating_cash_flow,688,688,0,0
2025,FRE,financial_debt,688,688,0,0
2025,FRE,capital_social,688,688,0,0
2025,FRE,equity,688,688,0,0
2025,FRE,net_debt,688,688,0,0
2025,FRE,shares_outstanding,688,688,687,687
2025,FRE,shares_on,688,688,687,687
2025,FRE,shares_pn,688,688,687,687
2025,FRE,net_income_ttm,688,688,0,0
2025,ITR,revenue,2075,708,2075,708
2025,ITR,net_income,2075,708,2075,708
2025,ITR,ebitda,2075,708,1991,678
2025,ITR,total_assets,2075,708,2075,708
2025,ITR,current_assets,2075,708,1998,681
2025,ITR,current_liabilities,2075,708,1998,681
2025,ITR,operating_cash_flow,2075,708,2055,708
2025,ITR,financial_debt,2075,708,2065,704
2025,ITR,capital_social,2075,708,2044,697
2025,ITR,equity,2075,708,2075,708
2025,ITR,net_debt,2075,708,2069,706
2025,ITR,shares_outstanding,2075,708,2025,693
2025,ITR,shares_on,2075,708,2025,693
2025,ITR,shares_pn,2075,708,2025,693
2025,ITR,net_income_ttm,2075,708,1971,679
2026,DFP,revenue,9,9,9,9
2026,DFP,net_income,9,9,9,9
2026,DFP,ebitda,9,9,9,9
2026,DFP,total_assets,9,9,9,9
2026,DFP,current_assets,9,9,9,9
2026,DFP,current_liabilities,9,9,9,9
2026,DFP,operating_cash_flow,9,9,9,9
2026,DFP,financial_debt,9,9,9,9
2026,DFP,capital_social,9,9,9,9
2026,DFP,equity,9,9,9,9
2026,DFP,net_debt,9,9,9,9
2026,DFP,shares_outstanding,9,9,9,9
2026,DFP,shares_on,9,9,9,9
2026,DFP,shares_pn,9,9,9,9
2026,DFP,net_income_ttm,9,9,9,9
2026,FRE,revenue,643,643,0,0
2026,FRE,net_income,643,643,0,0
2026,FRE,ebitda,643,643,0,0
2026,FRE,total_assets,643,643,0,0
2026,FRE,current_assets,643,643,0,0
2026,FRE,current_liabilities,643,643,0,0
2026,FRE,operating_cash_flow,643,643,0,0
2026,FRE,financial_debt,643,643,0,0
2026,FRE,capital_social,643,643,0,0
2026,FRE,equity,643,643,0,0
2026,FRE,net_debt,643,643,0,0
2026,FRE,shares_outstanding,643,643,642,642
2026,FRE,shares_on,643,643,642,642
2026,FRE,shares_pn,643,643,642,642
2026,FRE,net_income_ttm,643,643,0,0
2026,ITR,revenue,1269,644,1269,644
2026,ITR,net_income,1269,644,1269,644
2026,ITR,ebitda,1269,644,1225,622
2026,ITR,total_assets,1269,644,1269,644
2026,ITR,current_assets,1269,644,1227,623
2026,ITR,current_liabilities,1269,644,1227,623
2026,ITR,operating_cash_flow,1269,644,1263,644
2026,ITR,financial_debt,1269,644,1262,641
2026,ITR,capital_social,1269,644,1255,637
2026,ITR,equity,1269,644,1269,644
2026,ITR,net_debt,1269,644,1265,642
2026,ITR,shares_outstanding,1269,644,1256,639
2026,ITR,shares_on,1269,644,1256,639
2026,ITR,shares_pn,1269,644,1256,639
2026,ITR,net_income_ttm,1269,644,1247,638
